source,original_split,original_stem,assigned_split
patok_v2,train,cardriver112_jpeg_jpg.rf.0c37198255cb8175e4673d30a3e4a9b8,train
patok_v2,train,cardriver112_jpeg_jpg.rf.0f680cf19fb33146af27680db91f05f7,train
patok_v2,train,cardriver112_jpeg_jpg.rf.14b215de08097bdbdb0e1fee4f6183f9,train
patok_v2,train,cardriver112_jpeg_jpg.rf.182db5412cb6ff6a8035b6000123a276,test
patok_v2,train,cardriver112_jpeg_jpg.rf.20ae47ce18e4556e415e81b00e7a9536,test
patok_v2,train,cardriver112_jpeg_jpg.rf.25a7bf80bcf549ae97ea6a164a9d354f,train
patok_v2,train,cardriver112_jpeg_jpg.rf.308848bbaaa6a983640da76ac46fedef,train
patok_v2,train,cardriver112_jpeg_jpg.rf.431e01ec687ebd2b4b0f392c985e9bc6,train
patok_v2,train,cardriver112_jpeg_jpg.rf.43e054c6251db41e64114c2a2629993b,train
patok_v2,train,cardriver112_jpeg_jpg.rf.447a7f8a1e7fab27be15d45c9eed2e9e,train
patok_v2,train,cardriver112_jpeg_jpg.rf.469ea15059527b969a49bcb7266698c8,valid
patok_v2,train,cardriver112_jpeg_jpg.rf.4d0e5a3251fe5a92dd63277188a055b4,train
patok_v2,train,cardriver112_jpeg_jpg.rf.4e679dd92b203bd8eb5b0dfd89921c6f,train
patok_v2,train,cardriver112_jpeg_jpg.rf.624fa5234f777ec5f3551e192a332463,test
patok_v2,train,cardriver112_jpeg_jpg.rf.726ceda54784a2aaa4dc621853a97e1d,train
patok_v2,train,cardriver112_jpeg_jpg.rf.7d8841be525e6bf478b79b076ec24c4b,train
patok_v2,train,cardriver112_jpeg_jpg.rf.9927db7a6de9f9bf6675ad81eb71a06b,train
patok_v2,train,cardriver112_jpeg_jpg.rf.a0daf06eec51d9d53d8e5e240c19b601,test
patok_v2,train,cardriver112_jpeg_jpg.rf.a7c714c6e46a79d02f5eba4ecd1bfd05,train
patok_v2,train,cardriver112_jpeg_jpg.rf.aa8c3990299b15a8ed4018244e58f660,train
patok_v2,train,cardriver112_jpeg_jpg.rf.bda9c09555fda51a24bb7fe4923aec80,train
patok_v2,train,cardriver112_jpeg_jpg.rf.c4f9b037a43d330d63375e0bd14f924e,train
patok_v2,train,cardriver112_jpeg_jpg.rf.c94fbe29df8c8107933f9cf31c30749b,train
patok_v2,train,cardriver112_jpeg_jpg.rf.f5030ce4677d5429a8af2c8f9607e17a,train
patok_v2,train,cardriver120_jpeg_jpg.rf.04f1d5fc4c91d405173cd2d095baf202,train
patok_v2,train,cardriver120_jpeg_jpg.rf.346745a08ddf2ee7de20ca6588ab5c6f,train
patok_v2,train,cardriver120_jpeg_jpg.rf.35eb77a9ab6176ba2177b9e2830b0f3d,test
patok_v2,train,cardriver120_jpeg_jpg.rf.3758525a2996d7616ae9533220bce1cd,train
patok_v2,train,cardriver120_jpeg_jpg.rf.382e2cdbd2899949d583a95499d7293b,train
patok_v2,train,cardriver120_jpeg_jpg.rf.6e7517f8bee87481c60cab381e9113b6,test
patok_v2,train,cardriver120_jpeg_jpg.rf.7dfe13c764de90b44d43e0204b24f73c,train
patok_v2,train,cardriver120_jpeg_jpg.rf.9dbbea0e58547b129247715f68ff63d2,train
patok_v2,train,cardriver120_jpeg_jpg.rf.be4622e63037d97c4ed97a1a1beaf4cd,train
patok_v2,train,cardriver120_jpeg_jpg.rf.beefab0a5770bcd87626a3e2a9edd4ae,train
patok_v2,train,cardriver120_jpeg_jpg.rf.d72cdddca9447d88a2fbfba67a192b6d,train
patok_v2,train,cardriver120_jpeg_jpg.rf.db49c55fc3a481f4e1b7ff7dbae68cf9,train
patok_v2,train,cardriver120_jpeg_jpg.rf.e0cedd77ec85e932c8220de52527d53b,train
patok_v2,train,cardriver120_jpeg_jpg.rf.f64e5f57a46f89ae2e52bced6ba8e081,train
patok_v2,train,cardriver124_jpeg_jpg.rf.01a0ef32a5f9733766750fff72ad97c4,train
patok_v2,train,cardriver124_jpeg_jpg.rf.19e104d7cb9fb12533086518319b5750,train
patok_v2,train,cardriver124_jpeg_jpg.rf.2dcb83c7f4e0023a71b0581d519d82d8,train
patok_v2,train,cardriver124_jpeg_jpg.rf.581ec114eb692fe049d654629bbdf4c6,valid
patok_v2,train,cardriver125_jpeg_jpg.rf.8bca4a9a58dfeac7f6f3789887e8256e,train
patok_v2,train,cardriver125_jpeg_jpg.rf.9661542c20adb4744238cd07a74d846a,train
patok_v2,train,cardriver125_jpeg_jpg.rf.b95dbb458e0fc61487c66f08482fb63e,train
patok_v2,train,cardriver125_jpeg_jpg.rf.d9c5655060e77953442ad6fb431de442,test
patok_v2,train,cardriver131_jpeg_jpg.rf.077195a320da146c44baf1383edf8eb6,train
patok_v2,train,cardriver131_jpeg_jpg.rf.1ff0661ea63f2c3044b9c431a8a2c101,train
patok_v2,train,cardriver131_jpeg_jpg.rf.37b113d6829e32f8380628543ebd8a1d,valid
patok_v2,train,cardriver131_jpeg_jpg.rf.4860aa47c930c5019afc56f2e6c58a59,train
patok_v2,train,cardriver131_jpeg_jpg.rf.4cdd8e691cb7c1309886c33361f4df34,valid
patok_v2,train,cardriver131_jpeg_jpg.rf.6e2f1e24716d401e6adca7a6cd7f374c,train
patok_v2,train,cardriver131_jpeg_jpg.rf.7462b44c4fe651694f25408a9dbf6949,train
patok_v2,train,cardriver131_jpeg_jpg.rf.89d80f448cc2f1f1ecc7fd5e23482e15,test
patok_v2,train,cardriver131_jpeg_jpg.rf.aa9dd69d9c2f73d7a86d0170620601cc,train
patok_v2,train,cardriver131_jpeg_jpg.rf.d6d6c33c789dd73037ad68cb6a1ffb2b,train
patok_v2,train,cardriver131_jpeg_jpg.rf.d959c8b9276cb37b2295a23ce04ea18c,train
patok_v2,train,cardriver131_jpeg_jpg.rf.de2da4770fef34664755603fdc842e6f,valid
patok_v2,train,cardriver139_jpeg_jpg.rf.034dde2418918d4f34c63d7c773262db,test
patok_v2,train,cardriver139_jpeg_jpg.rf.61be65f8da8136b88dace96443374dea,train
patok_v2,train,cardriver139_jpeg_jpg.rf.72f2fb9438053cb2dada29cb44e714ce,train
patok_v2,train,cardriver139_jpeg_jpg.rf.7d7fbf0307d3c4f890ff073cda987666,train
patok_v2,train,cardriver150_jpeg_jpg.rf.1c03b8a32613cdbf4fe83a7b7578082b,train
patok_v2,train,cardriver150_jpeg_jpg.rf.6448cf081487a034d4e2238746875cb7,train
patok_v2,train,cardriver150_jpeg_jpg.rf.8bbe1f1f5aec4914edb6cf0eea8f6572,test
patok_v2,train,cardriver150_jpeg_jpg.rf.f240cbee7738287ed525a1ed25a2d95c,train
patok_v2,train,cardriver151_jpeg_jpg.rf.8984de7fd81e199b329a308122a41bfc,train
patok_v2,train,cardriver151_jpeg_jpg.rf.aa8f83f662538122ba86ee31fd9f8c3a,train
patok_v2,train,cardriver151_jpeg_jpg.rf.b493f8cc7e6a4ec6bd10e477d8d5f745,train
patok_v2,train,cardriver151_jpeg_jpg.rf.ee617ae95d2584ddbfe035c19d0305f1,train
patok_v2,train,cardriver152_jpeg_jpg.rf.09dc9f242563fe0442185baf170f842b,valid
patok_v2,train,cardriver152_jpeg_jpg.rf.0bd207092a48aec078d9aff0055d4ff9,train
patok_v2,train,cardriver152_jpeg_jpg.rf.3c19627b726262907541e86d939be7e7,train
patok_v2,train,cardriver152_jpeg_jpg.rf.4af4544ff3117d46de48c28db8020a50,train
patok_v2,train,cardriver152_jpeg_jpg.rf.7f3a02f0adc76f4207fa1f73e0c37d59,train
patok_v2,train,cardriver152_jpeg_jpg.rf.7f76a2a99e095e6b2f47a59e95208047,train
patok_v2,train,cardriver152_jpeg_jpg.rf.8056922b63937f2fa413c4ded8ff6006,test
patok_v2,train,cardriver152_jpeg_jpg.rf.813ba78b9b2cd9b719c5116710db0f50,train
patok_v2,train,cardriver152_jpeg_jpg.rf.8242da9b19c6f018d54e5b7f69eed800,train
patok_v2,train,cardriver152_jpeg_jpg.rf.9b46171d92ac3affe15d62267571a8fe,test
patok_v2,train,cardriver152_jpeg_jpg.rf.9dc302d4d1050f43a63472c2d38a7597,train
patok_v2,train,cardriver152_jpeg_jpg.rf.a160d6dab604e1e8daab2059daa893b1,train
patok_v2,train,cardriver152_jpeg_jpg.rf.e4ee04a55c4a6aba6cc752cba3d749d7,train
patok_v2,train,cardriver152_jpeg_jpg.rf.f76c683591d4370d082656dd5140e35f,train
patok_v2,train,cardriver162_jpeg_jpg.rf.258b2de4fea2447018a20f7803492ea7,valid
patok_v2,train,cardriver162_jpeg_jpg.rf.2c5acb01b7363a54ad2361d7ada69543,train
patok_v2,train,cardriver162_jpeg_jpg.rf.34e3ae58a6ce94d72fe3f64a87f53e34,train
patok_v2,train,cardriver162_jpeg_jpg.rf.546ec67ffe943c896f483e04eb3cf1ae,train
patok_v2,train,cardriver162_jpeg_jpg.rf.5a22ecb7dcd1948f6f794bc9a6de374b,train
patok_v2,train,cardriver162_jpeg_jpg.rf.64e1ee7ba4040f99b4ddb66c75372314,train
patok_v2,train,cardriver162_jpeg_jpg.rf.69f3037a5a624ba578149078218644ab,train
patok_v2,train,cardriver162_jpeg_jpg.rf.6d5789a7dd3a1f4f53899a28709e49f7,train
patok_v2,train,cardriver162_jpeg_jpg.rf.8c4dc769e768808183a0d8e73a6c3ff1,train
patok_v2,train,cardriver162_jpeg_jpg.rf.9501b34df6d20cccd28f41d7f80f2049,train
patok_v2,train,cardriver162_jpeg_jpg.rf.a4b1917aa301056fb23b9e4d0cdc389b,test
patok_v2,train,cardriver162_jpeg_jpg.rf.af130dbcd369967d0b5be793e82ce777,train
patok_v2,train,cardriver162_jpeg_jpg.rf.c949ec2c281534579cc07701ed5dfc3a,train
patok_v2,train,cardriver162_jpeg_jpg.rf.d95adba189a310f7a2e442f66801aa5a,train
patok_v2,train,cardriver21_jpeg_jpg.rf.18061ae84e3cca5cee62f18ed098ece9,train
patok_v2,train,cardriver21_jpeg_jpg.rf.d54c1da9730c6f22ffe3b1a8288972a6,train
patok_v2,train,cardriver32_jpeg_jpg.rf.6949c122c15062f612461b0d57ac8c70,train
patok_v2,train,cardriver32_jpeg_jpg.rf.a67ffe46f4621a0e959b0ff77ad559cb,train
patok_v2,train,cardriver32_jpeg_jpg.rf.e9a2dd524347ba23645ddd987f53d508,train
patok_v2,train,cardriver32_jpeg_jpg.rf.fc9d0cf44d57760dbc425cd4a72d3f7c,valid
patok_v2,train,cardriver36_jpeg_jpg.rf.15cc0bd1a9d011a1cbf37e98a0c7b99c,train
patok_v2,train,cardriver36_jpeg_jpg.rf.1d28d035ebbdf6891f6b9e6be9cffe74,valid
patok_v2,train,cardriver36_jpeg_jpg.rf.1f3582ac57041c44655eb0d36c0e73f7,train
patok_v2,train,cardriver36_jpeg_jpg.rf.28ca6a455efa07b1b2e18660a85453dc,train
patok_v2,train,cardriver36_jpeg_jpg.rf.2de133d2d56ec42808039aec60f1c49f,train
patok_v2,train,cardriver36_jpeg_jpg.rf.66500e58daa0e0fe4528d0ec5db50914,train
patok_v2,train,cardriver36_jpeg_jpg.rf.86bb40438d353ab3005876e72d30c371,train
patok_v2,train,cardriver36_jpeg_jpg.rf.997f4a90e4d500f8b5eb5049612e8873,train
patok_v2,train,cardriver36_jpeg_jpg.rf.affc2acc1a1915d412b9cbd913909ccb,train
patok_v2,train,cardriver36_jpeg_jpg.rf.b37a1e8fd4b7ff270b588c146b54bf08,train
patok_v2,train,cardriver36_jpeg_jpg.rf.c90b6f7135526a6382563a197412c156,train
patok_v2,train,cardriver36_jpeg_jpg.rf.cd03ba985332a11b2fe4700226486d6a,train
patok_v2,train,cardriver3_jpeg_jpg.rf.1ae083d3b8dc07d191066b2c7949c6c2,train
patok_v2,train,cardriver3_jpeg_jpg.rf.219520011d36338384efccb8987b4831,valid
patok_v2,train,cardriver3_jpeg_jpg.rf.2e75d71036a0f1a92c42ee92563f3b14,train
patok_v2,train,cardriver3_jpeg_jpg.rf.4620b066bc99fd354066af04b85fafc1,train
patok_v2,train,cardriver3_jpeg_jpg.rf.86c3106f95611c29d19a69e8c187247c,test
patok_v2,train,cardriver3_jpeg_jpg.rf.8715ae9c814dffcac172fb263af4e978,train
patok_v2,train,cardriver3_jpeg_jpg.rf.8875073fedd18cb814a3ff47d329363d,train
patok_v2,train,cardriver3_jpeg_jpg.rf.9621bad16c67d55528141fc499d248bd,train
patok_v2,train,cardriver3_jpeg_jpg.rf.de3ee0b70e2ba6b78b1f49f20dbd3bd1,train
patok_v2,train,cardriver3_jpeg_jpg.rf.e50ad0bb392abde222ab77802e1a59f0,train
patok_v2,train,cardriver3_jpeg_jpg.rf.fb993245197a5ec2917501e656e80733,train
patok_v2,train,cardriver3_jpeg_jpg.rf.fc76b8d6f09728f80905246427d5e07a,train
patok_v2,train,cardriver4_jpeg_jpg.rf.2c46904f2149a7c02745f3a6290bee86,train
patok_v2,train,cardriver4_jpeg_jpg.rf.55666fdf0ee77428f0bd67de663ed032,train
patok_v2,train,cardriver4_jpeg_jpg.rf.648e886dd94fb5a187025626577f0e3b,train
patok_v2,train,cardriver4_jpeg_jpg.rf.9d6fd11457fde04a9df0b8b36db98602,train
patok_v2,train,cardriver4_jpeg_jpg.rf.9e770c3aaf39440f6b49804533d5a02b,train
patok_v2,train,cardriver4_jpeg_jpg.rf.a6b63edef6629e339888b3bc0f35f625,valid
patok_v2,train,cardriver4_jpeg_jpg.rf.d58f6c499297d56e19ecaf09b9432b7a,train
patok_v2,train,cardriver4_jpeg_jpg.rf.d7708423daccedcbd3bf81896e9cd7d4,train
patok_v2,train,cardriver64_jpeg_jpg.rf.063faafb61cbc6feef46d70546edcbf3,train
patok_v2,train,cardriver64_jpeg_jpg.rf.78f843b147c8db6a0b74eefb0206b9aa,train
patok_v2,train,cardriver78_jpeg_jpg.rf.0672125045d7f96c4e562556f1f11c11,train
patok_v2,train,cardriver78_jpeg_jpg.rf.1300aa681d993f0608581ea01c779013,train
patok_v2,train,cardriver78_jpeg_jpg.rf.19d0f845091e03aa56688a23d21799b6,train
patok_v2,train,cardriver78_jpeg_jpg.rf.1c54a00c449ba1fac21d6a7ebd4ad6b7,train
patok_v2,train,cardriver78_jpeg_jpg.rf.86f41ed9ad1df5bb4b8221598e3fd90b,train
patok_v2,train,cardriver78_jpeg_jpg.rf.8cec3794af6158adf93fdf4a4f52e5ea,train
patok_v2,train,cardriver78_jpeg_jpg.rf.912705caabd46c2fb646be35878db74f,train
patok_v2,train,cardriver78_jpeg_jpg.rf.d236a6137c76453b7296d9a2bec5aece,train
patok_v2,train,cardriver78_jpeg_jpg.rf.d7092806de84d326adbe63c51c4ee9ba,train
patok_v2,train,cardriver78_jpeg_jpg.rf.debece8937afae43dd5d1b19f6abd210,train
patok_v2,train,cardriver78_jpeg_jpg.rf.dff9f80f74a3b98ab8e6289a714b43c2,train
patok_v2,train,cardriver78_jpeg_jpg.rf.e56dbf878563d7db6666ebea0230ba34,train
patok_v2,train,cardriver78_jpeg_jpg.rf.f2ed7a785ebc3eb4a9e71f19511a4319,train
patok_v2,train,cardriver78_jpeg_jpg.rf.fe188aad98f8a390e1eebed06ae03359,train
patok_v2,train,cardriver85_jpeg_jpg.rf.03b87c2441122707e3c8f38ea8acff47,train
patok_v2,train,cardriver85_jpeg_jpg.rf.0a641f5ac6f48f3287d765716969e366,train
patok_v2,train,cardriver85_jpeg_jpg.rf.0b271d47e1aadeba062d27286bdd590a,train
patok_v2,train,cardriver85_jpeg_jpg.rf.0c3976276437be8e2edfbbfbad102509,train
patok_v2,train,cardriver85_jpeg_jpg.rf.0f1066eea6b0e5c345571a24b5b1b072,train
patok_v2,train,cardriver85_jpeg_jpg.rf.1067c824ff96e789315944417a5ca15d,train
patok_v2,train,cardriver85_jpeg_jpg.rf.1ba14de9f3ff8336101bbe9589f856f5,valid
patok_v2,train,cardriver85_jpeg_jpg.rf.41e12d5f03b1cb4eaea623c79f2d9c38,test
patok_v2,train,cardriver85_jpeg_jpg.rf.49eafa030536f4d1d5b5eea481c5e86e,valid
patok_v2,train,cardriver85_jpeg_jpg.rf.5fa7d431e7a260726b8a8e8b7206050a,train
patok_v2,train,cardriver85_jpeg_jpg.rf.698f2e525aeac51eeafc9660e4663505,train
patok_v2,train,cardriver85_jpeg_jpg.rf.6c4a0fce06351149a00c7bbc447dba5b,valid
patok_v2,train,cardriver85_jpeg_jpg.rf.72d16129d8507015c6cb8d5386cd4e13,valid
patok_v2,train,cardriver85_jpeg_jpg.rf.7a57eff571d5b67d0f018d2a40d6ddbf,train
patok_v2,train,cardriver85_jpeg_jpg.rf.7dcdfd1bbe731d0b49ab312abbf97a21,valid
patok_v2,train,cardriver85_jpeg_jpg.rf.a208014c53caab8f7d2ca43fffe60c63,train
patok_v2,train,cardriver85_jpeg_jpg.rf.b97ebc11dad56baa537fb72457a6f024,train
patok_v2,train,cardriver85_jpeg_jpg.rf.fa75fc51c6b0b8cb06ca6f0e5b204412,train
patok_v2,train,cardriver92_jpeg_jpg.rf.019bbe2becd45b91161066ed6f50a30c,train
patok_v2,train,cardriver92_jpeg_jpg.rf.2bc1a3f9119b75470be2b0ae6ba4c9b4,train
patok_v2,train,cardriver92_jpeg_jpg.rf.364ef6bbd682df56559088f14c0e68e6,test
patok_v2,train,cardriver92_jpeg_jpg.rf.5fe8c38a9c4bfcd221266cf0311ea62c,train
patok_v2,train,cardriver92_jpeg_jpg.rf.610dcc07d1baf4b1e2e5008495dbfbbf,train
patok_v2,train,cardriver92_jpeg_jpg.rf.aa5fe9c9224fdab6298be8393d5986ec,train
patok_v2,train,cardriver92_jpeg_jpg.rf.b029e897b21a7cb3b7bc0bc4ae96d132,train
patok_v2,train,cardriver92_jpeg_jpg.rf.c757226dc881794969923bbc05f0d4ea,train
patok_v2,train,cardriver92_jpeg_jpg.rf.e05143e95e5ed96bf6d40a51e8ef03a2,train
patok_v2,train,cardriver92_jpeg_jpg.rf.e290e700e2c9b5c678ffee99e6291cb8,train
patok_v2,train,carpassenger111_jpeg_jpg.rf.6cea237351ba20b6543c2a34d8b4e341,train
patok_v2,train,carpassenger111_jpeg_jpg.rf.aedf22bd227eebdb51ce77d5588bc3b9,train
patok_v2,train,carpassenger112_jpeg_jpg.rf.19f9ac4291df90047b16c7c6ed08bcdb,train
patok_v2,train,carpassenger112_jpeg_jpg.rf.2eecf4df65cb2d84b52f4830acec18fb,train
patok_v2,train,carpassenger112_jpeg_jpg.rf.2f587f060f4a164bf1278deba63ff0ba,train
patok_v2,train,carpassenger112_jpeg_jpg.rf.597d08802d4d42068459cb129fcbc230,train
patok_v2,train,carpassenger112_jpeg_jpg.rf.76a401f3e52843b5ab9603264418dcfe,valid
patok_v2,train,carpassenger112_jpeg_jpg.rf.843868e94b583e5ff69c169f8b48e58f,train
patok_v2,train,carpassenger112_jpeg_jpg.rf.96546d2a16bf7d3d7cdae337e2c65e50,train
patok_v2,train,carpassenger112_jpeg_jpg.rf.a5f0e57b58bb2b33ab15edf87b6850f4,train
patok_v2,train,carpassenger112_jpeg_jpg.rf.ad8690c8432c123f0f56c5dd305b3640,train
patok_v2,train,carpassenger112_jpeg_jpg.rf.b9b65a9f43cba28b8dc5338c8808a2eb,train
patok_v2,train,carpassenger112_jpeg_jpg.rf.c133c008e0514eafa9af0633468d3471,train
patok_v2,train,carpassenger112_jpeg_jpg.rf.cffa98626497f15d18324a67a04bf26a,test
patok_v2,train,carpassenger112_jpeg_jpg.rf.d1340d599a388b06a41e9673000324d3,train
patok_v2,train,carpassenger112_jpeg_jpg.rf.dd47f5a624bb0b7e73cebb2cfa114a04,train
patok_v2,train,carpassenger112_jpeg_jpg.rf.e16928636a84145be51a7d48d5149a4f,train
patok_v2,train,carpassenger112_jpeg_jpg.rf.ed0903dfe1280763ba12b18d006df4e4,train
patok_v2,train,carpassenger115_jpeg_jpg.rf.336453e9b35bba423de1d11278f03184,train
patok_v2,train,carpassenger115_jpeg_jpg.rf.c7cb1bbf960fa64dff9dc2923db4dd21,train
patok_v2,train,carpassenger116_jpeg_jpg.rf.06fa8b91147bb913d86f973b8fb16631,test
patok_v2,train,carpassenger116_jpeg_jpg.rf.1dbaf789c08b9a8768018793bd7d6964,train
patok_v2,train,carpassenger116_jpeg_jpg.rf.2362053d7dbaae2b0eb4a26a2ed875f1,train
patok_v2,train,carpassenger116_jpeg_jpg.rf.3ae78ac2a3342b063a67fa448a88bca9,test
patok_v2,train,carpassenger116_jpeg_jpg.rf.40eec77f313fd35d79e1386af9c3d3be,test
patok_v2,train,carpassenger116_jpeg_jpg.rf.4ab680ec8a757d24ed8332b87ac2aea1,train
patok_v2,train,carpassenger116_jpeg_jpg.rf.4e924968fdb26bbb9a8aaaf26a7bc4c9,train
patok_v2,train,carpassenger116_jpeg_jpg.rf.509572c4bf398b84d2a98c4921e73966,train
patok_v2,train,carpassenger116_jpeg_jpg.rf.58151b36106b715b82afcf0a4b213660,train
patok_v2,train,carpassenger116_jpeg_jpg.rf.64461c64c435a49a35973edf2eb5464b,train
patok_v2,train,carpassenger116_jpeg_jpg.rf.6b9f02be09bd6fa860e3438262ef401e,valid
patok_v2,train,carpassenger116_jpeg_jpg.rf.74befc7696f9870033e9fc4a60497719,train
patok_v2,train,carpassenger116_jpeg_jpg.rf.84a5c54d98ac4017ece083202d6f8fae,train
patok_v2,train,carpassenger116_jpeg_jpg.rf.88f5fea2c36f0bd9e773b6ba1380a9b3,train
patok_v2,train,carpassenger116_jpeg_jpg.rf.97c51511a5d2b74b5f0e11380c0d7049,train
patok_v2,train,carpassenger116_jpeg_jpg.rf.a5c7dede5198aeeac54c528f0471594b,train
patok_v2,train,carpassenger116_jpeg_jpg.rf.ca26e9db0114edea3ad6ca6b9c1d402c,train
patok_v2,train,carpassenger116_jpeg_jpg.rf.cfe32c33f3a2327bb915472f0c7f361c,test
patok_v2,train,carpassenger116_jpeg_jpg.rf.d2511cd0aa74125a86e6a564c7a7b82b,train
patok_v2,train,carpassenger116_jpeg_jpg.rf.d7c70b9f33b251d5cc46e2bf3e84e597,valid
patok_v2,train,carpassenger116_jpeg_jpg.rf.d997106e72cfb982312a0302be3b868c,valid
patok_v2,train,carpassenger116_jpeg_jpg.rf.dab87bff4a75ccbcede44103e0730afe,train
patok_v2,train,carpassenger117_jpeg_jpg.rf.d3099ec23faf50dc185ae54bc132a3bb,valid
patok_v2,train,carpassenger117_jpeg_jpg.rf.d546bd685d26cb5741935055f54ea80a,valid
patok_v2,train,carpassenger127_jpeg_jpg.rf.2fb3265c8bb543f9cc03244907f5c4b4,train
patok_v2,train,carpassenger127_jpeg_jpg.rf.37a311974d0455f8e9752f803590931b,train
patok_v2,train,carpassenger127_jpeg_jpg.rf.5c8e03bc91822b30d76c1afdd763d5d2,test
patok_v2,train,carpassenger127_jpeg_jpg.rf.b0ae2e3a478beba54e051cb0bebd9a2c,train
patok_v2,train,carpassenger12_jpeg_jpg.rf.5d0f43c6842e50318ea4725ab6ce6b04,train
patok_v2,train,carpassenger12_jpeg_jpg.rf.f0b29a17948ff9cb7a1ec3256271a7c9,train
patok_v2,train,carpassenger137_jpeg_jpg.rf.34807b5db2d20398daf0e3c18f76420d,train
patok_v2,train,carpassenger137_jpeg_jpg.rf.afc0d4757ab91a2d7bb8f71f51036962,train
patok_v2,train,carpassenger139_jpeg_jpg.rf.1c67777e249e5b9bae1e4ee1f35eb201,train
patok_v2,train,carpassenger139_jpeg_jpg.rf.61366d0eaf5ecbbe449b9cf25184040f,train
patok_v2,train,carpassenger139_jpeg_jpg.rf.928dfa7847082f93775ec9f71ef78723,train
patok_v2,train,carpassenger139_jpeg_jpg.rf.e1282fab9eb64819e0c006ec4d23a6e3,train
patok_v2,train,carpassenger143_jpeg_jpg.rf.62446aef6cc6f11bed5eb68584e52f8a,train
patok_v2,train,carpassenger143_jpeg_jpg.rf.d012832ce5e4e098ee45ba16476eda62,valid
patok_v2,train,carpassenger148_jpeg_jpg.rf.6c316847a0c7763860758e75202bb91e,train
patok_v2,train,carpassenger148_jpeg_jpg.rf.7d49913b7d8709874321043afbe6efaf,train
patok_v2,train,carpassenger14_jpeg_jpg.rf.461989e9cdd3cb24f1683d39023d6608,train
patok_v2,train,carpassenger14_jpeg_jpg.rf.67f5110a57947651be41b86cfc2eab04,train
patok_v2,train,carpassenger14_jpeg_jpg.rf.7f6b9899a2915ee1f5a91068dab63cfe,train
patok_v2,train,carpassenger14_jpeg_jpg.rf.8183ce1cbf25737e5df2878f5864c268,train
patok_v2,train,carpassenger150_jpeg_jpg.rf.d58751e2d5aa7ea229a7b41a2f9fd65b,test
patok_v2,train,carpassenger150_jpeg_jpg.rf.e9d21b06dab7703c823d26b3872095e8,train
patok_v2,train,carpassenger15_jpeg_jpg.rf.85bedb08eb75e000b30057a58295468f,valid
patok_v2,train,carpassenger15_jpeg_jpg.rf.ad85418ba4893ea1f21854c4adf604d8,train
patok_v2,train,carpassenger15_jpeg_jpg.rf.e3db0248da3dd4fdd716fee181312eef,train
patok_v2,train,carpassenger15_jpeg_jpg.rf.f101d756bc4230ce1a9ad9d92303634a,train
patok_v2,train,carpassenger161_jpeg_jpg.rf.0da7dc48de684059acb2b47c43867f60,train
patok_v2,train,carpassenger161_jpeg_jpg.rf.405aaee86af36363b9033a1ba170e2e5,train
patok_v2,train,carpassenger161_jpeg_jpg.rf.4e86caf32496664171205209e059e69c,train
patok_v2,train,carpassenger161_jpeg_jpg.rf.52fa0bc9036e34633cac0ffdad76e5d1,train
patok_v2,train,carpassenger161_jpeg_jpg.rf.55c8b785ec2f738570634e8db6f79ced,valid
patok_v2,train,carpassenger161_jpeg_jpg.rf.57e2c9eea66debe4053a3aa2ceb21cde,train
patok_v2,train,carpassenger161_jpeg_jpg.rf.69e99fc69869d6876c5f375a07357f20,train
patok_v2,train,carpassenger161_jpeg_jpg.rf.89e328b813e907146117f55c98139445,test
patok_v2,train,carpassenger161_jpeg_jpg.rf.c882b15326397be36314756f3b005d86,train
patok_v2,train,carpassenger161_jpeg_jpg.rf.eaad95db642966e2c6d5dd84247287e6,train
patok_v2,train,carpassenger161_jpeg_jpg.rf.f6b31027e5f4ec05f4253b76947789d4,test
patok_v2,train,carpassenger161_jpeg_jpg.rf.fbb59e3e52e1d6b0e0e2c60f7418b5a1,train
patok_v2,train,carpassenger163_jpeg_jpg.rf.1f4c73566c907a63b6c880c38da0c3be,test
patok_v2,train,carpassenger163_jpeg_jpg.rf.5086a503bf165825151b2982a195f0ca,train
patok_v2,train,carpassenger16_jpeg_jpg.rf.08230331e090c227d89817c63c30c656,train
patok_v2,train,carpassenger16_jpeg_jpg.rf.145b5c445100fbf6ec23d3cab9f08423,train
patok_v2,train,carpassenger16_jpeg_jpg.rf.9975372935c66bc9a2192247c2c2487b,train
patok_v2,train,carpassenger16_jpeg_jpg.rf.cc4fb6f36e70ffa0f9c364fb92f2629b,valid
patok_v2,train,carpassenger185_jpeg_jpg.rf.39f4e06e8f83983217174a6e9d3a04ac,train
patok_v2,train,carpassenger185_jpeg_jpg.rf.68b6cf00ef735d0e4a495f1d3024ca11,train
patok_v2,train,carpassenger185_jpeg_jpg.rf.68c6575f85efb5d8c30c9d60b1a72b56,train
patok_v2,train,carpassenger185_jpeg_jpg.rf.7c5e0b99e32ccb6f58417bee5d4725eb,train
patok_v2,train,carpassenger185_jpeg_jpg.rf.9120894ee165336f29dff7f5c6ab21c0,train
patok_v2,train,carpassenger185_jpeg_jpg.rf.fe14125705e8d2c19bc40db8ddd413f3,train
patok_v2,train,carpassenger18_jpeg_jpg.rf.6ade5146f55a50c8f7cfbcf24aa7ddf4,train
patok_v2,train,carpassenger18_jpeg_jpg.rf.ac210f6c0b7542dc4f84f8ee638e8f48,train
patok_v2,train,carpassenger19_jpeg_jpg.rf.44c4d8bb6b19fa104d9b905bba9fc3a4,train
patok_v2,train,carpassenger19_jpeg_jpg.rf.e6dbc7d4f7d73c4453ee476ef3dd0c29,train
patok_v2,train,carpassenger22_jpeg_jpg.rf.1bf52e65ccb7a20e11a9a233cbd175c4,train
patok_v2,train,carpassenger22_jpeg_jpg.rf.b9b1400bf896df2caba4daa237ea1d13,train
patok_v2,train,carpassenger23_jpeg_jpg.rf.22fee627c0d82df9cc7aa61a95e31030,train
patok_v2,train,carpassenger23_jpeg_jpg.rf.a57ad0e1fe1530d6100ef0af4550265f,train
patok_v2,train,carpassenger23_jpeg_jpg.rf.b17fa3bf64c75d76ea40582c29925451,train
patok_v2,train,carpassenger23_jpeg_jpg.rf.de1e17fcc32155e94ad8c6a377d150dc,train
patok_v2,train,carpassenger25_jpeg_jpg.rf.07b43352266f9a5778a35afd2150552f,train
patok_v2,train,carpassenger25_jpeg_jpg.rf.e9a32fa7b666a3936552976b8961be8e,train
patok_v2,train,carpassenger28_jpeg_jpg.rf.2050e37ad375791743b63d4df4233601,train
patok_v2,train,carpassenger28_jpeg_jpg.rf.c858a9d167fbc3e12b10622e6819e9d2,train
patok_v2,train,carpassenger32_jpeg_jpg.rf.00755b9c37d7fd08265e5482258e35eb,train
patok_v2,train,carpassenger32_jpeg_jpg.rf.c44d58e63688560fded5f10b2de56b5a,train
patok_v2,train,carpassenger38_jpeg_jpg.rf.040f4d7e0c686afabf41d5125479438b,train
patok_v2,train,carpassenger38_jpeg_jpg.rf.09061cc9091b292cb7f91df9d22af415,valid
patok_v2,train,carpassenger38_jpeg_jpg.rf.10b0f2cccbcbd3affbe48fddc1f7f3af,valid
patok_v2,train,carpassenger38_jpeg_jpg.rf.17a8608530d58297634e30192a7341c7,train
patok_v2,train,carpassenger38_jpeg_jpg.rf.216f41f124b93fb107bfc2402b92b780,train
patok_v2,train,carpassenger38_jpeg_jpg.rf.27e8299e61607c1e589a261d21cd1e59,test
patok_v2,train,carpassenger38_jpeg_jpg.rf.3689936c309b0d62bed3cbcf06b9849f,train
patok_v2,train,carpassenger38_jpeg_jpg.rf.3b724f8b6d9df84eac7bc0d3bf6de94b,train
patok_v2,train,carpassenger38_jpeg_jpg.rf.44e1068e561a00ec1524a11d16fa1734,train
patok_v2,train,carpassenger38_jpeg_jpg.rf.5b5dd2d316aa0d221b708af521207d01,train
patok_v2,train,carpassenger38_jpeg_jpg.rf.5be90a1b822bf56935091edd5da47a70,train
patok_v2,train,carpassenger38_jpeg_jpg.rf.5d6ca7b37f786d626af265da33089c2a,train
patok_v2,train,carpassenger38_jpeg_jpg.rf.6b7bdcca7ac9f66b5dd268169a28737f,train
patok_v2,train,carpassenger38_jpeg_jpg.rf.6fdb25dc8a4db0b5dfdb974d58886ac7,valid
patok_v2,train,carpassenger38_jpeg_jpg.rf.a02aea907085d3a4a36c853406e024d7,train
patok_v2,train,carpassenger38_jpeg_jpg.rf.a3e82fef98a100e925ef28fa1cc13231,train
patok_v2,train,carpassenger38_jpeg_jpg.rf.ae2e82133ddc36521951d370760fb461,train
patok_v2,train,carpassenger38_jpeg_jpg.rf.b3051829f41ce2727750ce14ba5766e8,valid
patok_v2,train,carpassenger38_jpeg_jpg.rf.bc966703599dccecc47f326004a8301b,train
patok_v2,train,carpassenger38_jpeg_jpg.rf.c0d9179df5df20d7469bb5a9268b8a42,train
patok_v2,train,carpassenger38_jpeg_jpg.rf.c752da0b2a8f637c9c9dc81f3a71ef80,train
patok_v2,train,carpassenger38_jpeg_jpg.rf.cb5c3ef98ef551809661716ba6dbcdf2,train
patok_v2,train,carpassenger38_jpeg_jpg.rf.d741107eccf8d460685ee3df25b3fc84,train
patok_v2,train,carpassenger38_jpeg_jpg.rf.df4d954c55b1e66014754b15f1452272,test
patok_v2,train,carpassenger38_jpeg_jpg.rf.ea071cf3c2eae650a54bb535b71eddd6,train
patok_v2,train,carpassenger38_jpeg_jpg.rf.f89d7a2491a2ecfd417af7fb1995b51c,train
patok_v2,train,carpassenger45_jpeg_jpg.rf.102a20dbdcf4c26baf9d2d35f066be96,train
patok_v2,train,carpassenger45_jpeg_jpg.rf.1500859d2da5b72c256945e2417ad6c7,test
patok_v2,train,carpassenger45_jpeg_jpg.rf.1badd0506fa875e3550e62bd3686fa84,train
patok_v2,train,carpassenger45_jpeg_jpg.rf.1ea9d1ab344905d1f32e5d9db8ebb56a,train
patok_v2,train,carpassenger45_jpeg_jpg.rf.31f74fa9c67a2538eef4e1efe7bb446f,train
patok_v2,train,carpassenger45_jpeg_jpg.rf.34663906fd10785d808a04ddbf7dbc3e,train
patok_v2,train,carpassenger45_jpeg_jpg.rf.3a1860610c1d488ce304fa77c88fda04,train
patok_v2,train,carpassenger45_jpeg_jpg.rf.5f9ac44591be82abad0ace986ed85f8e,train
patok_v2,train,carpassenger45_jpeg_jpg.rf.85988f6add044b6c8476eb83d2ff217e,train
patok_v2,train,carpassenger45_jpeg_jpg.rf.8602825b66269af684b67544acdb3df2,test
patok_v2,train,carpassenger45_jpeg_jpg.rf.875b2f563bf8a2c848290050123f0d64,test
patok_v2,train,carpassenger45_jpeg_jpg.rf.89e55414997f6c51bda81bfbe4314455,train
patok_v2,train,carpassenger45_jpeg_jpg.rf.8bcf72affaaa429f23d59a1dfe019ce6,train
patok_v2,train,carpassenger45_jpeg_jpg.rf.92eafb5d243fe61a654b24800a376b96,valid
patok_v2,train,carpassenger45_jpeg_jpg.rf.95ef30f20c6efd2ac74169db1c11eb87,train
patok_v2,train,carpassenger45_jpeg_jpg.rf.a199d582cbb92bcc2fade2a47e3f5f3e,train
patok_v2,train,carpassenger45_jpeg_jpg.rf.a236b649831935b65c8f40b4c24ae983,valid
patok_v2,train,carpassenger45_jpeg_jpg.rf.af4191ccca78cbd1ee60a4680498afe5,train
patok_v2,train,carpassenger45_jpeg_jpg.rf.b344d70098a6c57f93bb1c7c927650a2,train
patok_v2,train,carpassenger45_jpeg_jpg.rf.d3e1b6823635b9605d4d023095a4be69,train
patok_v2,train,carpassenger45_jpeg_jpg.rf.dddde9c15a6b0aa3289ce99b367f66ed,valid
patok_v2,train,carpassenger45_jpeg_jpg.rf.ec60cfef9b725cc129d2eb9ee5d1cabe,train
patok_v2,train,carpassenger4_jpeg_jpg.rf.0a3684d4003c95d7d1b5fc567e75ce79,train
patok_v2,train,carpassenger4_jpeg_jpg.rf.109a649b5139d58a2ff536d3bb95066a,train
patok_v2,train,carpassenger4_jpeg_jpg.rf.226f811b77dc165b39d9d437aab8bc80,train
patok_v2,train,carpassenger4_jpeg_jpg.rf.38b898497cb1d30962fc9c7a755b13c5,train
patok_v2,train,carpassenger50_jpeg_jpg.rf.0b292446bcbfb2765ade464639542a61,test
patok_v2,train,carpassenger50_jpeg_jpg.rf.157d857d13854c529e4fe32357cb107d,train
patok_v2,train,carpassenger50_jpeg_jpg.rf.59a49621540fcb8727ae2bdfc19cc92f,train
patok_v2,train,carpassenger50_jpeg_jpg.rf.6a42f92cc9b9119fa3a3ab3c587cbd39,train
patok_v2,train,carpassenger50_jpeg_jpg.rf.780af38279c6c3bdd58304d5a4dd9bbb,train
patok_v2,train,carpassenger50_jpeg_jpg.rf.9442767223df389f0afd09f90ee62eb1,train
patok_v2,train,carpassenger50_jpeg_jpg.rf.b020b473905a704a8b255d8ebd814ec5,valid
patok_v2,train,carpassenger50_jpeg_jpg.rf.ba355aaabfe88bbfe61909ce54abc1c9,train
patok_v2,train,carpassenger50_jpeg_jpg.rf.c7d0471344a53ec5ddd62901a50a3eb5,valid
patok_v2,train,carpassenger50_jpeg_jpg.rf.ee27c6c22e3463d428284d4a62218a6b,train
patok_v2,train,carpassenger50_jpeg_jpg.rf.ef0dd09b92c5d48c5d4f16bd585851eb,train
patok_v2,train,carpassenger50_jpeg_jpg.rf.f2a54ababaa153e751b206b1c058b28f,train
patok_v2,train,carpassenger51_jpeg_jpg.rf.2d9417f630fc7cccca65b44ee59d65d7,valid
patok_v2,train,carpassenger51_jpeg_jpg.rf.6c19834c0e5d04415044fbc4a1410deb,test
patok_v2,train,carpassenger51_jpeg_jpg.rf.9d3790f3c3993b04a79ed92775816143,train
patok_v2,train,carpassenger51_jpeg_jpg.rf.fa3e1e0d2ae280b8af2052b9c62d5b20,train
patok_v2,train,carpassenger62_jpeg_jpg.rf.2792a4af12fb02a6db03f146253e27b2,train
patok_v2,train,carpassenger62_jpeg_jpg.rf.5bfc8a15300a66a7612eaf786396e198,train
patok_v2,train,carpassenger68_jpeg_jpg.rf.0651401bb2d544aabed24490ae0e2cd4,train
patok_v2,train,carpassenger68_jpeg_jpg.rf.0fd9b1f1c206ef070d271ed44ff8392d,test
patok_v2,train,carpassenger68_jpeg_jpg.rf.33cff27b6dc86095d841f07ad83981d7,train
patok_v2,train,carpassenger68_jpeg_jpg.rf.36decb21def928d9e3cf1418080c74d9,test
patok_v2,train,carpassenger68_jpeg_jpg.rf.9e343920fd1a9e119ba8b3d673e10aab,train
patok_v2,train,carpassenger68_jpeg_jpg.rf.a7d71205af90f614589021ef10ac7382,train
patok_v2,train,carpassenger68_jpeg_jpg.rf.c0f1a2b6d2db9e9d228c1d3c8907d814,train
patok_v2,train,carpassenger68_jpeg_jpg.rf.c6f918045bbde29aef53228a91016616,train
patok_v2,train,carpassenger68_jpeg_jpg.rf.df9ac36e7c5fe282a8d89dac49c81bed,train
patok_v2,train,carpassenger68_jpeg_jpg.rf.e1e9a204d23650deaadf843071c2c5c6,train
patok_v2,train,carpassenger6_jpeg_jpg.rf.288fa4e3fde8c2c137468f0c6500ed0a,train
patok_v2,train,carpassenger6_jpeg_jpg.rf.690504f493d7651d6fdfd5402560e97b,train
patok_v2,train,carpassenger6_jpeg_jpg.rf.f3b3f3f6003e81ca48ed0ada37ba3d61,train
patok_v2,train,carpassenger6_jpeg_jpg.rf.fc348c35b5b1dbb9922c25af8cb3422d,valid
patok_v2,train,carpassenger72_jpeg_jpg.rf.23eca606cea83c12ed37fe056578d314,valid
patok_v2,train,carpassenger72_jpeg_jpg.rf.d451b22bf07858d000d11df53e474467,test
patok_v2,train,carpassenger75_jpeg_jpg.rf.2cc631290eb75d97deb2eec8d7a956e6,train
patok_v2,train,carpassenger75_jpeg_jpg.rf.398a5bd59a1919001e84b8c3b6f578c1,train
patok_v2,train,carpassenger75_jpeg_jpg.rf.3fb2169cfb66b0b559ffd8c069eeab86,test
patok_v2,train,carpassenger75_jpeg_jpg.rf.49221a985f199b2cdf7fe454e23f8482,train
patok_v2,train,carpassenger75_jpeg_jpg.rf.629d26f6a6d97fea19348f0370c7c2af,train
patok_v2,train,carpassenger75_jpeg_jpg.rf.79cee94d5b2232dc1584e220f9ab3e37,valid
patok_v2,train,carpassenger75_jpeg_jpg.rf.7c21b763618d7486dd74278ecad90a42,train
patok_v2,train,carpassenger75_jpeg_jpg.rf.b0c4bcbc86704885d272116c7a18c5a2,train
patok_v2,train,carpassenger75_jpeg_jpg.rf.e1271478df4cbbe17e10d6e6e470bbe0,train
patok_v2,train,carpassenger75_jpeg_jpg.rf.e575b4474ad2950a019250a42b2d7340,test
patok_v2,train,carpassenger79_jpeg_jpg.rf.480ca2b06a60e75aa0f4232e1a7c8c88,train
patok_v2,train,carpassenger79_jpeg_jpg.rf.4bfb6f491e0c7cb7a4a8a5dc044fd915,train
patok_v2,train,carpassenger79_jpeg_jpg.rf.b8590ea68e345fd731eab22b132543bc,train
patok_v2,train,carpassenger79_jpeg_jpg.rf.bd8c539a56e0487322af91000d578de4,train
patok_v2,train,carpassenger80_jpeg_jpg.rf.21b8ae70635ee9cf4899abeb8e36e277,train
patok_v2,train,carpassenger80_jpeg_jpg.rf.2787cf5326dc5cd8618dd7d62c1dda9c,train
patok_v2,train,carpassenger80_jpeg_jpg.rf.298f9a90dc732c419907bb7f606c6fc4,train
patok_v2,train,carpassenger80_jpeg_jpg.rf.3391b44e86d0249268e4e4680381c325,train
patok_v2,train,carpassenger80_jpeg_jpg.rf.3aab3b77eba3c77aa402e4c1141be9f4,train
patok_v2,train,carpassenger80_jpeg_jpg.rf.573a3da1a4f5168c1b6cfe840dbe5719,train
patok_v2,train,carpassenger80_jpeg_jpg.rf.94ee6c000389396410d82678ba4429d8,train
patok_v2,train,carpassenger80_jpeg_jpg.rf.bb4ad79883e28ba8fe79138c292a4279,train
patok_v2,train,carpassenger80_jpeg_jpg.rf.c1a16341a922af6121228cdd9ca8dd56,train
patok_v2,train,carpassenger80_jpeg_jpg.rf.f905402b909bc88f64342786ab26a60a,train
patok_v2,train,carpassenger84_jpeg_jpg.rf.60ab57314c4304b72ec7e515093cb1a2,train
patok_v2,train,carpassenger84_jpeg_jpg.rf.6e0f6f5cb58968d13382d3895c640c5d,train
patok_v2,train,carpassenger84_jpeg_jpg.rf.93dd32f4c822dee48ac149c6361e8d15,train
patok_v2,train,carpassenger84_jpeg_jpg.rf.bc38df4744dc482885c12f69db2e9d71,train
patok_v2,train,carpassenger84_jpeg_jpg.rf.d8ae367527a7f5f0131071bf6cb66de4,train
patok_v2,train,carpassenger84_jpeg_jpg.rf.f49bcff4b63a48f852c80b71fac679e4,train
patok_v2,train,carpassenger89_jpeg_jpg.rf.1923b2c6bda6a6a27a7545f2c3afea3e,valid
patok_v2,train,carpassenger89_jpeg_jpg.rf.250c3305096885dd617b36955ff15bfc,train
patok_v2,train,carpassenger89_jpeg_jpg.rf.3ced72e5431cd8e9b61344b52238bc7a,train
patok_v2,train,carpassenger89_jpeg_jpg.rf.4c62826a5b8c795b4b97c153005dbce4,train
patok_v2,train,carpassenger89_jpeg_jpg.rf.57531be7eff0026f93bdbcb19795beb5,test
patok_v2,train,carpassenger89_jpeg_jpg.rf.5b1279c0ff9dc4c99bdf430abc85cfee,test
patok_v2,train,carpassenger89_jpeg_jpg.rf.5c3df3412bff9e62df0e6bf1045f57ef,train
patok_v2,train,carpassenger89_jpeg_jpg.rf.757e278079de5376095e2917667b3d91,train
patok_v2,train,carpassenger89_jpeg_jpg.rf.79852d1f205ffe716ca28ef1a43ca471,test
patok_v2,train,carpassenger89_jpeg_jpg.rf.805c243d3e40226acc434acd9d92a257,train
patok_v2,train,carpassenger89_jpeg_jpg.rf.883d9318384d23a4be71e91b2e2e558e,test
patok_v2,train,carpassenger89_jpeg_jpg.rf.884e244b69248d08bca7b5aecbb2353d,train
patok_v2,train,carpassenger89_jpeg_jpg.rf.8be6922dab49895e702fdc4fbe573f08,train
patok_v2,train,carpassenger89_jpeg_jpg.rf.b24bf5883f075ef42981b901cebcbef5,train
patok_v2,train,carpassenger89_jpeg_jpg.rf.b66c4e1dfc7d3c372bc10fd2a5927d93,valid
patok_v2,train,carpassenger89_jpeg_jpg.rf.c0a2ba8cf805e4bc3cad483fb360dbb1,train
patok_v2,train,carpassenger89_jpeg_jpg.rf.c483508d933bdf15f2f26ad172bae1a5,train
patok_v2,train,carpassenger89_jpeg_jpg.rf.fac947357d93338bf73dcdc98378dcbf,train
patok_v2,train,carpassenger8_jpeg_jpg.rf.33900942de93abbf7e4087f35baba1a6,train
patok_v2,train,carpassenger8_jpeg_jpg.rf.e64676540ebb74c3c8e25a0c896e06c7,train
patok_v2,train,carpassenger8_jpeg_jpg.rf.e93b2e93c310db9644105239426a4cf3,valid
patok_v2,train,carpassenger8_jpeg_jpg.rf.ebebdad79905212f14f5e37ea417421f,train
patok_v2,train,carpassenger93_jpeg_jpg.rf.412500f4fa5b5987e4745711c254735a,valid
patok_v2,train,carpassenger93_jpeg_jpg.rf.4bb1b857291a47162fc037514c604a37,train
patok_v2,train,carpassenger93_jpeg_jpg.rf.6ecc92007ef8ad89a5ac44c0ff87479b,train
patok_v2,train,carpassenger93_jpeg_jpg.rf.7936e09688de54021fcfd63b9ddc44df,train
patok_v2,train,carpassenger93_jpeg_jpg.rf.80b6a5573795b37645f7dce75b8a4e1a,train
patok_v2,train,carpassenger93_jpeg_jpg.rf.ac942181630f72fd5cf15d21274e1b27,train
patok_v2,train,carpassenger93_jpeg_jpg.rf.c0a23ee70962830d727c970f5d7c768e,train
patok_v2,train,carpassenger93_jpeg_jpg.rf.df956ade3e27c346472eeeec80a8bf73,train
patok_v2,train,carpassenger97_jpeg_jpg.rf.05b1f74b0228018e003299e65c72cbbe,train
patok_v2,train,carpassenger97_jpeg_jpg.rf.3c6ea61103f182d9eb581e61fa353e4d,train
patok_v2,train,carpassenger97_jpeg_jpg.rf.6db31ea0ff1373a02f40e5a7de2df640,train
patok_v2,train,carpassenger97_jpeg_jpg.rf.a2745457c7ebbc09cde3406622c3ceb0,train
patok_v2,train,carpassenger97_jpeg_jpg.rf.b60ad8be851c50c6e992e60931617cd6,train
patok_v2,train,carpassenger97_jpeg_jpg.rf.d638f545c5c8a47f1cef2da5f8541ceb,train
patok_v2,train,carpassenger97_jpeg_jpg.rf.da7fa9eccdbc17703c097a462ca8cc9d,train
patok_v2,train,carpassenger97_jpeg_jpg.rf.e262e6c1ec2e2183e367ce05e5d88a69,test
patok_v2,train,carpassenger97_jpeg_jpg.rf.f5f25798ef8e68b622791a88742241f3,train
patok_v2,train,carpassenger97_jpeg_jpg.rf.f6cd44ce97e4f4b712b1e7a7f609bd07,train
patok_v2,train,distracteddriver103_jpeg_jpg.rf.28fd76fd66b8e6b1ec82da7ad0bfe6aa,train
patok_v2,train,distracteddriver103_jpeg_jpg.rf.2dfbd1a8751f8b35b77511622405a075,train
patok_v2,train,distracteddriver103_jpeg_jpg.rf.397af68299a780ce8b606fef5edde20f,train
patok_v2,train,distracteddriver103_jpeg_jpg.rf.5307680d1e0c8da9acd08f82bc064ef8,train
patok_v2,train,distracteddriver103_jpeg_jpg.rf.5d94ffac75d134a641700e12e468fd68,train
patok_v2,train,distracteddriver103_jpeg_jpg.rf.61fba7dfd3ac3436dc044637ace6aca5,train
patok_v2,train,distracteddriver103_jpeg_jpg.rf.9d0d79a7c153d866d30dd5b1c015ab43,train
patok_v2,train,distracteddriver103_jpeg_jpg.rf.af512208070833a9c7f71d96718eedc8,train
patok_v2,train,distracteddriver103_jpeg_jpg.rf.bdcad99a0c0501434e053d23abdfaf0c,train
patok_v2,train,distracteddriver103_jpeg_jpg.rf.f617ece386c4957c87dbe8d441de1de6,train
patok_v2,train,distracteddriver109_jpeg_jpg.rf.1145c9c01fbf20e134207e011865f3d3,train
patok_v2,train,distracteddriver109_jpeg_jpg.rf.239a7c4dc9ea29b3bcbbb67544754410,train
patok_v2,train,distracteddriver109_jpeg_jpg.rf.533fb1a74e3d186244909d8a10624ad5,test
patok_v2,train,distracteddriver109_jpeg_jpg.rf.ad11f447833ed7cb31a7721bcd247f8e,train
patok_v2,train,distracteddriver149_jpeg_jpg.rf.09b95363293a53839bd4cfa0ec15ac29,train
patok_v2,train,distracteddriver149_jpeg_jpg.rf.0da86498445267b58595d8e25f1a5814,train
patok_v2,train,distracteddriver149_jpeg_jpg.rf.1d851f505253478678fb7ff988ff4968,train
patok_v2,train,distracteddriver149_jpeg_jpg.rf.2ae35252e5214f50b5c25fe1f9ad2cd9,train
patok_v2,train,distracteddriver149_jpeg_jpg.rf.ab693220669a15d0bdaac19baec4535c,train
patok_v2,train,distracteddriver149_jpeg_jpg.rf.ab8ed792125f08415b671d81fa1261c8,test
patok_v2,train,distracteddriver150_jpeg_jpg.rf.60d9e65b42d9836f58ef5bfb5cbbe3a1,train
patok_v2,train,distracteddriver150_jpeg_jpg.rf.66d44b603b2ed60edf87354c61459e24,valid
patok_v2,train,distracteddriver151_jpeg_jpg.rf.21040bd7026bfb8f62985dc72b7760d0,test
patok_v2,train,distracteddriver151_jpeg_jpg.rf.47b049e8d6263f4ea7fce742b618869c,train
patok_v2,train,distracteddriver158_jpeg_jpg.rf.336cfa1370da1487c60c4ac39b14abfc,valid
patok_v2,train,distracteddriver158_jpeg_jpg.rf.831b81e0acdecfb7041da8eb8f7ee992,train
patok_v2,train,distracteddriver158_jpeg_jpg.rf.ba3d371a2e157483e0360d18235b6be2,train
patok_v2,train,distracteddriver158_jpeg_jpg.rf.db0a93de98024b227ed80eb48735fe40,train
patok_v2,train,distracteddriver162_jpeg_jpg.rf.105388389597abde86f8b78595effedc,test
patok_v2,train,distracteddriver162_jpeg_jpg.rf.368e0f73a3bcf533a0b5fd4b96f370d4,train
patok_v2,train,distracteddriver162_jpeg_jpg.rf.4aab440f5bb499052d85c067d9e26ffd,train
patok_v2,train,distracteddriver162_jpeg_jpg.rf.517e1edb4322ba7db19fdb61144a9c00,train
patok_v2,train,distracteddriver162_jpeg_jpg.rf.63ab9d8c4a5857d69589225a0535b93a,train
patok_v2,train,distracteddriver162_jpeg_jpg.rf.649a21b3000698ca71934dc4de181448,test
patok_v2,train,distracteddriver162_jpeg_jpg.rf.676c2ddb5e8e5db1ce245a54dc5be885,test
patok_v2,train,distracteddriver162_jpeg_jpg.rf.6c6a1fec6800c13f717a2d7e8e153827,train
patok_v2,train,distracteddriver162_jpeg_jpg.rf.79c8c4946b9ef402b605c6257009edb8,test
patok_v2,train,distracteddriver162_jpeg_jpg.rf.8e5ff0b7832a9bdc0ecc4743ea444fa5,train
patok_v2,train,distracteddriver162_jpeg_jpg.rf.8ec87d6dd04d3b562965c3237adc5631,train
patok_v2,train,distracteddriver162_jpeg_jpg.rf.8f901c4a35f2bad6afd568573c4ff477,valid
patok_v2,train,distracteddriver162_jpeg_jpg.rf.90486891985648dccaea4a1b547f95d8,train
patok_v2,train,distracteddriver162_jpeg_jpg.rf.9246c70fdd9ca0804d2c59ff5956cbe3,train
patok_v2,train,distracteddriver162_jpeg_jpg.rf.a00baf637bae715d269ef6d086906a36,train
patok_v2,train,distracteddriver162_jpeg_jpg.rf.a28be72dc0f508d86b66ca73e9e2e273,valid
patok_v2,train,distracteddriver162_jpeg_jpg.rf.a6a290defea5fff9c732656c792c109d,train
patok_v2,train,distracteddriver162_jpeg_jpg.rf.a7109c35b9f70ef9245cd37dfad8a3fc,train
patok_v2,train,distracteddriver162_jpeg_jpg.rf.b7a9885c48ff2254712950ba40954810,train
patok_v2,train,distracteddriver162_jpeg_jpg.rf.ccc36b167e38b7f43794a99765cbbcd6,train
patok_v2,train,distracteddriver162_jpeg_jpg.rf.ce07567843dcc849f4d3be0ebb8cd1d2,valid
patok_v2,train,distracteddriver162_jpeg_jpg.rf.ddc33b0cbfb4df0bd8e2cc4bb17e359b,train
patok_v2,train,distracteddriver162_jpeg_jpg.rf.e9366bd636710f5811a3f8984bf23e7a,test
patok_v2,train,distracteddriver162_jpeg_jpg.rf.f5723899ff015c3c40e7edfa7b4ccf0f,train
patok_v2,train,distracteddriver166_jpeg_jpg.rf.0853a4572fcf7a66fdf5c538fbbb9615,train
patok_v2,train,distracteddriver166_jpeg_jpg.rf.0e66137c67a795e1f187e31968d720bf,test
patok_v2,train,distracteddriver166_jpeg_jpg.rf.3583efa80f22abf5f4ad4d2e981bcaa0,train
patok_v2,train,distracteddriver166_jpeg_jpg.rf.3c01f48adf65605e73fbc24f1847c284,train
patok_v2,train,distracteddriver166_jpeg_jpg.rf.6f39c58205298b6bc824536ea22506be,train
patok_v2,train,distracteddriver166_jpeg_jpg.rf.84a39b1efa4cbdbee2ead47930c5c0ef,train
patok_v2,train,distracteddriver166_jpeg_jpg.rf.ab6aaa0f7e66b3cca011863605c8dae8,train
patok_v2,train,distracteddriver166_jpeg_jpg.rf.b44f5f2c4e3564ce56aefb250a76b6a4,train
patok_v2,train,distracteddriver166_jpeg_jpg.rf.b5820d4842df3c914e0a37632a5be04e,train
patok_v2,train,distracteddriver166_jpeg_jpg.rf.eb969a3154a67ff659b1b2fd30bdf6b7,train
patok_v2,train,distracteddriver3_png_jpg.rf.0d4e8861580b4db14256cdde0e677144,train
patok_v2,train,distracteddriver3_png_jpg.rf.12f9263608050e12db56876ff0c79f64,valid
patok_v2,train,distracteddriver3_png_jpg.rf.44c88335426b422a41eb71daea200e49,valid
patok_v2,train,distracteddriver3_png_jpg.rf.7cbfb7c000ec0c0856be1d0763952101,train
patok_v2,train,distracteddriver3_png_jpg.rf.8f58115e9f476a89b1207968c4e69749,train
patok_v2,train,distracteddriver3_png_jpg.rf.908b16aab8bea4293743eeb1c4556f71,train
patok_v2,train,distracteddriver3_png_jpg.rf.9d2ed5a98b9d6f642a8789e12f939d38,train
patok_v2,train,distracteddriver3_png_jpg.rf.a13a11049aa35416e10725fa8d07dfc2,train
patok_v2,train,distracteddriver42_jpeg_jpg.rf.01bb4a1e6120f164ee3a419c834f52e2,train
patok_v2,train,distracteddriver42_jpeg_jpg.rf.1ed602295b99e7fbe12bc420e823314c,valid
patok_v2,train,distracteddriver42_jpeg_jpg.rf.223c673d9dd8669de425c5aa09899a95,valid
patok_v2,train,distracteddriver42_jpeg_jpg.rf.2499d089f77b7d04f175628e5ed25109,train
patok_v2,train,distracteddriver42_jpeg_jpg.rf.4b20eaa049d1777e553756d895df6e46,test
patok_v2,train,distracteddriver42_jpeg_jpg.rf.4ee7a695289e8d3231eb51b9f8e4f582,train
patok_v2,train,distracteddriver42_jpeg_jpg.rf.502a56c8e71c0f1924ccd323f7bfdd4d,train
patok_v2,train,distracteddriver42_jpeg_jpg.rf.538297746c62f52d87d644cdfe18c92b,train
patok_v2,train,distracteddriver42_jpeg_jpg.rf.86f000fab0839ed4e40d6201dc53e5fd,test
patok_v2,train,distracteddriver42_jpeg_jpg.rf.87799c4566088019697370b0a908c2dd,train
patok_v2,train,distracteddriver42_jpeg_jpg.rf.8b751140b66b1235e73efc82ad63f71c,valid
patok_v2,train,distracteddriver42_jpeg_jpg.rf.9480b3c21b9763dae86a09b7874cd886,train
patok_v2,train,distracteddriver42_jpeg_jpg.rf.9901e9659431a8cfbadede8651799041,train
patok_v2,train,distracteddriver42_jpeg_jpg.rf.9f43e3d8f3062c5eefb4092935875750,train
patok_v2,train,distracteddriver42_jpeg_jpg.rf.a5f5a2ca782f05228f4895a24abed4f4,train
patok_v2,train,distracteddriver42_jpeg_jpg.rf.ac3ab963a7fa461fe088b9d0aee48168,train
patok_v2,train,distracteddriver42_jpeg_jpg.rf.cb37b689da77083a321301e6fd17aabe,train
patok_v2,train,distracteddriver42_jpeg_jpg.rf.cc7d9f0ce872326b51729d4fc0fe0272,train
patok_v2,train,distracteddriver42_jpeg_jpg.rf.ce3d263a568c3e3a06bda1604f8a4bdc,train
patok_v2,train,distracteddriver42_jpeg_jpg.rf.e3e0516cc5f914514b224d4fe5b4657f,train
patok_v2,train,distracteddriver42_jpeg_jpg.rf.e88800ade717d3a298b8a5b1ec45568d,train
patok_v2,train,distracteddriver42_jpeg_jpg.rf.f6bfbcfbdb8c08cf1ed3654e91cd4ce5,train
patok_v2,train,distracteddriver51_jpeg_jpg.rf.01616c9b508e12311feb05d0a1f5caa5,train
patok_v2,train,distracteddriver51_jpeg_jpg.rf.074270feab83e021140fa2eefc2f6ce3,train
patok_v2,train,distracteddriver51_jpeg_jpg.rf.41f9c576b153c3918745477322d68e12,train
patok_v2,train,distracteddriver51_jpeg_jpg.rf.42f103862bbadd487c577efdde674c77,train
patok_v2,train,distracteddriver51_jpeg_jpg.rf.4575d76d645f2467abab83cb5fb3937a,test
patok_v2,train,distracteddriver51_jpeg_jpg.rf.553c49d5e6ecbc1a0013ca90e547049c,train
patok_v2,train,distracteddriver51_jpeg_jpg.rf.7d893ab742498ea57aae044aca951ca7,train
patok_v2,train,distracteddriver51_jpeg_jpg.rf.9acb3542581867cab3cef0adf483dbb8,train
patok_v2,train,distracteddriver51_jpeg_jpg.rf.af4fe713cbec2381b54e6c026bbb43ae,train
patok_v2,train,distracteddriver51_jpeg_jpg.rf.b1ac8ea818bb42240aecb06a3f676c14,train
patok_v2,train,distracteddriver51_jpeg_jpg.rf.b91c75e5c59f0ae84186ec0938979da3,train
patok_v2,train,distracteddriver51_jpeg_jpg.rf.dff4eb8dc659ecd21997ec1d202d7757,train
patok_v2,train,distracteddriver53_jpeg_jpg.rf.52674becea09919c976c46915b81144a,train
patok_v2,train,distracteddriver53_jpeg_jpg.rf.58af412bde302eeb55e802047b6d344d,train
patok_v2,train,distracteddriver53_jpeg_jpg.rf.a16ade927bf5aec339365cfe4f69d6d7,test
patok_v2,train,distracteddriver53_jpeg_jpg.rf.c61349880c78e6c4cedb2c6bbfc5d4e6,train
patok_v2,train,distracteddriver61_jpeg_jpg.rf.4bdf2d1a4b50b8cd886a3532977f7276,train
patok_v2,train,distracteddriver61_jpeg_jpg.rf.544396a2663729eb5aec77f240be64b8,train
patok_v2,train,distracteddriver61_jpeg_jpg.rf.6a800995c8ea38afb260e24885001137,test
patok_v2,train,distracteddriver61_jpeg_jpg.rf.a9c9917f2f5c04d54207b2d0dea44c30,train
patok_v2,train,distracteddriver61_jpeg_jpg.rf.bb903458a540414ae0ef27949681d2ee,train
patok_v2,train,distracteddriver61_jpeg_jpg.rf.da0995f635f545a8b348308a4a3ffcfe,train
patok_v2,train,distracteddriver74_jpeg_jpg.rf.05e42782e20b9efa51df7dd74c38d4fb,train
patok_v2,train,distracteddriver74_jpeg_jpg.rf.09b979ff768db677f3252fa188f52eb8,test
patok_v2,train,distracteddriver74_jpeg_jpg.rf.152d0f1cc6330c840576b5955afc85e5,valid
patok_v2,train,distracteddriver74_jpeg_jpg.rf.3c179e8b383dade65a5796e878ef24bc,test
patok_v2,train,distracteddriver74_jpeg_jpg.rf.5788232b1e63d67f0a41ee8a8fbf94aa,valid
patok_v2,train,distracteddriver74_jpeg_jpg.rf.5aba93c2c1d4d0f0140ffc4af36ffc4a,train
patok_v2,train,distracteddriver74_jpeg_jpg.rf.5fc4efe5fe12264159bedb819dfdbb44,test
patok_v2,train,distracteddriver74_jpeg_jpg.rf.680b84f0f652c81fba27d777fada8283,train
patok_v2,train,distracteddriver74_jpeg_jpg.rf.6fc37fbeb206ef7ca44aed3926934e15,test
patok_v2,train,distracteddriver74_jpeg_jpg.rf.afc77e10e537c2cf9f46a80787f369b7,test
patok_v2,train,distracteddriver74_jpeg_jpg.rf.b30db91962951a7bfa6f5c277f7b5b35,train
patok_v2,train,distracteddriver74_jpeg_jpg.rf.c52396f98d7133b01c8ad6c379776532,train
patok_v2,train,distracteddriver75_jpeg_jpg.rf.0b8263758c4c1414e32a47dda472fa15,train
patok_v2,train,distracteddriver75_jpeg_jpg.rf.1206e8a864305cce1fd06066cb228803,test
patok_v2,train,distracteddriver75_jpeg_jpg.rf.324ad4e0ef1b17503c7d1d2b0b7c0052,train
patok_v2,train,distracteddriver75_jpeg_jpg.rf.393f8e8b38250badb885d4231a601535,train
patok_v2,train,distracteddriver75_jpeg_jpg.rf.5a9ce2b5fbfae4486f1dec97ef6af9d4,train
patok_v2,train,distracteddriver75_jpeg_jpg.rf.606f4c8b772427425027b6d71e44424f,train
patok_v2,train,distracteddriver75_jpeg_jpg.rf.8eeb96976b7823b938d96b36387fbc99,train
patok_v2,train,distracteddriver75_jpeg_jpg.rf.c4b68faf01873a0f8e9c6810a92f8607,train
patok_v2,train,distracteddriver75_jpeg_jpg.rf.df9fd8b1870c70615e438ca9ac47dc35,test
patok_v2,train,distracteddriver75_jpeg_jpg.rf.e02654bff369a6c1e517f17737fec332,test
patok_v2,train,distracteddriver75_jpeg_jpg.rf.f706db4fb5d7600e6542723b1dfdcb20,valid
patok_v2,train,distracteddriver75_jpeg_jpg.rf.fcb66bfa20f734fb7777855df8f109c6,train
patok_v2,train,distracteddriver87_jpeg_jpg.rf.ca4c578d50633bb3d884c3879667e499,test
patok_v2,train,distracteddriver87_jpeg_jpg.rf.f3c4a706a3ca818879405c0c9c02a8ab,train
patok_v2,train,distracteddriver92_jpeg_jpg.rf.97f7802630aadecf4d5d97190908ae68,train
patok_v2,train,distracteddriver92_jpeg_jpg.rf.a388569138328355fae33a16a9632e40,train
patok_v2,train,distracteddriver92_jpeg_jpg.rf.ccb3a2e4ad59b5c07c0cf1ab41bc2512,train
patok_v2,train,distracteddriver92_jpeg_jpg.rf.f0436060f4b8e899ffed1fe1f12b86ed,train
patok_v2,train,frame0003_jpg.rf.083ce93843a7b018295599d96f7ea60d,train
patok_v2,train,frame0003_jpg.rf.81640dbdf71a0a9909dbc094c21a08db,train
patok_v2,train,frame0003_jpg.rf.92c95676bb5a66e81d86dc48b43b7dc4,train
patok_v2,train,frame0003_jpg.rf.a77f8c8eb30d0d7d8d19d36d66464f4e,train
patok_v2,train,frame0003_jpg.rf.c6588d620c3b37333c71c3fbbee0ad42,test
patok_v2,train,frame0003_jpg.rf.fbf4676af0161108115f44a5a75e916b,train
patok_v2,train,frame0014_jpg.rf.0fef98fde21be6320263ec5e0e8da542,test
patok_v2,train,frame0014_jpg.rf.cea2cf285bc66fdc98509de4e44565c3,train
patok_v2,train,frame0014_jpg.rf.de7f076db69536c4ae35f5e81ea1ff60,train
patok_v2,train,frame0014_jpg.rf.fcc9e9655a3a9c72c6686816b29589a8,train
patok_v2,train,frame0019_jpg.rf.027aa9c52f3682f542b49a899ab725f1,test
patok_v2,train,frame0019_jpg.rf.70174160a16f9214ab89a6e29da33f8f,train
patok_v2,train,frame0019_jpg.rf.923302903f02e508761d1395016aa7cc,train
patok_v2,train,frame0019_jpg.rf.d67ec4305f3d43c4731294a5dc906e31,train
patok_v2,train,frame0064_jpg.rf.75e4bea8538c65ab08585a3bf98003eb,train
patok_v2,train,frame0064_jpg.rf.a3e72df9fb1090852f2a85fb4804cfe9,train
patok_v2,train,frame0271_jpg.rf.492da9a5a0fc1c625d355fa076db7f30,train
patok_v2,train,frame0271_jpg.rf.f25049231025f91d0008a457e3059db7,train
patok_v2,train,frame0322_jpg.rf.3e1c9752d689383b1f8026df36857f3f,train
patok_v2,train,frame0322_jpg.rf.e17253d7baf496c9ce45189370cb2b20,train
patok_v2,train,frame0322_jpg.rf.ed63ff0b555004deec66ca87e518ca17,valid
patok_v2,train,frame0322_jpg.rf.f8e6427264a4eab86a9d089cfdb1bc2e,valid
patok_v2,train,frame0430_jpg.rf.2e8cb9deecd2977a4d709fb23acefc39,train
patok_v2,train,frame0430_jpg.rf.5a9f77fafeffec5625342641a30c3cf9,train
patok_v2,train,frame0430_jpg.rf.89cba0e6cf7484f284f69e4e197282bd,train
patok_v2,train,frame0430_jpg.rf.e5114b4f3fa7970f107992074969a448,train
patok_v2,train,frame0443_jpg.rf.d6e1c7bf8cb44803880b27d67e745128,test
patok_v2,train,frame0443_jpg.rf.deca9df0b734aa456deabe6dfe51a903,test
patok_v2,train,frame0465_jpg.rf.004e22bbfa480b58acfa9aa826d59972,train
patok_v2,train,frame0465_jpg.rf.62a30d25e2a75d650079de1c07041a91,train
patok_v2,train,frame0538_jpg.rf.4943856af5e9e78fd6d71a12fa8d88f3,train
patok_v2,train,frame0538_jpg.rf.d28cd7e73b9f3777d0679d5b9180ecaa,valid
patok_v2,train,frame0718_jpg.rf.0e54b216d76e6f5e8fef8ef26281be39,valid
patok_v2,train,frame0718_jpg.rf.4608a52e38fb80ea016a1e17cb759ae8,train
patok_v2,train,frame0718_jpg.rf.557a4ec18a3b9a8de8c19426e60e7884,train
patok_v2,train,frame0718_jpg.rf.9935285ecfd7baf5aa2097c62d71330a,train
patok_v2,train,frame0808_jpg.rf.b1a980c9ac050615f4fe606fecc43eb0,valid
patok_v2,train,frame0808_jpg.rf.d6f4fddbb90821130e916e8a3371d99c,train
patok_v2,train,frame0944_jpg.rf.0ebc1799974c700ba47d5c145befbe1c,train
patok_v2,train,frame0944_jpg.rf.57ca830834e7b0e38752014483304280,train
patok_v2,train,frame0944_jpg.rf.690f593971a2f27ade856afd46c51fc6,train
patok_v2,train,frame0944_jpg.rf.851e68fc2977e6ec7788fe925fa8aae0,train
patok_v2,train,frame0944_jpg.rf.8fe8e29dff13984b7232ddda10ea8614,train
patok_v2,train,frame0944_jpg.rf.c79832f584d01c0cd679eafbcff10c61,train
patok_v2,train,frame10031_jpg.rf.00bb56730795f176acf07c4335aa6c70,valid
patok_v2,train,frame10031_jpg.rf.8d49cf7cc25b0def38935ef4805232f0,train
patok_v2,train,frame10031_jpg.rf.9cf90da46b38a5df2c88f01618ad0c65,train
patok_v2,train,frame10031_jpg.rf.c9369c0428e050e4baf83767b153041b,train
patok_v2,train,frame10181_jpg.rf.392a8c09331970b5e045d41f1d1454ec,train
patok_v2,train,frame10181_jpg.rf.9015b4b6ec5383b25fd7e08e994ebf63,train
patok_v2,train,frame10181_jpg.rf.aac53bc2cd805a41ad595e422c9ca269,train
patok_v2,train,frame10181_jpg.rf.c539d486040fd0a6648f61f7b45dbc1b,valid
patok_v2,train,frame10554_jpg.rf.aefa32993544918ed53818c67be6aada,train
patok_v2,train,frame10554_jpg.rf.f41b4273def13b1b9261e67d1d6408af,valid
patok_v2,train,frame11319_jpg.rf.04925a83b5e9255dfdfe98af38da97f9,train
patok_v2,train,frame11319_jpg.rf.053ea0a190fe8bb888147bac3b104348,test
patok_v2,train,frame11328_jpg.rf.002722e6d1d6fda9cbfbfce62597b67e,train
patok_v2,train,frame11328_jpg.rf.095317d8fb368bcf3f4cd9ff7bd9e73a,train
patok_v2,train,frame11328_jpg.rf.4c1adf667dca9eaced20e7d7469c26d2,train
patok_v2,train,frame11328_jpg.rf.cacaaa0315467a11107d3ef17edb7061,train
patok_v2,train,frame13420_jpg.rf.1948fec6c1162a505aedae11a7177fe5,train
patok_v2,train,frame13420_jpg.rf.50719a810a5ac2432c57fb82f850dc1f,train
patok_v2,train,frame13420_jpg.rf.bbe4edf9b11d49afaf86fea214c5a19f,train
patok_v2,train,frame13420_jpg.rf.c179157930a4ef12a81e52e392e1f647,test
patok_v2,train,frame1436_jpg.rf.1e44848bea787d078a4aba7e664a49b9,train
patok_v2,train,frame1436_jpg.rf.29108d6a705deea7d672882be3854ea7,train
patok_v2,train,frame1436_jpg.rf.a55e3ef525c006ec7493f6ba941b28f4,test
patok_v2,train,frame1436_jpg.rf.c004049a7225470935c7ba9b7cb1674f,train
patok_v2,train,frame1436_jpg.rf.e679b07142bfca44032cc4fe6ae2328f,valid
patok_v2,train,frame1436_jpg.rf.f3978bf0caffc74f3f07a06c6c571a79,train
patok_v2,train,frame14496_jpg.rf.b78b1e87acd3650dab84ba63bb14f4a9,valid
patok_v2,train,frame14496_jpg.rf.e77bdce90ba9380f3b36caa6ec1b1357,train
patok_v2,train,frame14652_jpg.rf.36d95a457a37af5cb81c1e54f6266e1e,train
patok_v2,train,frame14652_jpg.rf.4508ede26518969a06daa5d392209485,train
patok_v2,train,frame14652_jpg.rf.71b66993617051df30d83c7788601448,train
patok_v2,train,frame14652_jpg.rf.8b38f12d6477e256ad36471270b45ff0,train
patok_v2,train,frame14652_jpg.rf.9b77347d55465ca45e6c0db2c7454c68,train
patok_v2,train,frame14652_jpg.rf.d9089dcc552ce2a4abe2eac4cb7a12c9,train
patok_v2,train,frame14686_jpg.rf.0369e1c85c9759c2eee74041920e65fe,train
patok_v2,train,frame14686_jpg.rf.51864313fb9bb7a834e322ae3b24c44e,train
patok_v2,train,frame14686_jpg.rf.83c2efd5a3c360c12b32b62c6fc19a87,valid
patok_v2,train,frame14686_jpg.rf.ebac0997e2bc90b7f13d66d6260dd213,test
patok_v2,train,frame14768_jpg.rf.9863d6d2321967818a30c95bb6ae7aaf,train
patok_v2,train,frame14768_jpg.rf.c4743bd72a5c0decd482904d22f6d1de,train
patok_v2,train,frame15559_jpg.rf.206e1c67c5f72db79b9bc27268d3b472,train
patok_v2,train,frame15559_jpg.rf.36844c0c70bee4b36a7aa6ad5ee1a7f8,train
patok_v2,train,frame15859_jpg.rf.0fb021ab677972d6ae44b6b66bc19c14,train
patok_v2,train,frame15859_jpg.rf.11cd40afec3290bba7b9a4270a3e4746,train
patok_v2,train,frame16029_jpg.rf.0d96c5eabc2d1a375fd5ca4549ee113e,train
patok_v2,train,frame16029_jpg.rf.f5f3511ab4fe85d1891e5c6c1f6e0b4d,valid
patok_v2,train,frame16886_jpg.rf.507df2bed89e5c01325a980581bc5eee,train
patok_v2,train,frame16886_jpg.rf.6f75003c512df1637166f34f66182b42,train
patok_v2,train,frame1702_jpg.rf.124ff3f0221c2346b30a5b382ebcdeca,train
patok_v2,train,frame1702_jpg.rf.bc30a100d6129f8319558fba39251457,train
patok_v2,train,frame1702_jpg.rf.c9be98ae1b7e34a6d705197f69404058,train
patok_v2,train,frame1702_jpg.rf.f34d7d6779d60ca31de21f6d6c8b41b8,train
patok_v2,train,frame1707_jpg.rf.34ce61bc9e422fdaa4ed71f4b7e361cb,train
patok_v2,train,frame1707_jpg.rf.a80e312eac675b89fb003552e8fe9e55,valid
patok_v2,train,frame1707_jpg.rf.abab310695cc7c237821511b6a3d6fd9,train
patok_v2,train,frame1707_jpg.rf.dc57b043cbe7e91c1e8c9a83f4146416,train
patok_v2,train,frame17832_jpg.rf.01d8b30f14032518709baf1c825f9123,train
patok_v2,train,frame17832_jpg.rf.50f7b1b0393165e1e11fb0bafe26d6f3,train
patok_v2,train,frame1871_jpg.rf.7b5d483361a35d0df8216474d2c651a1,train
patok_v2,train,frame1871_jpg.rf.7d0a1c51f91435ea532f657944e1d8a8,train
patok_v2,train,frame1871_jpg.rf.8623ee212707fbcbcc0651b947cea684,test
patok_v2,train,frame1871_jpg.rf.8deab06d692c2d733fda469210b773e8,train
patok_v2,train,frame1871_jpg.rf.bae0d1be5656b2acd10533ab1b0152ca,train
patok_v2,train,frame1871_jpg.rf.d995d7a3763db117ee762e9466a0a406,train
patok_v2,train,frame18891_jpg.rf.0193e2beddd3e6ed65a8eea4bf20904c,train
patok_v2,train,frame18891_jpg.rf.47b72c6da76365ea0641101795b63585,train
patok_v2,train,frame18891_jpg.rf.79a75c6bbc5d71475c3c276ef39214a4,train
patok_v2,train,frame18891_jpg.rf.ad5379e14430922a2355fc0fff31b58a,test
patok_v2,train,frame19045_jpg.rf.22bad5b95bd59dd4869b63d8422bdf8c,train
patok_v2,train,frame19045_jpg.rf.3fc353cd493ce63fdb176adbdcfde7f8,train
patok_v2,train,frame19045_jpg.rf.a96d3352c9ae6db8701d88d8cc298391,train
patok_v2,train,frame19045_jpg.rf.c04e5d7ee7ed600b2ea06e4f1fb0ff21,train
patok_v2,train,frame2000_jpg.rf.5686660ee4cd954714746e352c212128,train
patok_v2,train,frame2000_jpg.rf.f7d577ffc00b67ae9fe460f730bed478,train
patok_v2,train,frame2669_jpg.rf.2e4486c30682e64431ccc48b0e2d2c35,train
patok_v2,train,frame2669_jpg.rf.46c9d731161ab6ba20e358ce73c77165,train
patok_v2,train,frame2669_jpg.rf.6e4f01f4d714e35c92e0b4292ac0c989,train
patok_v2,train,frame2669_jpg.rf.ea18793f9541eccf6a7b549dd080bab1,valid
patok_v2,train,frame2711_jpg.rf.1dbfe3d68a45506a0ecd6c775a672f58,test
patok_v2,train,frame2711_jpg.rf.59cbd26c962251cd9a4790e005f51623,train
patok_v2,train,frame2900_jpg.rf.1fa1d391668ce4566b8ce5e1f81da41b,train
patok_v2,train,frame2900_jpg.rf.2289be639dfa76d91aac0108470c6492,train
patok_v2,train,frame2900_jpg.rf.ab8a3c409aa14b9489cfcfa65c0a582a,train
patok_v2,train,frame2900_jpg.rf.cc2a01a48d4a6bb852fa1ce91edfd6ee,valid
patok_v2,train,frame2917_jpg.rf.310c2335383186fcfeabf41641a53285,train
patok_v2,train,frame2917_jpg.rf.7f1c0f7620d1f058ff61170c3fa42d64,train
patok_v2,train,frame3112_jpg.rf.266875a2921803889a1f6c1f90b8e54c,train
patok_v2,train,frame3112_jpg.rf.2a06481b6459be5ff885746076f486a3,valid
patok_v2,train,frame3112_jpg.rf.628bf2358cb8bc5ca4299846667d9c33,train
patok_v2,train,frame3112_jpg.rf.8d96825b824313710ede5ba643fbabf0,train
patok_v2,train,frame3290_jpg.rf.2a980223da3f5165904462c8ac4079d9,train
patok_v2,train,frame3290_jpg.rf.8dfea6e39efd6059da82139f976576cd,train
patok_v2,train,frame3610_jpg.rf.ac943e3feebb607e1263c9a967599e86,train
patok_v2,train,frame3610_jpg.rf.b303511a929404eeab5a0e670783b6b7,train
patok_v2,train,frame3680_jpg.rf.7cf95df9eda00682dcd777a81df1a757,train
patok_v2,train,frame3680_jpg.rf.801efa1eba86f2adba58a6c42057038c,train
patok_v2,train,frame3680_jpg.rf.872b7a2ad749692454c4efad91f0eebe,train
patok_v2,train,frame3680_jpg.rf.b8409f57ec54ecea932a7ea88aa31048,train
patok_v2,train,frame3680_jpg.rf.fca31e36f6aedfaa7971491e27329eb1,train
patok_v2,train,frame3680_jpg.rf.fd2f46f12429e7cbe06f3ace691cd8dd,train
patok_v2,train,frame4063_jpg.rf.1416b5d7a283ee03709cec8b6954e74a,valid
patok_v2,train,frame4063_jpg.rf.6421e2fa3f32b77a26b23bcc38815cfe,train
patok_v2,train,frame4063_jpg.rf.75154f748270f077342b7988c879e817,train
patok_v2,train,frame4063_jpg.rf.85e94988f96a0963a59615660f17ebf9,train
patok_v2,train,frame4063_jpg.rf.9745c4bc5b8d56e01ceb6dc8676f5f8a,train
patok_v2,train,frame4063_jpg.rf.ef46efa716cb32711a7b64c51b9825c0,train
patok_v2,train,frame4315_jpg.rf.679b25753f75646127134bc319712c36,train
patok_v2,train,frame4315_jpg.rf.c14a66f610ad257b7cee42ea9e545961,train
patok_v2,train,frame4362_jpg.rf.5a43b8b49610a5631251909fbc089d32,train
patok_v2,train,frame4362_jpg.rf.7e396112c535f312251d1b3c4628f8f1,valid
patok_v2,train,frame4499_jpg.rf.1640e1f3dbfd56a004220f999ac729df,test
patok_v2,train,frame4499_jpg.rf.1bad0022d9a46c7ff3970d8d1cfc39f8,train
patok_v2,train,frame4499_jpg.rf.9f2a3c951e4913c7fed3aaf058f107a1,train
patok_v2,train,frame4499_jpg.rf.aff6f246b0b58d9091c18bdced86c1c8,train
patok_v2,train,frame4499_jpg.rf.e6524121912b4aafa26c374ac8f13d1f,train
patok_v2,train,frame4499_jpg.rf.f0cca7f1835fb9f3c1336b604556c5f4,train
patok_v2,train,frame4608_jpg.rf.4183403ef67c4153fcd3e5bf63f57763,train
patok_v2,train,frame4608_jpg.rf.679e0446a3bcbed92934e90280fce629,train
patok_v2,train,frame4608_jpg.rf.a0c7784b81620d44a0acd3954f1fa125,train
patok_v2,train,frame4608_jpg.rf.bc02f41af48cd61d0dcc88981f489f01,train
patok_v2,train,frame4608_jpg.rf.be74738a48d5e8ba0b2e098327cd42c4,train
patok_v2,train,frame4608_jpg.rf.d114b0a98c22e68b5add920a0c290824,valid
patok_v2,train,frame4669_jpg.rf.5be90ab33877eda57ceca78f96593c30,test
patok_v2,train,frame4669_jpg.rf.8981d35815b42d680bcf1044900780ab,train
patok_v2,train,frame4669_jpg.rf.8b836239a8be171d50d0b92987e46797,valid
patok_v2,train,frame4669_jpg.rf.beb41a9ec573ff82aea569a8c0442749,test
patok_v2,train,frame4803_jpg.rf.5637274065bf7fab703159eba5abe224,train
patok_v2,train,frame4803_jpg.rf.6b882137851a9ab23efea75f5f8a7a49,train
patok_v2,train,frame4803_jpg.rf.9e8ba9801483ff45bf7c91da7b3095a0,train
patok_v2,train,frame4803_jpg.rf.a28d312232526e8183e0f7163835ec5b,train
patok_v2,train,frame4818_jpg.rf.222db9b09118b6b32f53642203e59e4e,test
patok_v2,train,frame4818_jpg.rf.8bc9f59127c00d7aa1bde3cc3b0d347b,test
patok_v2,train,frame4910_jpg.rf.02f19adc42e61249244f683048c9896e,train
patok_v2,train,frame4910_jpg.rf.eeedf522825fb550bf64a7b9f6a5d69d,test
patok_v2,train,frame5028_jpg.rf.36d96a2195a553299de41f9f0dbbf541,train
patok_v2,train,frame5028_jpg.rf.4c4d26af1e2a8dccb16bb4bf8100cc46,train
patok_v2,train,frame5028_jpg.rf.8dbefe1a14f4eb70e152e98d6555b660,train
patok_v2,train,frame5028_jpg.rf.c5ac9e6d312a6a0f13cdaf85d022c2ab,train
patok_v2,train,frame5392_jpg.rf.33e9465e36073ee4cc4d65fea8436cf7,test
patok_v2,train,frame5392_jpg.rf.3bd149006e9dab38229e244c62b0c094,train
patok_v2,train,frame5392_jpg.rf.b678cc9139cac66df43985702e6d94fa,train
patok_v2,train,frame5392_jpg.rf.f0afb7a44da20ea211ad816e0c8ccbea,train
patok_v2,train,frame5632_jpg.rf.166ad69fadd126c14767a7290f9ce816,train
patok_v2,train,frame5632_jpg.rf.e2371f44b231a27a9a4ebecd34b0efe2,train
patok_v2,train,frame5632_jpg.rf.e2ce976a704054bcfd51be6b4534e89b,train
patok_v2,train,frame5632_jpg.rf.f41ed74eee4d11ca0d81fbd275b2a549,train
patok_v2,train,frame5905_jpg.rf.188e49e87d2d9caeaeeaa868125dbba3,train
patok_v2,train,frame5905_jpg.rf.333af4127c086241ed9294ee7ca53f38,train
patok_v2,train,frame5978_jpg.rf.1c9e26512c20b01f4c20b8b672c12320,valid
patok_v2,train,frame5978_jpg.rf.63b1dc3d123f76bb6cd442154aef0f96,train
patok_v2,train,frame6046_jpg.rf.5ce9a1f61bef3587ce1e6fd4f9a1c958,valid
patok_v2,train,frame6046_jpg.rf.a244703144d8d60f198ae5420082cfad,train
patok_v2,train,frame6133_jpg.rf.538ceef5e6af38e2efbe41abbb7ef760,train
patok_v2,train,frame6133_jpg.rf.7463cb46687b8d1b4ff9712b7701b75b,train
patok_v2,train,frame6133_jpg.rf.b690b0f0f99d0e8ed5352258c199ea1e,valid
patok_v2,train,frame6133_jpg.rf.fc39937053894fac4a3a74a4e6341582,train
patok_v2,train,frame6974_jpg.rf.18c1cd40d58e4da963f5c5e7e52071b9,train
patok_v2,train,frame6974_jpg.rf.43356faee009016289c98eaf4b414240,train
patok_v2,train,frame6974_jpg.rf.70a048b64edc0104d9a3b314ff3b1ec8,test
patok_v2,train,frame6974_jpg.rf.7dd6c2e403e2a145ba34cdb3816c903c,train
patok_v2,train,frame6974_jpg.rf.83f47c5611c55baf9a8e9fcf9d24e01b,test
patok_v2,train,frame6974_jpg.rf.ba84c3a22b5eb777fe85ab7d162d5a03,valid
patok_v2,train,frame7080_jpg.rf.4d0d40c25ed271a00e21b4d4d15fb561,train
patok_v2,train,frame7080_jpg.rf.5cffb03d54763c483f2a23099e7a2ff0,train
patok_v2,train,frame7080_jpg.rf.a427f81943def5b55a0c65f6b1be37a5,train
patok_v2,train,frame7080_jpg.rf.b198a015c425a025879fb3141fec8bc4,train
patok_v2,train,frame7129_jpg.rf.4db81897583433b24c3e00ec8c4ab065,train
patok_v2,train,frame7129_jpg.rf.6f43d1aca550bd4c474d1ad4af6329e4,train
patok_v2,train,frame7183_jpg.rf.3efdb79ee133e25e01d676752f8bd8e7,test
patok_v2,train,frame7183_jpg.rf.a5dfc2365844df348db5d69ccaa03f14,train
patok_v2,train,frame7476_jpg.rf.2f25acbd307e7bb3a6794a870df26a31,train
patok_v2,train,frame7476_jpg.rf.7f2fd962bc0f98282acf0799fab1d015,train
patok_v2,train,frame7476_jpg.rf.9b499cf1e9d3a63c1b16d3642ad39908,test
patok_v2,train,frame7476_jpg.rf.a8e1d51c69cf71e8f36671bfdff9af54,train
patok_v2,train,frame7556_jpg.rf.4bdbbebc4ea5a60c677af99e00366ce0,train
patok_v2,train,frame7556_jpg.rf.c523472afbbd5367ce5014875f4b0e16,train
patok_v2,train,frame7613_jpg.rf.2359952c6b59d20de8b921b0a092bbf7,valid
patok_v2,train,frame7613_jpg.rf.6f2a328aae188fbbe9a9aef6b92621c8,train
patok_v2,train,frame7613_jpg.rf.735bd999a45badcfdaab80a50f3f6278,train
patok_v2,train,frame7613_jpg.rf.88b1403edb1cb01c45ef879fad55055f,train
patok_v2,train,frame7613_jpg.rf.a37c2eef29e70a90687f9da000607f47,train
patok_v2,train,frame7613_jpg.rf.ef50fa363d647292a125b1eef41c4849,train
patok_v2,train,frame7752_jpg.rf.3eec1bdabf1f8cbe4d6f1370cec11679,train
patok_v2,train,frame7752_jpg.rf.6b5daa597cf108ec44df7a46b9e903ae,train
patok_v2,train,frame7752_jpg.rf.c05acd07cc5c7a7253057b70d6f529c9,train
patok_v2,train,frame7752_jpg.rf.d95281148738ffc94698a7c347888a81,test
patok_v2,train,frame7908_jpg.rf.83ff621cb8a51b45101f4ae421da0661,train
patok_v2,train,frame7908_jpg.rf.9d4cdc8f714a86a7800c6702c18e7b21,train
patok_v2,train,frame7908_jpg.rf.a3219ee889348ff630faf555573c666b,train
patok_v2,train,frame7908_jpg.rf.babe47ef29e7bc0b6f42901190f45fc7,train
patok_v2,train,frame7908_jpg.rf.d89a11551f192c6a071f7d1dd642f491,train
patok_v2,train,frame7908_jpg.rf.de4649a94fe5d9eb0f4ba693c48bd23f,train
patok_v2,train,frame8348_jpg.rf.13344a37e4df46842b6a59d18c7284d5,train
patok_v2,train,frame8348_jpg.rf.653f69929bea68f41e86a9a29007a9f1,test
patok_v2,train,frame8423_jpg.rf.23d311ba7fccbb61b95dfc520e8d32dc,train
patok_v2,train,frame8423_jpg.rf.5c61162d563d80e403606acf5503f273,train
patok_v2,train,frame8423_jpg.rf.8fba41097be2d955ed9e73539d1b601a,train
patok_v2,train,frame8423_jpg.rf.a524e9005404a8f5315e71fa9ac4915b,train
patok_v2,train,frame8437_jpg.rf.534d2656a358da38457a31704484623e,train
patok_v2,train,frame8437_jpg.rf.5455b869db998a958d583608f36099d8,train
patok_v2,train,frame8437_jpg.rf.8d8af17a8052648e3aeabc631166797f,valid
patok_v2,train,frame8437_jpg.rf.dc51088cdf81d8462c55923900838ae3,train
patok_v2,train,frame9086_jpg.rf.4994b2caeab814805f49afc3c86e8303,train
patok_v2,train,frame9086_jpg.rf.8829e4ffa9bc23223da2e5c18eee3a43,test
patok_v2,train,frame9086_jpg.rf.aa310a488226a0452c271b82650c9798,train
patok_v2,train,frame9086_jpg.rf.c4fc13b7059b0662bc9d21f7f485a383,test
patok_v2,train,frame9292_jpg.rf.07991f179fead40a59df2896419f032c,train
patok_v2,train,frame9292_jpg.rf.755c090ca82de3183a6771ebb5c7ec80,train
patok_v2,train,frame9404_jpg.rf.3fade0be7e2d34ec222b6293ebd4f0d6,test
patok_v2,train,frame9404_jpg.rf.67e743c5f6e790fa3212702d6495bdfe,train
patok_v2,train,frame9430_jpg.rf.44d93ac0f911433e0c39d2679cafedca,train
patok_v2,train,frame9430_jpg.rf.e5f079784d5f1d6e50abb40a671f08ee,train
patok_v2,train,frame9551_jpg.rf.11a2884b19f763d46a6c67f47a479d61,train
patok_v2,train,frame9551_jpg.rf.ea2d97e376d10f172315620436222a66,train
patok_v2,train,frameseatbelt_1_00001_jpg.rf.927a2bef24e9cd06c3d6982b8293048b,test
patok_v2,train,frameseatbelt_1_00001_jpg.rf.af9b3a065ddd5c8ee735cb2fe3b49f5c,train
patok_v2,train,frameseatbelt_1_00002_jpg.rf.4cea43e04ff72bf1bb5382f77f59e089,train
patok_v2,train,frameseatbelt_1_00002_jpg.rf.81d54d9d72fd529d56a117879266ca41,valid
patok_v2,train,frameseatbelt_1_00006_jpg.rf.a8166c3d742330175a775c04f59017bf,train
patok_v2,train,frameseatbelt_1_00006_jpg.rf.d8e8a543bc02435ae097d948fda67210,train
patok_v2,train,frameseatbelt_1_00007_jpg.rf.7919876745eab48c56d2e4a2040cc409,train
patok_v2,train,frameseatbelt_1_00007_jpg.rf.db3403d18ad719d939711750b87a2a6f,train
patok_v2,train,frameseatbelt_1_00008_jpg.rf.3179eade9658ab72e41489a6e7c42422,train
patok_v2,train,frameseatbelt_1_00008_jpg.rf.9dc8511c3ab2d51f3cc861c6609a7d52,train
patok_v2,train,frameseatbelt_1_00010_jpg.rf.56a323efd70efb866c68337ddeab196a,train
patok_v2,train,frameseatbelt_1_00010_jpg.rf.68eb2c5c491b00c496c275eb3adc3a0b,train
patok_v2,train,frameseatbelt_1_00011_jpg.rf.91a8e2224742cba290a2db05bbfa09e1,train
patok_v2,train,frameseatbelt_1_00011_jpg.rf.c0e943bb4835ed07b1d954d934c76c73,train
patok_v2,train,frameseatbelt_1_00013_jpg.rf.81ab790d9340d9c58af753720e6f010e,train
patok_v2,train,frameseatbelt_1_00013_jpg.rf.90cd71dc3913ec809ae8bb0c12fed3d4,train
patok_v2,train,frameseatbelt_1_00014_jpg.rf.6d6b654aeca0066ffc69b0d164365800,valid
patok_v2,train,frameseatbelt_1_00014_jpg.rf.a1ccb7c0ddce919eeaa1692d1ca6cc26,train
patok_v2,train,frameseatbelt_1_00015_jpg.rf.00ae97135d1dd3258bd6f8f13db1e66a,train
patok_v2,train,frameseatbelt_1_00015_jpg.rf.2a66f3969b2d7b7d2da6bf04694e8f7d,train
patok_v2,train,frameseatbelt_1_00017_jpg.rf.2212be6e468342500334af27bd8d44a9,valid
patok_v2,train,frameseatbelt_1_00017_jpg.rf.b47abc626eaa7aa0f730841f89c8f6c1,train
patok_v2,train,frameseatbelt_1_00018_jpg.rf.256557dc0d43d34f459acba3f1052592,train
patok_v2,train,frameseatbelt_1_00018_jpg.rf.7fcd536c34e43c5aae727d9c803b689c,test
patok_v2,train,frameseatbelt_1_00019_jpg.rf.6497d3f7c9f073047edd6a8ce5652b60,train
patok_v2,train,frameseatbelt_1_00019_jpg.rf.b58681f2ae0694fc54df80490b3e2e91,test
patok_v2,train,frameseatbelt_1_00020_jpg.rf.07e486fd16148854144963f7c3e9221e,train
patok_v2,train,frameseatbelt_1_00020_jpg.rf.e6a6ef0860488f009757c1efae3c8ae4,train
patok_v2,train,frameseatbelt_2_00000_jpg.rf.4462838d28aa4ece3dfd1cfe714e695d,test
patok_v2,train,frameseatbelt_2_00000_jpg.rf.ab693c581f550ef4d3a36713a1267715,train
patok_v2,train,frameseatbelt_2_00001_jpg.rf.f8e12a8b04be81148fbc1344b229cd99,train
patok_v2,train,frameseatbelt_2_00001_jpg.rf.fed5266e3b0d0ece86cf21e042bd738a,train
patok_v2,train,frameseatbelt_2_00002_jpg.rf.cbafdcb72641ede0bc3937c632ffb302,train
patok_v2,train,frameseatbelt_2_00002_jpg.rf.cccd8387cf9ebc15c21d40f6ff77b9d1,train
patok_v2,train,frameseatbelt_2_00003_jpg.rf.0cde2402b9ea13deecb0ba50c304b273,train
patok_v2,train,frameseatbelt_2_00003_jpg.rf.304c3a5a86eba490851e5e4a2e6b5982,train
patok_v2,train,frameseatbelt_2_00005_jpg.rf.24991b96d8cb452486fc25c71499b64c,train
patok_v2,train,frameseatbelt_2_00005_jpg.rf.539285647ed47772065c5151dddd2e18,test
patok_v2,train,frameseatbelt_2_00006_jpg.rf.4a3a086f75db96883b753dffb4d14867,valid
patok_v2,train,frameseatbelt_2_00006_jpg.rf.a9eb21e5a13ece6b239a922a86652fb2,train
patok_v2,train,frameseatbelt_2_00007_jpg.rf.7bec2e96cbd8109c2348cfa32f276f40,test
patok_v2,train,frameseatbelt_2_00007_jpg.rf.7e85bad6eaef47213f505c5b76b64fef,train
patok_v2,train,frameseatbelt_2_00008_jpg.rf.691ae6200cfd2076cb4f0fe0cb7b4111,train
patok_v2,train,frameseatbelt_2_00008_jpg.rf.c9ae7029d49410c22726a70ebcd83bd8,train
patok_v2,train,frameseatbelt_2_00011_jpg.rf.4caa95da25ab845aeb9e40ada3064964,train
patok_v2,train,frameseatbelt_2_00011_jpg.rf.a43a27b78897ab75f609734192096bde,train
patok_v2,train,frameseatbelt_2_00013_jpg.rf.4550bdc1730a07462d5f8490c16e63bc,train
patok_v2,train,frameseatbelt_2_00013_jpg.rf.7223beda73f8cde8d146071e37d94048,test
patok_v2,train,frameseatbelt_2_00014_jpg.rf.42d11f41bd0fd2d661f62f7e965c9b05,train
patok_v2,train,frameseatbelt_2_00014_jpg.rf.b7cdf75a10d7aee6b39bf62e915d273f,train
patok_v2,train,frameseatbelt_2_00015_jpg.rf.2f1596087135efefaeed82a5aa0515ba,test
patok_v2,train,frameseatbelt_2_00015_jpg.rf.e771d50c173fa34c1c4c660bd7317bec,train
patok_v2,train,frameseatbelt_2_00017_jpg.rf.d7a770b3a4538b5c2b3b87929d945e63,train
patok_v2,train,frameseatbelt_2_00017_jpg.rf.dab776ef0d2118693c1103a7b19fc7f7,train
patok_v2,train,frameseatbelt_2_00018_jpg.rf.762188d092c13a85d815eae736037509,train
patok_v2,train,frameseatbelt_2_00018_jpg.rf.c5a54b28706402dbe0574e3fcd15715b,train
patok_v2,train,frameseatbelt_2_00019_jpg.rf.8cf2f59bde68dc8c535af66ba600bd9c,train
patok_v2,train,frameseatbelt_2_00019_jpg.rf.c0e378ae92fc8daddd49fb6af2b79067,train
patok_v2,train,frameseatbelt_2_00020_jpg.rf.201644be64de1e7fdfab313374c08735,train
patok_v2,train,frameseatbelt_2_00020_jpg.rf.a7834b6232a2f5f65d6763ffe461838f,valid
patok_v2,train,frameseatbelt_2_00021_jpg.rf.5be5fba69056ba1a2719671b35b9e4e5,train
patok_v2,train,frameseatbelt_2_00021_jpg.rf.73d44781a2bc28628219f448be2c5ef7,train
patok_v2,train,frameseatbelt_2_00022_jpg.rf.0a853c877f739a4a07f92856582ac0a2,train
patok_v2,train,frameseatbelt_2_00022_jpg.rf.1b08bf3ae9435fa030a7ff29eaf7f67e,train
patok_v2,train,frameseatbelt_2_00025_jpg.rf.a37ce9d82b57ef91f27f5bd02123427c,test
patok_v2,train,frameseatbelt_2_00025_jpg.rf.ca8f60bafaada76fcc27c06d843f860b,test
patok_v2,train,gambar-100_jpg.rf.8241d222186a04ea2cc534629b823635,train
patok_v2,train,gambar-100_jpg.rf.e55a161a145889d54478ec4122975bd9,train
patok_v2,train,gambar-105_jpg.rf.1b15eab4559a4436193be40ee27f4ade,test
patok_v2,train,gambar-105_jpg.rf.ac8d2ef3828f9e349419ec29b7a49751,train
patok_v2,train,gambar-114_jpg.rf.8106b35ed4f19661d9ca5c5793553e56,train
patok_v2,train,gambar-114_jpg.rf.e05229039c536781d9750b0860ea28d2,train
patok_v2,train,gambar-122_jpg.rf.71e4d1139d2dc8786517acdf377988a8,valid
patok_v2,train,gambar-122_jpg.rf.75fbacb8bab5b46c847fae0aa0b42f90,train
patok_v2,train,gambar-125_jpg.rf.8f34a84ed57ede1e07a0d3a9ee0aa429,train
patok_v2,train,gambar-125_jpg.rf.e8c1deb6fc66b04667e6e38d58eec5e9,train
patok_v2,train,gambar-129_jpg.rf.364d6cc8886d61b365e6a52805388fd3,valid
patok_v2,train,gambar-129_jpg.rf.9b706690a4dd822c6cf4ab008c6af236,train
patok_v2,train,gambar-131_jpg.rf.814b72223e04e6768b5527d5cae22af6,train
patok_v2,train,gambar-131_jpg.rf.c736ee2809cadd25f276e832702efa1c,train
patok_v2,train,gambar-139_jpg.rf.46ab21039a240058db906b5287563922,train
patok_v2,train,gambar-139_jpg.rf.93a14b63105540e32a75a863a201acbb,train
patok_v2,train,gambar-140_jpg.rf.78ec298d8e8fe4314f78dd6d73c52e89,train
patok_v2,train,gambar-140_jpg.rf.8a8de674d8dc979a9359b47a92667d67,valid
patok_v2,train,gambar-143_jpg.rf.b7c2be6826052f0488b79a45eaee1e42,train
patok_v2,train,gambar-143_jpg.rf.c42a84b7dbeae8494132416dfbc38a1b,train
patok_v2,train,gambar-149_jpg.rf.74d10d2e50d709e6102a5b0f67e6c08f,train
patok_v2,train,gambar-149_jpg.rf.e0ce0c1f106ce4ee79e72a0643839c3c,train
patok_v2,train,gambar-159_jpg.rf.70b07cda8bc18ec8bad5095fa303c084,train
patok_v2,train,gambar-159_jpg.rf.d9a95842438a1313df8c8e2286df9373,valid
patok_v2,train,gambar-164_jpg.rf.0c92796295409842be77fde278a1dfbf,test
patok_v2,train,gambar-164_jpg.rf.b70272b4e8a93ebfbefbc8a5c1200a91,train
patok_v2,train,gambar-178_jpg.rf.4bc38c97a498093015800bbe10d03207,train
patok_v2,train,gambar-178_jpg.rf.71d192950649556e837cb992f7408c61,train
patok_v2,train,gambar-184_jpg.rf.48eff9c1d720252d03310272148f562e,train
patok_v2,train,gambar-184_jpg.rf.54068b6cd9fe184fcecc5e4cdad7763d,train
patok_v2,train,gambar-188_jpg.rf.96cedc71bff1abafd0fb00a40cb57767,test
patok_v2,train,gambar-188_jpg.rf.d6004df887210ad61041b55c9833034a,test
patok_v2,train,gambar-194_jpg.rf.459abd14fdd6a9a7b152e49f7f77bf53,train
patok_v2,train,gambar-194_jpg.rf.ceab22997be33f1f400d392cc2d2fd1c,test
patok_v2,train,gambar-198_jpg.rf.07e4cb596191149f260de08cc4c3a8f2,valid
patok_v2,train,gambar-198_jpg.rf.30e9aaee537d5ee70cf119bba7c9f7bb,train
patok_v2,train,gambar-211_jpg.rf.2be6335f5f22ed18c43c619d9dc48d9b,train
patok_v2,train,gambar-211_jpg.rf.3f8525d1457348550f8225d05b22061f,train
patok_v2,train,gambar-222_jpg.rf.1270010570e0649d0d699cc9bb0876a9,train
patok_v2,train,gambar-222_jpg.rf.466f944cf8158fe9ea763926e3bb8b44,train
patok_v2,train,gambar-225_jpg.rf.39cbbe6bc4b4d74f2847a979d8549bfa,train
patok_v2,train,gambar-225_jpg.rf.7c5363c3c9e8f5aa3a579209f0464cac,train
patok_v2,train,gambar-227_jpg.rf.034e5fa8ac39df7a4e47193c78e19f58,valid
patok_v2,train,gambar-227_jpg.rf.43bc3427bc22a3e6e0c135b62e3f2072,train
patok_v2,train,gambar-229_jpg.rf.3e97289931cd7487b2fc2169bd633536,train
patok_v2,train,gambar-229_jpg.rf.f623a4880fe75b4b761a90d466e90975,train
patok_v2,train,gambar-22_jpg.rf.47c72c229db22536085b739070c52b23,train
patok_v2,train,gambar-22_jpg.rf.905b9b24452e5f5de470a347c295b0c9,train
patok_v2,train,gambar-233_jpg.rf.27aa01ce5f808aae6462b1e81fc537c0,train
patok_v2,train,gambar-233_jpg.rf.5e7570cfcfc3515fca55bc8f05b245ba,train
patok_v2,train,gambar-234_jpg.rf.06b44909f0c74ea99f66dfb1fbc7ee2d,train
patok_v2,train,gambar-234_jpg.rf.b5754cbc22cdedb91a9f62f7077b5825,train
patok_v2,train,gambar-247_jpg.rf.32b98c75a91dc6350075283d9c8e6547,train
patok_v2,train,gambar-247_jpg.rf.71ef2c9b78cbc4d972d1578ae49e0fbb,train
patok_v2,train,gambar-247_jpg.rf.8703d7bd00f490996c5819d7d7193b0f,train
patok_v2,train,gambar-247_jpg.rf.b826ff0dbe4412e0172a3318ea42f959,train
patok_v2,train,gambar-250_jpg.rf.2c5feb43b6809a54f7744c9474c0b1ac,train
patok_v2,train,gambar-250_jpg.rf.bd89cdbe6027ab44cbf5691f18b739fa,train
patok_v2,train,gambar-260_jpg.rf.63752b0dc7bde815c1c0d84cca8ddd1d,train
patok_v2,train,gambar-260_jpg.rf.c926da26054044bf2214ed4572887520,train
patok_v2,train,gambar-263_jpg.rf.0baa54dc0cce8c692cb51ece41babc3f,train
patok_v2,train,gambar-263_jpg.rf.11c10474a40acfb612b9c4c9b334c480,train
patok_v2,train,gambar-263_jpg.rf.471d5a6a270219df64e7eaeb93270121,train
patok_v2,train,gambar-263_jpg.rf.f25236cdeffc3efb1273accb871fddea,train
patok_v2,train,gambar-26_jpg.rf.33418089f30f56d9744cb681c2c62999,train
patok_v2,train,gambar-26_jpg.rf.3ef2bb2beb587ec70d2e1d2c72f10fce,train
patok_v2,train,gambar-272_jpg.rf.9751c5b770eacc759053fcdc92df51a7,train
patok_v2,train,gambar-272_jpg.rf.a1bbcb470a05656a69edc7a0be847f39,train
patok_v2,train,gambar-279_jpg.rf.16bcea9c7db2bfb249204b1b81ec0dfa,test
patok_v2,train,gambar-279_jpg.rf.bede20b8d757157e492c20159f31845e,train
patok_v2,train,gambar-27_jpg.rf.30301b8ad37ccca46d8e02bd1336be4a,valid
patok_v2,train,gambar-27_jpg.rf.e6c731b50a4a2e9ddb1e45932a09f9dc,train
patok_v2,train,gambar-299_jpg.rf.131bff67f7aaa4458c37ebdef2315975,train
patok_v2,train,gambar-299_jpg.rf.a4d51b79833245ec3bd693f4b203dc8a,train
patok_v2,train,gambar-29_jpg.rf.9c507ddbfaf7fb0692ecc74e14cbd8b5,valid
patok_v2,train,gambar-29_jpg.rf.a04d22d75794dc396765b98b075ac3e5,train
patok_v2,train,gambar-317_jpg.rf.4a8a5f7b4e8f80650fe173c2ac1a05b3,train
patok_v2,train,gambar-317_jpg.rf.b5cc1dc753f418742f20fd8659493e8c,test
patok_v2,train,gambar-319_jpg.rf.4a83f7099dd17d312a5f4b6ac5595d5d,train
patok_v2,train,gambar-319_jpg.rf.662232e9edfc97481b38499cbe9e7583,train
patok_v2,train,gambar-322_jpg.rf.639fae77113549fbb6ef3af5454f8709,valid
patok_v2,train,gambar-322_jpg.rf.b48fed952c0f1392239fac5ecf983783,train
patok_v2,train,gambar-329_jpg.rf.428b31308f1838b261a99eeb779c9c11,valid
patok_v2,train,gambar-329_jpg.rf.69d71b7f23bc376074f59f0231f38462,train
patok_v2,train,gambar-32_jpg.rf.6c53d7c7fd6b2734a01088f9fcd570ca,valid
patok_v2,train,gambar-32_jpg.rf.f4ef0f3e9b037a5b8b2b08adf15a3c30,train
patok_v2,train,gambar-335_jpg.rf.8e7546e6ad9ed782f655cb914a772666,train
patok_v2,train,gambar-335_jpg.rf.fdacc63a3fbe63eec854c6dce63c3231,train
patok_v2,train,gambar-371_jpg.rf.6cf19b4ae6dd54a1a5c7dba71f9d0a45,train
patok_v2,train,gambar-371_jpg.rf.d1c0162e121439cfbe1d111ff0ed719f,train
patok_v2,train,gambar-380_jpg.rf.09f27cb54913bb5a4cbc2f197c2b0fb9,train
patok_v2,train,gambar-380_jpg.rf.73eb41fe8e3df342d500bbb908372cd7,valid
patok_v2,train,gambar-391_jpg.rf.3d553cda0cf966b668b1632dc9bd4465,train
patok_v2,train,gambar-391_jpg.rf.994cbcc5c1e58e7a996c5281f46e241a,train
patok_v2,train,gambar-397_jpg.rf.47fb81502eee0a2b187df430d07f152f,train
patok_v2,train,gambar-397_jpg.rf.a0394efb682a78f0e6e308d18f8221a6,train
patok_v2,train,gambar-42_jpg.rf.3ab715f2c7444889328499cccf752eb1,train
patok_v2,train,gambar-42_jpg.rf.d8451c7614db0155ca1970bfb26e1f7c,train
patok_v2,train,gambar-443_jpg.rf.3172a826b8d0b759a201ab331b639cd3,train
patok_v2,train,gambar-443_jpg.rf.e1a00ded2451726c0db41c532086027e,train
patok_v2,train,gambar-454_jpg.rf.1856df7930ff801bc77103491df1d898,train
patok_v2,train,gambar-454_jpg.rf.f8ea1c140bbf117f93f4669896b46e9c,train
patok_v2,train,gambar-455_jpg.rf.6a86de761fe27869f022f0c3d03428b5,valid
patok_v2,train,gambar-455_jpg.rf.734475ef46f6de4b267093d1763dc58d,train
patok_v2,train,gambar-464_jpg.rf.88ed7ad3b3eb379041b4703a48d42896,train
patok_v2,train,gambar-464_jpg.rf.e7a235229d1d038ba157242c8918426f,train
patok_v2,train,gambar-46_jpg.rf.2dee4e6a9c62233ad0023d161c60b05d,test
patok_v2,train,gambar-46_jpg.rf.c0dc8dc3235080edb3e4523feb730f83,train
patok_v2,train,gambar-46_jpg.rf.c154c681d54af461869016429cdd9987,test
patok_v2,train,gambar-46_jpg.rf.fa4d34265f92e5e05b82b3ac06934cf0,train
patok_v2,train,gambar-471_jpg.rf.0b9ccbf349ea38bb7111df2716641a5b,train
patok_v2,train,gambar-471_jpg.rf.a1e08e69b8563b2f63d00ff2ed3b10e1,valid
patok_v2,train,gambar-476_jpg.rf.0290add5a0cd62e19b0fef5a06995e5d,train
patok_v2,train,gambar-476_jpg.rf.e4b6ee392ac483066e63cbcb8a0e5c80,train
patok_v2,train,gambar-490_jpg.rf.4304d047595aa1c55b0f09f218f32abd,train
patok_v2,train,gambar-490_jpg.rf.a9106b09fb0d48fa5058291989c2e3c2,valid
patok_v2,train,gambar-496_jpg.rf.8464c87dd7567257983ec6f55d98381a,test
patok_v2,train,gambar-496_jpg.rf.88662f54deb1f86840d0c6d5c3e4d1ab,train
patok_v2,train,gambar-505_jpg.rf.8db590aed00864f5f0b7fbf0cc9e96e5,train
patok_v2,train,gambar-505_jpg.rf.d1eccb0029f8c60a6209b4f9a304e220,train
patok_v2,train,gambar-514_jpg.rf.40587a61768e5ac24c660a33b2421869,valid
patok_v2,train,gambar-514_jpg.rf.b250c5d505ecbbdb934e2d5928e49443,train
patok_v2,train,gambar-518_jpg.rf.1cc160fc6b8a53fc47b8117343e59b7f,train
patok_v2,train,gambar-518_jpg.rf.5147463a01d404da8f2c09064abaf0f3,train
patok_v2,train,gambar-525_jpg.rf.33367e4ab5bd8c4de6ab475afa9977dd,train
patok_v2,train,gambar-525_jpg.rf.bcbe453c64bbae8c6e738bc337bd74e9,train
patok_v2,train,gambar-527_jpg.rf.1cdb2afb5647635b0b9880ba6f7d543f,train
patok_v2,train,gambar-527_jpg.rf.45084f83e56fb343f8481a90223c0fff,train
patok_v2,train,gambar-53_jpg.rf.10e29a6bb1cc519efd7abf81db4db82f,test
patok_v2,train,gambar-53_jpg.rf.64d7051ae9aff269f9df195045f1a577,train
patok_v2,train,gambar-57_jpg.rf.187417d6e0173953c81b4d2dda1c7b7d,test
patok_v2,train,gambar-57_jpg.rf.4213265ac93e72196e014e07c21d6ff7,valid
patok_v2,train,gambar-57_jpg.rf.63ff1138f04cfed0db4a6fc812ac1d24,train
patok_v2,train,gambar-57_jpg.rf.fe726a5796142d50fc39591012de46ec,train
patok_v2,train,gambar-63_jpg.rf.1962e8646d39a17555bde1e6248a3bd5,train
patok_v2,train,gambar-63_jpg.rf.3dc7eed0e6f32aecf5f999de521bb06b,train
patok_v2,train,gambar-64_jpg.rf.3256c5a7062b679a29689b213b75e4d7,train
patok_v2,train,gambar-64_jpg.rf.f4623ef36b6327f727bde0f120ae0991,test
patok_v2,train,gambar-68_jpg.rf.3709b019cbfc86720ee8762911111156,train
patok_v2,train,gambar-68_jpg.rf.5fbb8405f3671f2698993686c6027a0a,train
patok_v2,train,gambar-82_jpg.rf.5a28fa0cd0f5c2fd36c4cdcc6aa2bba2,train
patok_v2,train,gambar-82_jpg.rf.85920fbcdff63c8e2d52ce483e86b48e,train
patok_v2,train,gambar-98_jpg.rf.68f05cb768ac4f568301de4f28e7bc62,train
patok_v2,train,gambar-98_jpg.rf.ceda6c49cc2a404c746c6fc6e88df9c0,train
patok_v2,train,gambar-9_jpg.rf.3eb3618a18be04a29b3db710fbd1f370,valid
patok_v2,train,gambar-9_jpg.rf.5272c7266f8b2a4497c1d66b215ca269,train
patok_v2,train,image-100_jpg.rf.201c2f44e1608d8b0103420f8f7874f0,train
patok_v2,train,image-100_jpg.rf.783a6c54dd7bb855641589fab6745583,train
patok_v2,train,image-102_jpg.rf.0d27c1ded7512aed763a174f967a602b,train
patok_v2,train,image-102_jpg.rf.40de0cf612cc49e631ac6236242c0a9d,train
patok_v2,train,image-105_jpg.rf.2f15e2a56f6e5178a8e7749de586597b,train
patok_v2,train,image-105_jpg.rf.53144003a35b1e4b225c644e4eaa8f32,train
patok_v2,train,image-124_jpg.rf.5fdf0819cc7546cea9e86d746c33754e,train
patok_v2,train,image-124_jpg.rf.b5875ebde1485c34123dfba44062e5e7,train
patok_v2,train,image-127_jpg.rf.0c821c18e8d09407f41d3cac5561ca46,train
patok_v2,train,image-127_jpg.rf.cce3b145fb9c9779c1a1e1813ed972aa,train
patok_v2,train,image-150_jpg.rf.0992af4c19869b24068487c3298ad084,train
patok_v2,train,image-150_jpg.rf.68cae661bb5040d22da204f549b37043,test
patok_v2,train,image-154_jpg.rf.293ecf1b4d69b6f2141c819d5be8ecdb,test
patok_v2,train,image-154_jpg.rf.86ffa4fc4306ca98922ec53d4267d6e3,train
patok_v2,train,image-160_jpg.rf.8621c7ac89286a0ec0c80b2b32934353,train
patok_v2,train,image-160_jpg.rf.c5b63196a6a68d81b69055df3b885a91,train
patok_v2,train,image-167_jpg.rf.279afcd82a083092993452539ba3fd27,train
patok_v2,train,image-167_jpg.rf.bf78b37fcff93296b894cac4e5bb28c7,train
patok_v2,train,image-176_jpg.rf.3d55da65f9c84f30a14857a22b388efa,train
patok_v2,train,image-176_jpg.rf.492a473fbe620a8ce6c01ac16fd72dd9,train
patok_v2,train,image-198_jpg.rf.8fbac5846dbf953d062198c3db829986,train
patok_v2,train,image-198_jpg.rf.d31c55eccb48001f826d9ddde299ccde,train
patok_v2,train,image-208_jpg.rf.3ae24df0603dda067db213fd2ef02bec,train
patok_v2,train,image-208_jpg.rf.f7b8fdb6a035a300acf5f411fe602d61,test
patok_v2,train,image-218_jpg.rf.5b0d772b16ba05b43e53243a6fa6da53,train
patok_v2,train,image-218_jpg.rf.de80e542d2b547a27680f8e84d5e2444,test
patok_v2,train,image-232_jpg.rf.e424d85c393a2d612bf5a96ed2707208,train
patok_v2,train,image-232_jpg.rf.edf43cff1ee9cae3da5df2805d29acc5,train
patok_v2,train,image-235_jpg.rf.57764e6e27db481f9df2c0dae7c0828b,valid
patok_v2,train,image-235_jpg.rf.ac173c2aa08296827257a39891e77a56,train
patok_v2,train,image-236_jpg.rf.18c6773bd7125f529a2369bb02c5004f,train
patok_v2,train,image-236_jpg.rf.7dbb54f081f651bea483470e12a5ecc0,train
patok_v2,train,image-250_jpg.rf.1a52214efbf378669612f15405a769a8,valid
patok_v2,train,image-250_jpg.rf.fb56351a5c9ae026288260cce89cdbe9,train
patok_v2,train,image-26_jpg.rf.4d1ba4535474ca4ccb73d3109195af0e,train
patok_v2,train,image-26_jpg.rf.b3d163fc7a0b53ef238b31d3363672e2,train
patok_v2,train,image-292_jpg.rf.74c8d6e406bb5751e9c992ecd2c9fa87,train
patok_v2,train,image-292_jpg.rf.8bc8cdb0defd3f1fc65fb33ed198b9f9,train
patok_v2,train,image-363_jpg.rf.69ab771454ba19e7b2840d8ecc6c309e,train
patok_v2,train,image-363_jpg.rf.dce5e10f9f6a09f786a976799a44e41b,valid
patok_v2,train,image-378_jpg.rf.cb73ca7c37b95801d31fb6742f050716,test
patok_v2,train,image-378_jpg.rf.f1fdb70e6c05d9fe68a163b143f176a5,train
patok_v2,train,image-386_jpg.rf.2eb5060a0fb2f871325280ee7573cf65,train
patok_v2,train,image-386_jpg.rf.d0d1c357490d5e0f34ba86645079ad2f,valid
patok_v2,train,image-40_jpg.rf.3297e945a8f11e7677867ecd1bd377fa,train
patok_v2,train,image-40_jpg.rf.f660e6c77db809b9b9b0073ef9774b26,train
patok_v2,train,image-425_jpg.rf.87112646104ae4df8434af5483aeb863,valid
patok_v2,train,image-425_jpg.rf.89ced4a5be79168bfe9a690c1d5f51ec,train
patok_v2,train,image-447_jpg.rf.19237697ba862bb96d51371251012fce,train
patok_v2,train,image-447_jpg.rf.baba1a83822d590060a71f44be897b33,valid
patok_v2,train,image-463_jpg.rf.79b0207849471ceb0148847e51b638a2,train
patok_v2,train,image-463_jpg.rf.be021f46c00671be3ff4c37cdcdfccc6,valid
patok_v2,train,image-46_jpg.rf.1699e25de77ce251cf60ad15603fe29f,train
patok_v2,train,image-46_jpg.rf.ef469c16fe36667876f698491dde8e17,train
patok_v2,train,image-471_jpg.rf.8fe745a4f15df67c50b0ecb42971240d,train
patok_v2,train,image-471_jpg.rf.f6fe466431d03e274422cd34418e0170,valid
patok_v2,train,image-481_jpg.rf.4fd035dd66e013e9fa622012e5ae1a80,train
patok_v2,train,image-481_jpg.rf.cea497d76c929b94143d17a661dfd4b1,train
patok_v2,train,image-496_jpg.rf.9702964018ef1ebc9fbcd58835ee339d,train
patok_v2,train,image-496_jpg.rf.bc332ca063b7f32f2306ffa95a6bb33f,train
patok_v2,train,image-517_jpg.rf.094cceb825a0e94a87e7fb45df637b16,train
patok_v2,train,image-517_jpg.rf.b373312e836e30621d6f2d05b3cd9bc2,train
patok_v2,train,image-541_jpg.rf.5e61788b111f6ab93c941e7de24cedd0,train
patok_v2,train,image-541_jpg.rf.ec3f3d0733a84f75179672411444a8fd,valid
patok_v2,train,image-551_jpg.rf.d00c4fc0d58ddcc9c8e0dfc970071cd1,train
patok_v2,train,image-551_jpg.rf.ed29c2e30631f0ff15ccca18e44caec4,train
patok_v2,train,image-77_jpg.rf.9a47f2f100537a085d6dddf4289880c0,train
patok_v2,train,image-77_jpg.rf.f85c2c3c7dc636e690b47eb6173a0213,train
patok_v2,train,image-79_jpg.rf.1e01b4c4097aae1fd9aa0e8b8df32f3d,train
patok_v2,train,image-79_jpg.rf.994f2f7fb15db2896a83cfb78a996cc8,train
patok_v2,train,image-89_jpg.rf.a917003e668846a388d8eb695d811bff,train
patok_v2,train,image-89_jpg.rf.d7a867101d0cc4db9928b1a08ccd9473,valid
patok_v2,train,image000000_jpg.rf.0a70a8be2e0761fe092643ba17ce6cdd,valid
patok_v2,train,image000000_jpg.rf.0c65f5c4f219d5f536fc778f78abbd68,test
patok_v2,train,image000000_jpg.rf.106d25b49e1b545b33a8c8775cef8e2f,train
patok_v2,train,image000000_jpg.rf.3b450c20be3c7abc091b70ba29ef6873,train
patok_v2,train,image000000_jpg.rf.50bd12dda833cde7198d55053215e157,train
patok_v2,train,image000000_jpg.rf.671242122f6d579c2cc40213eeaf8815,train
patok_v2,train,image000000_jpg.rf.696942793a59b515154932b326879a92,train
patok_v2,train,image000000_jpg.rf.848e4e2a9c7c41e5e82a2900c40174bd,valid
patok_v2,train,image000000_jpg.rf.8d0a39243060ea8d2dcd31768cf16ec5,train
patok_v2,train,image000000_jpg.rf.b821fd2811094cabcecbfdd2855c75f8,train
patok_v2,train,image000000_jpg.rf.cdf4179c1a5f6558c6623161b2421c56,valid
patok_v2,train,image000000_jpg.rf.d8b115b335068b27829f1e226fba7334,test
patok_v2,train,image000001_jpg.rf.01f3e590208208f07cfec13e59e3857b,train
patok_v2,train,image000001_jpg.rf.0a0a0d2da5f277601e4d9cb6a7e9f271,valid
patok_v2,train,image000001_jpg.rf.0d0cd117cfa955f96883912a339bed49,train
patok_v2,train,image000001_jpg.rf.2239d0e2e74e2d8a3d6d6cd04428fdb7,train
patok_v2,train,image000001_jpg.rf.2af6d10ed438e123c3bfee6da0e24822,test
patok_v2,train,image000001_jpg.rf.3016ae77e14ab3c88b56e4a88b2deb79,train
patok_v2,train,image000001_jpg.rf.323ca1b59b7cb9b14b06c6cb435f4a1c,train
patok_v2,train,image000001_jpg.rf.3431bf48c2aa13a7ddd9c397e5ef5dc2,train
patok_v2,train,image000001_jpg.rf.407c5e2d0b643a3849b578eca159b963,train
patok_v2,train,image000001_jpg.rf.4cdd282388ba795167a1b3dfa0648690,train
patok_v2,train,image000001_jpg.rf.4f7194fe13496b41820f048433dc49fa,train
patok_v2,train,image000001_jpg.rf.4fcd5381f9b1034313386712080851fe,train
patok_v2,train,image000001_jpg.rf.5da2749506f8856548d9beb9257b3122,train
patok_v2,train,image000001_jpg.rf.69b5c0f0d9a5161f2233c18bfdefb831,train
patok_v2,train,image000001_jpg.rf.8773f82bf6500f8dfa95e76ef99368b1,valid
patok_v2,train,image000001_jpg.rf.c89ac2f03bec364e3095ac85e749146d,valid
patok_v2,train,image000001_jpg.rf.cbcb72bcf271fda9d29796ae72671b57,train
patok_v2,train,image000001_jpg.rf.dfa963f51bca0c04e8b3a46b61bf3c64,train
patok_v2,train,image000002_jpg.rf.0491188f7c16ff96ca33470ac2c0b876,train
patok_v2,train,image000002_jpg.rf.18bff954c48b013e10fb0aca87d440ae,train
patok_v2,train,image000002_jpg.rf.50599e365d057f0dd91feac0f0aa7017,valid
patok_v2,train,image000002_jpg.rf.644164061baf39b755cd8a18a7b4aa24,train
patok_v2,train,image000002_jpg.rf.73211eec28123bfbdb381e1e8e77da19,train
patok_v2,train,image000002_jpg.rf.83346d934c4e8cf3b53aa5487910249e,train
patok_v2,train,image000002_jpg.rf.899e4687d629b10a50aa1425298a36e9,train
patok_v2,train,image000002_jpg.rf.a51bc7a2f259b5e73a12e23da15d4129,train
patok_v2,train,image000002_jpg.rf.bcf162d442c442d3a778cbcbcc48b5cf,test
patok_v2,train,image000002_jpg.rf.d1b6ed65926762dcb739ce4a7b7865aa,train
patok_v2,train,image000002_jpg.rf.dc8bbae1b4bc7142b8a95694154cbbc1,train
patok_v2,train,image000002_jpg.rf.fdeab7aac489ca9dd08f9ed60cd73b43,train
patok_v2,train,image100_png_jpg.rf.e044684be6f4c9e08e3582e42fd1db17,train
patok_v2,train,image100_png_jpg.rf.f29696a87b5e2dc504798ae97d46786d,train
patok_v2,train,image103_png_jpg.rf.6976a8afa3d0eeafdc08c20f0917c432,train
patok_v2,train,image103_png_jpg.rf.8f2f3d209819816d8197ee5a52e83ea6,train
patok_v2,train,image103_png_jpg.rf.92ff13057de041a2253d6f13260cdc28,train
patok_v2,train,image103_png_jpg.rf.ff3b901b77679908c5e8717f8718ed99,train
patok_v2,train,image1260_png_jpg.rf.2bb3458b08083610b62b1a10cb258cde,valid
patok_v2,train,image1260_png_jpg.rf.2e5498514fa5fd67ce97de8444de5ba6,train
patok_v2,train,image1260_png_jpg.rf.369a7d6d64dcf76a0c3f15fc65a1afe1,valid
patok_v2,train,image1260_png_jpg.rf.fad70f1edb8d07b34c63e79968f98eff,train
patok_v2,train,image1265_png_jpg.rf.726d6decf5f172d35e93114d9ef84154,train
patok_v2,train,image1265_png_jpg.rf.b8ccac32c471bdb9f2d66f37048fd2bb,train
patok_v2,train,image1265_png_jpg.rf.d0075a60c95ddc83c90c831012faba9e,train
patok_v2,train,image1265_png_jpg.rf.d7c1172f6d77d75c2428d754d4c76d70,train
patok_v2,train,image1266_png_jpg.rf.065424961ca5244b687ac55cdc475913,train
patok_v2,train,image1266_png_jpg.rf.7efddb3e87e7381f5be586cb7448c53d,train
patok_v2,train,image1266_png_jpg.rf.81eaf2b2cdcf85d711683da628ef960d,train
patok_v2,train,image1266_png_jpg.rf.8d6d6ba33eced2a425b9a75074311ff8,train
patok_v2,train,image1266_png_jpg.rf.db30d39ee46d750c75e9a3d565a5b716,valid
patok_v2,train,image1266_png_jpg.rf.e9684fd7488e3da4fdf59739172ef5da,train
patok_v2,train,image1269_png_jpg.rf.8e4c12471f5e4618b13c5a00522b0a7d,train
patok_v2,train,image1269_png_jpg.rf.bdca8ecc19392fc25c1a9a0db5a33fe2,train
patok_v2,train,image1271_png_jpg.rf.02982b842d2eecc57dfbd9a5a3018f9e,valid
patok_v2,train,image1271_png_jpg.rf.19222dc0e6e72d574706f297889991cc,train
patok_v2,train,image1271_png_jpg.rf.a80201d8d92104639ee8c1ed32f93268,train
patok_v2,train,image1271_png_jpg.rf.c94d331580769c19c415cad4badc5e3d,train
patok_v2,train,image1277_png_jpg.rf.021db62341be2eb327934988fffbf5fe,train
patok_v2,train,image1277_png_jpg.rf.0a96901722603a01131a1336c977c45f,train
patok_v2,train,image1277_png_jpg.rf.49414bb2d6412a983ce4f4dd8e550ad4,train
patok_v2,train,image1277_png_jpg.rf.66600c9ecb7145d668b83ecaf8d119a5,train
patok_v2,train,image1277_png_jpg.rf.737b07e3a5aadffb5727897bfd41038a,train
patok_v2,train,image1277_png_jpg.rf.b2d1a8966b14257f9529f7e1a9df5d0a,valid
patok_v2,train,image1282_png_jpg.rf.54421495309315f120a797d1536d2063,train
patok_v2,train,image1282_png_jpg.rf.ecef6a12f6fe5cb53035c11021c19cb7,test
patok_v2,train,image1285_png_jpg.rf.401477c35549e2f736a1b288c465306b,test
patok_v2,train,image1285_png_jpg.rf.460da24b53b1bf6426b3b24adc3bed8e,train
patok_v2,train,image1285_png_jpg.rf.466058527b34d15f5f19a4b31e0cb0c1,train
patok_v2,train,image1285_png_jpg.rf.9b5d2a1b1ca5e3af22ff1fb2c086b403,train
patok_v2,train,image1288_png_jpg.rf.00656cb2c9b29270e26e962e9eb6bd16,train
patok_v2,train,image1288_png_jpg.rf.20124818a319758cdea2744700344a78,test
patok_v2,train,image1288_png_jpg.rf.2d91bb75dc686e10ee7b49c8aefa2e40,train
patok_v2,train,image1288_png_jpg.rf.f9c6bdd6eb836d2d1773b24a626dc20b,train
patok_v2,train,image1292_png_jpg.rf.111e0a35fa9e2ea7a14f766868556961,train
patok_v2,train,image1292_png_jpg.rf.22fdc0263d6341835d574276654c6281,valid
patok_v2,train,image1292_png_jpg.rf.683b91a1dd61e09671ffe72f71566f0e,train
patok_v2,train,image1292_png_jpg.rf.d1e5f98a323b15fa5104e6e30bbd97ce,train
patok_v2,train,image1295_png_jpg.rf.2158749a9c27936ae0701e2e547566bf,train
patok_v2,train,image1295_png_jpg.rf.928b0db163be9eab1176dd87ef8e96b5,test
patok_v2,train,image1295_png_jpg.rf.9c1024807002a0d2abff409dc33f613b,train
patok_v2,train,image1295_png_jpg.rf.e712709946bf678c9b6bd5b8efe61009,train
patok_v2,train,image1300_png_jpg.rf.985447da6021e32fa3b528bd3f3a9d55,train
patok_v2,train,image1300_png_jpg.rf.a2cfcb46bc875bc46d7674a5db0738dc,train
patok_v2,train,image1301_png_jpg.rf.b56a462c1fa9a5bb3d6ea2bf528b75a9,train
patok_v2,train,image1301_png_jpg.rf.d37343db41f7c0c38a7dfab1f5b9f073,train
patok_v2,train,image1303_png_jpg.rf.9107d046d46e3eabff0f40ba6221d752,train
patok_v2,train,image1303_png_jpg.rf.a364c5528ce001223a974da0667336c9,train
patok_v2,train,image1310_png_jpg.rf.4b7fd2a3969e1b521afccd0df4c242ee,train
patok_v2,train,image1310_png_jpg.rf.587f039132f34c3a00edd9616e5384bb,train
patok_v2,train,image1310_png_jpg.rf.69d794059196effeac043dfbc39ec164,train
patok_v2,train,image1310_png_jpg.rf.daa1050a308971952e8fe1748a414ae4,train
patok_v2,train,image1311_png_jpg.rf.47d73b720836eca55d9c91c0146de432,train
patok_v2,train,image1311_png_jpg.rf.6065b1707227f6b284c8b342ae0aa5e5,valid
patok_v2,train,image1311_png_jpg.rf.6ac197d129395613c590ca0e490c3f01,train
patok_v2,train,image1311_png_jpg.rf.714a54d6eeba28f27072f10cac65fbb6,train
patok_v2,train,image1311_png_jpg.rf.a76a284f9f19030d97824cf7409af473,valid
patok_v2,train,image1311_png_jpg.rf.cdbc7409f677fd59421b13780887e6b2,train
patok_v2,train,image1312_png_jpg.rf.2a1cf8506f99711a394ed3e9ff0f161b,train
patok_v2,train,image1312_png_jpg.rf.70261ae3fa33b87bd51ca739c3c42a7d,train
patok_v2,train,image1312_png_jpg.rf.ae2298b3e2fd2970b4688d69cc3ac0d6,train
patok_v2,train,image1312_png_jpg.rf.ead69cb840b26a6e1396f5c0efa58e8c,train
patok_v2,train,image1318_png_jpg.rf.100e5c3c816c640204e71d778f48d835,valid
patok_v2,train,image1318_png_jpg.rf.7a56b11315f33a0bed5edaa8ecab84f8,valid
patok_v2,train,image131_png_jpg.rf.40f4f796f6e46b6d964f74d4f7c48f20,train
patok_v2,train,image131_png_jpg.rf.89dee046f84934b25ad4c23fd8d289f9,train
patok_v2,train,image1320_png_jpg.rf.3d85261afb4cda0a9d41af4732c337ac,valid
patok_v2,train,image1320_png_jpg.rf.b90dd42963cee093fbfa822851206e76,train
patok_v2,train,image1328_png_jpg.rf.6eeb00fdacfb1886f324e3ac1c7f469f,valid
patok_v2,train,image1328_png_jpg.rf.6f22f35886f70b610082ad0f728ef6b6,valid
patok_v2,train,image1331_png_jpg.rf.51f226ca415e7d98603d220dd20ede7e,test
patok_v2,train,image1331_png_jpg.rf.703207d0f7078a2a46f8c9342eeea03e,train
patok_v2,train,image1331_png_jpg.rf.e2a94b01b484c76bb84641a59dca1031,valid
patok_v2,train,image1331_png_jpg.rf.f2f1331734dc0040f59343de7e55c8a6,valid
patok_v2,train,image142_png_jpg.rf.4d917f9677c00323ae9fe2b0d7115839,train
patok_v2,train,image142_png_jpg.rf.9a5bd90620094b6a4fb0c4176b55b7d4,train
patok_v2,train,image142_png_jpg.rf.c3d487b67c15a4105dd91279e65dede5,train
patok_v2,train,image142_png_jpg.rf.ce3e288177420e90d9e8b618eef90346,valid
patok_v2,train,image142_png_jpg.rf.cf78cabb9e73c635c6248fcd1e946bc1,train
patok_v2,train,image142_png_jpg.rf.f7eb9382387d77bdfebff4faf564c53d,train
patok_v2,train,image14_png_jpg.rf.a7420b6feeb1fb1113b260454dcde0ee,train
patok_v2,train,image14_png_jpg.rf.b3addf4c3c3b2936a6fffe0ce222fdd4,train
patok_v2,train,image157_png_jpg.rf.5acaa79801df068f10d44778eafaebed,train
patok_v2,train,image157_png_jpg.rf.87c5cdc42972d58e68dda9ee00e5d7b9,train
patok_v2,train,image1595_png_jpg.rf.303c7497018acb0744e37e97bb59cd12,test
patok_v2,train,image1595_png_jpg.rf.3405680fae49c41cda50cdbf7cfbf566,train
patok_v2,train,image1595_png_jpg.rf.8ef499f5178e7cfc1db1b165920a97b3,test
patok_v2,train,image1595_png_jpg.rf.bbc0fac0f197b982746a81b7fbb9b9ca,train
patok_v2,train,image1599_png_jpg.rf.34a7ca04d6da87f979b1ec20f54bacd4,train
patok_v2,train,image1599_png_jpg.rf.9a06f0c065ca4d2a5d7ff0f7148a492e,train
patok_v2,train,image1663_png_jpg.rf.d5844382490e5c8a67ca0ff07938b5c1,train
patok_v2,train,image1663_png_jpg.rf.ebde097ffb4ce0b1f3205203660535da,test
patok_v2,train,image16_png_jpg.rf.8e714cb2986ed29097a8c870ffcff967,train
patok_v2,train,image16_png_jpg.rf.c10599731dfbcc6681748d3fb306ed99,train
patok_v2,train,image1718_png_jpg.rf.2490e73101a9eeecef328475ff717ce3,train
patok_v2,train,image1718_png_jpg.rf.32464361f1a99a6f221181b8b62be504,train
patok_v2,train,image1718_png_jpg.rf.79bd5b5bfa43e66826c14debd5dce97f,train
patok_v2,train,image1718_png_jpg.rf.91cd4f3e666a6416cdc98961540f21e0,train
patok_v2,train,image1718_png_jpg.rf.a4bf01f76b8310375207d83a823a249b,train
patok_v2,train,image1718_png_jpg.rf.d47985a9415c01bbd336db32d58b0242,train
patok_v2,train,image1720_png_jpg.rf.55f4117ab3765596b973c7204f439142,train
patok_v2,train,image1720_png_jpg.rf.db1f11c1992196ce5c9fad7c2cd0e335,train
patok_v2,train,image1722_png_jpg.rf.42942ae4219ae6773bcdff6c41e8e64e,train
patok_v2,train,image1722_png_jpg.rf.62409b1e5a007b273c038f20a4b122e2,train
patok_v2,train,image1722_png_jpg.rf.6bdc0779452e55a808ca7096be5860d6,train
patok_v2,train,image1722_png_jpg.rf.f645fde02944d821b7f52548bb3bc52c,train
patok_v2,train,image1723_png_jpg.rf.6a6335b83baf2119e453bc941a548f3b,train
patok_v2,train,image1723_png_jpg.rf.6d3d650e3aa11d7c8489af85005f679c,test
patok_v2,train,image1723_png_jpg.rf.a92ff46f235dcee3d710867760d8d82d,train
patok_v2,train,image1723_png_jpg.rf.e3429cefcfa65f48eaf73ddca50fc4e1,train
patok_v2,train,image1724_png_jpg.rf.12cd5f4f46650dfb6ee821fa7e069e4e,test
patok_v2,train,image1724_png_jpg.rf.2bc339db462527a06e76f2d87fac1834,train
patok_v2,train,image1724_png_jpg.rf.407c1189991860496c26e94a5b17dbba,train
patok_v2,train,image1724_png_jpg.rf.4a2e5b36f70eaa3c81419335a3c23134,test
patok_v2,train,image1725_png_jpg.rf.09b3e5d837c7908e06bf8a0c97ef8ba7,train
patok_v2,train,image1725_png_jpg.rf.aee7c047746774ffa280139d3cc3b4d6,train
patok_v2,train,image1729_png_jpg.rf.0e260253e1ed2f23b0c2acf8b470d116,train
patok_v2,train,image1729_png_jpg.rf.63488bbf03b2f07c5fd7a49c1387e63a,train
patok_v2,train,image1729_png_jpg.rf.879201567d6ba6f382fa52d33690f6d7,train
patok_v2,train,image1729_png_jpg.rf.b0f60a083c3d801a63a31cd2c4668f82,train
patok_v2,train,image1729_png_jpg.rf.b82ad7c9da39efe73dcced0f32dcd697,train
patok_v2,train,image1729_png_jpg.rf.dfc29abfad595ad2df87cbeae41962dd,valid
patok_v2,train,image1734_png_jpg.rf.2003c2c5333a3399b272d96bc8fa60e6,test
patok_v2,train,image1734_png_jpg.rf.575a85dc9d65f98a583095354f07db4a,train
patok_v2,train,image17_png_jpg.rf.1b09d5868c2ba81295631383cd2dd1e6,train
patok_v2,train,image17_png_jpg.rf.3e4ba8ff1f26552dd3747c99109eb0c2,test
patok_v2,train,image17_png_jpg.rf.47001182ed50b26e626bf9d81845b04f,train
patok_v2,train,image17_png_jpg.rf.6c241d1b338de22cebea9d699cbf5634,train
patok_v2,train,image17_png_jpg.rf.8e618a4d18bcfe96de07cd390ffcccdc,test
patok_v2,train,image17_png_jpg.rf.d72987536600af4907d5c83ebcd70803,train
patok_v2,train,image1813_png_jpg.rf.0c8937eea0c7e9ff72be6fbd766dd7f5,train
patok_v2,train,image1813_png_jpg.rf.37bdbd356915f708c2459f6dba4e690d,train
patok_v2,train,image1813_png_jpg.rf.47fa21bd0002a9bf21d4a067fa5aae5b,train
patok_v2,train,image1813_png_jpg.rf.bd3c99cceea616dca130fc8a3fe2d6ab,valid
patok_v2,train,image1813_png_jpg.rf.dbcb339d009f826970eb3a2b73ec1d77,train
patok_v2,train,image1813_png_jpg.rf.ddfe03677d9b1bfaa0059cedd5a5b84a,train
patok_v2,train,image1814_png_jpg.rf.a67da585eed93072ac01190c51cf2ac3,train
patok_v2,train,image1814_png_jpg.rf.d1e1b9ddd80ac90b12a2fda40ba463c9,train
patok_v2,train,image183_png_jpg.rf.03c2386673d48c2528be56aacbd641d4,valid
patok_v2,train,image183_png_jpg.rf.2349b4cf9580a9a7e33992df6f5afbc8,train
patok_v2,train,image183_png_jpg.rf.439d99dda8c5155ad89b2ae4846a545f,train
patok_v2,train,image183_png_jpg.rf.75f0f03f770ac8c9868ccc447f776c74,test
patok_v2,train,image1840_png_jpg.rf.175ea02474a2964d98cc6705d4ac447c,train
patok_v2,train,image1840_png_jpg.rf.8d9207fd3714e5c132a0614ebb4411a7,train
patok_v2,train,image195_png_jpg.rf.8604c0f6bfe01c3a9a26e8f0aeb9a533,train
patok_v2,train,image195_png_jpg.rf.87f9f0e6ca0dfccfe91ee5a7961d917e,train
patok_v2,train,image195_png_jpg.rf.88047bce93b194e69607bbb3b3ddb346,train
patok_v2,train,image195_png_jpg.rf.e18b8ba18499f347a6ae9a45ac1abca1,train
patok_v2,train,image1963_png_jpg.rf.233d52dcd2d975074f5aadb11f00be09,train
patok_v2,train,image1963_png_jpg.rf.38628934c25fdf3e50322011d83b325b,test
patok_v2,train,image1963_png_jpg.rf.bcbadc508c4372aa12e3de640b132c79,test
patok_v2,train,image1963_png_jpg.rf.dd0e69a092cba18783d09e7fb2021801,train
patok_v2,train,image1966_png_jpg.rf.06a067092884150952cc8da56d3fe186,train
patok_v2,train,image1966_png_jpg.rf.55b1e3297913e5e8052a5871c3bdf20e,train
patok_v2,train,image1966_png_jpg.rf.87e5c2b7d163adeb50ff57595f71b821,train
patok_v2,train,image1966_png_jpg.rf.aa63954fefe9e40601ebe2cbaff100b8,train
patok_v2,train,image2008_png_jpg.rf.8be299ef9057a53ca8a287eb5b69f158,test
patok_v2,train,image2008_png_jpg.rf.903a6944e9ff0991efd22b3141654d87,train
patok_v2,train,image2008_png_jpg.rf.98ae516c413ba5c2a673b9a77918d64a,train
patok_v2,train,image2008_png_jpg.rf.b6ad950983864adebc88824a47da38ab,valid
patok_v2,train,image2019_png_jpg.rf.11385f57f1f770a54e656ffbe0486984,train
patok_v2,train,image2019_png_jpg.rf.18f3e2523f03d5465513c6d38eb8d033,train
patok_v2,train,image2019_png_jpg.rf.1bf7df5b743a17d691c1a0927089f18f,train
patok_v2,train,image2019_png_jpg.rf.40c7902cbe20902055158b2b78676fc6,train
patok_v2,train,image2019_png_jpg.rf.4faa858cfdfe8ecda6d0642ff91c9eb9,train
patok_v2,train,image2019_png_jpg.rf.618773466e240325ef3909f53e9f7776,train
patok_v2,train,image2020_png_jpg.rf.42070865d022d95fa3b9d70b293b868f,test
patok_v2,train,image2020_png_jpg.rf.99e314750156d4bc578c5d24da5d9c1c,train
patok_v2,train,image2020_png_jpg.rf.c1c4e52061eb64b43d987cce813ace55,valid
patok_v2,train,image2020_png_jpg.rf.ce2fc029409460b4a85785446e8d4ebc,train
patok_v2,train,image2026_png_jpg.rf.944cf882861bf819fc5560f062b5c200,test
patok_v2,train,image2026_png_jpg.rf.d081d04dc6d0102a5839ff2242d20f91,train
patok_v2,train,image2027_png_jpg.rf.167882e3a3dfadb8825e7315b54e84e0,valid
patok_v2,train,image2027_png_jpg.rf.3198993de270f7e16b02beb206d5f569,train
patok_v2,train,image2027_png_jpg.rf.916a383ee4ca3e3bb7d96bac11a20f5b,train
patok_v2,train,image2027_png_jpg.rf.fd7e99bcdcbaf9849c01947da0cb23aa,train
patok_v2,train,image2029_png_jpg.rf.20c170699bace92a99c2d7e663ae50cb,train
patok_v2,train,image2029_png_jpg.rf.48a3dd3319507c45800435608d99a25c,train
patok_v2,train,image2029_png_jpg.rf.b4f638b18c3041d4e0864e04506a5f88,train
patok_v2,train,image2029_png_jpg.rf.e7f28c9b821efabc1d8126ef292c09e9,train
patok_v2,train,image221_png_jpg.rf.0dbf35ad20dbdc4260ed29fe49598800,test
patok_v2,train,image221_png_jpg.rf.277dfcf385ffaf6ab6689e1d8f862cfd,train
patok_v2,train,image221_png_jpg.rf.a13c6ec8a492c6209048e94ca5a7e34b,train
patok_v2,train,image221_png_jpg.rf.b0883d107f8d6f96cc81ae4f683182e5,valid
patok_v2,train,image234_png_jpg.rf.14fb6cb0221e2064f7cfe31a7e0046cf,train
patok_v2,train,image234_png_jpg.rf.4a72fa3852cfc05dbe4fc3ccf691f410,train
patok_v2,train,image240_png_jpg.rf.1e7312c2745be471d325dcf030a4b83f,train
patok_v2,train,image240_png_jpg.rf.2a5b7cf7845737387dc8fe718afe7d14,train
patok_v2,train,image240_png_jpg.rf.b7f6cb1451e065a4f213b33230f68237,train
patok_v2,train,image240_png_jpg.rf.ea1b628bb2aa84afca43cda809dacacd,train
patok_v2,train,image2446_png_jpg.rf.0999dc2ecd944e2fbe5dc9fd1948529e,train
patok_v2,train,image2446_png_jpg.rf.2f27bd07e2c078ce97eb8b89548d3b97,train
patok_v2,train,image2446_png_jpg.rf.5ea96800b88575a5eff32800cd2c56f5,valid
patok_v2,train,image2446_png_jpg.rf.74848c0787040895d70d9c1c9181b58c,train
patok_v2,train,image2446_png_jpg.rf.c507bc1cd70d8d8a5a313ac79dd33b92,train
patok_v2,train,image2446_png_jpg.rf.d5365b83e8140dc15378a25214682732,valid
patok_v2,train,image2589_png_jpg.rf.712b85a4ab3e9957b5005076d71f76ce,train
patok_v2,train,image2589_png_jpg.rf.d039158aa0cf8c2e8c7261dd21c95744,train
patok_v2,train,image2592_png_jpg.rf.2f1983f99f2f8bfb0680e216fa115a15,train
patok_v2,train,image2592_png_jpg.rf.b3059b092658037e0a3470a3f741595f,train
patok_v2,train,image2595_png_jpg.rf.06c9aa5c404cc2f1812fcc9ae64f5cc1,train
patok_v2,train,image2595_png_jpg.rf.b26cc2bb8d931b212f584f60f395ba2b,train
patok_v2,train,image2595_png_jpg.rf.c6f8a9903f0fb97d1af3193822cdb12e,train
patok_v2,train,image2595_png_jpg.rf.e23b637fbd08699182fcf2f530a0251f,train
patok_v2,train,image2603_png_jpg.rf.1a54e7401cd4cf9e910e888b7941671e,train
patok_v2,train,image2603_png_jpg.rf.36f316335bcdfbf643a82d92cb0fdfce,train
patok_v2,train,image2603_png_jpg.rf.6693a4e6f1f492f654de74352b18b96d,train
patok_v2,train,image2603_png_jpg.rf.a19d7cc974264c65930b0fc07f2ab61f,train
patok_v2,train,image2603_png_jpg.rf.acedb8c4345919b21f288b4a870d5bdd,test
patok_v2,train,image2603_png_jpg.rf.aeeaeec032321c12c85f637779f00112,train
patok_v2,train,image2607_png_jpg.rf.79eb8c7f78ff8239f19c017337bdd1ef,train
patok_v2,train,image2607_png_jpg.rf.8bedf4d11b229e559fae33254fa82aa4,train
patok_v2,train,image2613_png_jpg.rf.09f3e0486174f5c725f08efe05aa45fa,valid
patok_v2,train,image2613_png_jpg.rf.4672e60f1a62b4dedf856930eb9661d3,valid
patok_v2,train,image2613_png_jpg.rf.d07aa0604dfa0b5efd3cfd40061ead5d,train
patok_v2,train,image2613_png_jpg.rf.e48b9a39a6c5a9320d8f4f67e1c58ccb,train
patok_v2,train,image2623_png_jpg.rf.ab49f621ba520b199707250e8aaaf99a,train
patok_v2,train,image2623_png_jpg.rf.fd65ba6bb5bb50fb52e14823ef9a9246,train
patok_v2,train,image2626_png_jpg.rf.2e7f1ec771bc36cae57d155e5e3dc2b4,train
patok_v2,train,image2626_png_jpg.rf.b38145b21c98762b75fd1a3b85489ba6,test
patok_v2,train,image2638_png_jpg.rf.17b2a6b2441ea6cb562bd2bdc8ba230a,train
patok_v2,train,image2638_png_jpg.rf.36cb00ba780f69340b4e3d24e395c6d0,train
patok_v2,train,image2643_png_jpg.rf.521a7a6496a70518ae459e241ce74c64,train
patok_v2,train,image2643_png_jpg.rf.9c6e97c07b7e371ff879989a438e2727,train
patok_v2,train,image2648_png_jpg.rf.2491a875599b695a9f0b28af89e742bc,train
patok_v2,train,image2648_png_jpg.rf.bda0fc7dfca418d17345ab8f1eb4f659,train
patok_v2,train,image275_png_jpg.rf.2bd0e3fc7f03ed3cae5515211eaedaeb,valid
patok_v2,train,image275_png_jpg.rf.67ac3ceaa215761abdcebd1c504be34f,train
patok_v2,train,image275_png_jpg.rf.6fa5f8c0529c521ea133ef7783576e66,train
patok_v2,train,image275_png_jpg.rf.ab85dc870c037c94382c20e3c7f3d00f,train
patok_v2,train,image290_png_jpg.rf.3ed11867e38f2ccef7a0058644de22c8,train
patok_v2,train,image290_png_jpg.rf.45fedf0aad4ae1eb1fcd38ae2798dc48,train
patok_v2,train,image290_png_jpg.rf.7698b6e2b2ea0063f366ded82aa5a829,train
patok_v2,train,image290_png_jpg.rf.ecf4d8cc3f486618298db284d22fdfa4,train
patok_v2,train,image291_png_jpg.rf.862b605d8fff5f800a757081ebdf4d69,train
patok_v2,train,image291_png_jpg.rf.8a73b837c71df97fe72bd565b8ae1cf0,train
patok_v2,train,image314_png_jpg.rf.442c7271338f0ffcfa614ac342cc33f1,train
patok_v2,train,image314_png_jpg.rf.8eb3efb8ca38e276ad1459d61cc3bd81,train
patok_v2,train,image314_png_jpg.rf.9cae0277b9b1b5b9e2c11268bd0c966b,train
patok_v2,train,image314_png_jpg.rf.e524e14686c264e2c75a42e451109b1a,train
patok_v2,train,image315_png_jpg.rf.4c839bbd565d7458ba66ad1bff8aa142,train
patok_v2,train,image315_png_jpg.rf.7ccc1e533906606289d80badd37ef78e,train
patok_v2,train,image350_png_jpg.rf.2c5c4d19574949cee7757612f2eaa789,train
patok_v2,train,image350_png_jpg.rf.5d7184b535408819a629cdb7fa220dfc,test
patok_v2,train,image350_png_jpg.rf.a43a887723d1e80df052bdbafe4d85ba,train
patok_v2,train,image350_png_jpg.rf.f1b1c9aa929b5ced5e37b3de7ddfd303,train
patok_v2,train,image352_png_jpg.rf.9880404d5d07211e46102b976e73ee6b,train
patok_v2,train,image352_png_jpg.rf.b046225e020ae39138bd7b401533f4ca,train
patok_v2,train,image353_png_jpg.rf.0ae4ca179874a2c2f8425f74946e254d,train
patok_v2,train,image353_png_jpg.rf.292d7288c652c9eea54a3031ab515618,train
patok_v2,train,image353_png_jpg.rf.7a8f8e338beac5e7e063adcf43540de0,train
patok_v2,train,image353_png_jpg.rf.ca3b0aeb5f1a03d57f51f54f11e70434,train
patok_v2,train,image359_png_jpg.rf.275fac62d58b73e199d78caee93ca2c0,train
patok_v2,train,image359_png_jpg.rf.38622d3e4a648f0a12e83340f1cee1d2,train
patok_v2,train,image359_png_jpg.rf.a4e6db4e52331eeb64ca1d580fe66e8f,train
patok_v2,train,image359_png_jpg.rf.c59c2b31efed452d0e1029bd04e1c00c,train
patok_v2,train,image363_png_jpg.rf.2780c891044d6447a953efbcd0b1577b,train
patok_v2,train,image363_png_jpg.rf.500b4545b102a2a5919512fa575a11d0,train
patok_v2,train,image365_png_jpg.rf.904a7e093a52b5a34f45ed5e5b07a38a,test
patok_v2,train,image365_png_jpg.rf.abd9d14c2da96302ec309ffd83ee9c00,valid
patok_v2,train,image365_png_jpg.rf.b97e7a1304a69a898ee8cb6d8848a3cd,train
patok_v2,train,image365_png_jpg.rf.c1c11ddff224b91674f164fd3c602f5b,train
patok_v2,train,image366_png_jpg.rf.2661cbfd49ddbda433ea2181f0ffc7cd,train
patok_v2,train,image366_png_jpg.rf.71dc0aaa4acf07c87edeb45d73a76317,train
patok_v2,train,image366_png_jpg.rf.8fafe294f520d4faa910d90c38b71bbb,train
patok_v2,train,image366_png_jpg.rf.dfc7fb9d6a8111b6061e7b81f89a9d81,train
patok_v2,train,image377_png_jpg.rf.1f0894605dd1ae660d14649b76c92a86,train
patok_v2,train,image377_png_jpg.rf.7146917fb1d97537a68011d1186b16b1,train
patok_v2,train,image377_png_jpg.rf.9c814d44f0bb28f49398d9b3b3318163,test
patok_v2,train,image377_png_jpg.rf.b1e9d44dbe562703b71c890544a1b113,train
patok_v2,train,image377_png_jpg.rf.b40b7b5567442385b06ebb95da6a43d5,train
patok_v2,train,image377_png_jpg.rf.d2a66cd676a16dd957b209b86b1060fd,valid
patok_v2,train,image404_png_jpg.rf.0e069b7be0e2624c4e45c7cfb4b94eed,train
patok_v2,train,image404_png_jpg.rf.6c39f93125d37423799499904ddcc2f0,train
patok_v2,train,image404_png_jpg.rf.87319dd9a3ea34447ce2b89b9dbb3f16,train
patok_v2,train,image404_png_jpg.rf.935be37872a56b51e52064149e69927d,train
patok_v2,train,image404_png_jpg.rf.a652dee55948b2d41a9886c591aaf8dd,train
patok_v2,train,image404_png_jpg.rf.c5965a9c0a11d0e20182d3cfd543f9c6,train
patok_v2,train,image405_png_jpg.rf.3fa6f274c0c34346409ea5abc6de13d1,train
patok_v2,train,image405_png_jpg.rf.b503f49775f2966c8f089bc77db19f1c,train
patok_v2,train,image417_png_jpg.rf.96a2f6da9b0bd4ed293f7a7516bd863b,test
patok_v2,train,image417_png_jpg.rf.a709e8313e834ec7f36e8726a631c3fd,test
patok_v2,train,image417_png_jpg.rf.c008a1d403e4536df933f76a414f4fdd,train
patok_v2,train,image417_png_jpg.rf.c44b95736c0463253cbd6a3fafc0ae9a,train
patok_v2,train,image417_png_jpg.rf.ce5bf0b03305eca01400cd5459c706ba,train
patok_v2,train,image417_png_jpg.rf.f65f200b291064fdcbab6b1d604b9891,train
patok_v2,train,image418_png_jpg.rf.0bb0f74e88a96568e3a9f2a9499df945,train
patok_v2,train,image418_png_jpg.rf.99e47a0d8df7f8e2beb7ca732038ff5b,test
patok_v2,train,image419_png_jpg.rf.a483b426dff2e83b8c41a756e4f3b805,train
patok_v2,train,image419_png_jpg.rf.eeb6cd0ccb7c94921e164b3e84837f32,train
patok_v2,train,image431_png_jpg.rf.7bfea846ec23349612a4ccab796793d7,train
patok_v2,train,image431_png_jpg.rf.981ec5e5941f34c9a3ad5dd372c7e898,train
patok_v2,train,image431_png_jpg.rf.da09aab2a05ed69a4346af822d3a787f,train
patok_v2,train,image431_png_jpg.rf.f30eb4b4755d153ccb49a284cdc08077,train
patok_v2,train,image437_png_jpg.rf.3369c9ea8d8aa57e53faf17fd53deb03,train
patok_v2,train,image437_png_jpg.rf.5e3e70c781457938377c10aec7f81f0a,train
patok_v2,train,image437_png_jpg.rf.c72e187c48c3b39bb6291bf9a56ad45f,valid
patok_v2,train,image437_png_jpg.rf.e616f3858735b6dbca197054d8dfea94,train
patok_v2,train,image440_png_jpg.rf.511ac6e8b32960ef80254cb69dbe1f95,train
patok_v2,train,image440_png_jpg.rf.75fd873f3b7be8fcbcb4a26a9933a09b,train
patok_v2,train,image440_png_jpg.rf.a6bd9771f60c08248b2d5c73a7d238a7,train
patok_v2,train,image440_png_jpg.rf.aea5fdd4ff7a961b881ee1715209ec55,valid
patok_v2,train,image493_png_jpg.rf.98dd69fe118a887990af49c7820a2812,train
patok_v2,train,image493_png_jpg.rf.c7d1044ef7eb40a828a3151b75e19428,train
patok_v2,train,image505_png_jpg.rf.176b6c575c4758fdc5e4700594f810ff,train
patok_v2,train,image505_png_jpg.rf.fdf2dcaaccc1b16928fe577f6d45bbed,train
patok_v2,train,image522_png_jpg.rf.24d4a7d65454814364db518be8867383,valid
patok_v2,train,image522_png_jpg.rf.3b0ecca9b32068297f40f49ffeb1414e,train
patok_v2,train,image522_png_jpg.rf.417af52e6cf0c62e4ab732fb0d5bcec2,train
patok_v2,train,image522_png_jpg.rf.c6d0a9354fbaafca9914c2766bb5ac8a,train
patok_v2,train,image525_png_jpg.rf.77070583aaf53053d484c7df61debb4a,train
patok_v2,train,image525_png_jpg.rf.9c73f5b312569800792aea242eda1b23,train
patok_v2,train,image52_png_jpg.rf.2c732b29e778779a811866cfb0fa73f4,train
patok_v2,train,image52_png_jpg.rf.485dccb1411b9f57f46340f492a96ee5,train
patok_v2,train,image52_png_jpg.rf.d0e82a2eee0ae31ed5f486613f1c553b,train
patok_v2,train,image52_png_jpg.rf.d3086eaeef4b9f614e8eb850192f680d,train
patok_v2,train,image531_png_jpg.rf.3eefb2a7645f7d0b677348d3e1fdd2f2,train
patok_v2,train,image531_png_jpg.rf.7d67cc1187a33df19962ab71cef9252d,train
patok_v2,train,image531_png_jpg.rf.856357a6fbe804a1bdf14fabc6a776c7,train
patok_v2,train,image531_png_jpg.rf.ba213fed0c00cf61f17afaaad9f9dd80,train
patok_v2,train,image541_png_jpg.rf.257b787a754f2fcd8868927ef0690639,train
patok_v2,train,image541_png_jpg.rf.2e00169f88a8dd821b15f299d9fd398a,test
patok_v2,train,image541_png_jpg.rf.481a82846024fb0908e295e5fd26dec0,train
patok_v2,train,image541_png_jpg.rf.af5791a2b99dd75473710383c4ce34c3,train
patok_v2,train,image543_png_jpg.rf.0e75ec32d6e9dac06b52f0e75b3c8a93,train
patok_v2,train,image543_png_jpg.rf.240e459e186774d6599884eeb8efc442,train
patok_v2,train,image543_png_jpg.rf.30ee231fce0d4e089e4a759e4bd20765,train
patok_v2,train,image543_png_jpg.rf.53dd3daef8aaab3d6455788ea6abed8d,train
patok_v2,train,image543_png_jpg.rf.5f924412ff92a54c348f61b1a5a078e0,train
patok_v2,train,image543_png_jpg.rf.78745b304fb7ef6e20fab4eeba399a11,valid
patok_v2,train,image546_png_jpg.rf.01f16f042c23c2fc342c7fe7cfffff6f,train
patok_v2,train,image546_png_jpg.rf.12673745e11d31f6708006b51c6cb692,train
patok_v2,train,image546_png_jpg.rf.20f118640df23ab863f15cfaa6578669,train
patok_v2,train,image546_png_jpg.rf.3c59af08c9a80cf411928592ec095893,train
patok_v2,train,image546_png_jpg.rf.99e11c68f601323715a7b81cb7bccb92,train
patok_v2,train,image546_png_jpg.rf.ac8d04c94018bddbe427353fc7492caf,train
patok_v2,train,image549_png_jpg.rf.3c9ff40123e32f14a75014c9ab49f912,train
patok_v2,train,image549_png_jpg.rf.bfb00ae00e8530b57944ab9abc30ed4d,train
patok_v2,train,image565_png_jpg.rf.15431a112e58487520c43c66eed6681d,train
patok_v2,train,image565_png_jpg.rf.3c7ea1345c1fa586bb46e0af744cc151,train
patok_v2,train,image569_png_jpg.rf.6865bd1bf97a36aaf05a1faff6a2757e,test
patok_v2,train,image569_png_jpg.rf.8ddf67e90fbbe5b197bce63521bb6e70,train
patok_v2,train,image574_png_jpg.rf.7d400da3c6ff827c1169c8665d23c1c0,train
patok_v2,train,image574_png_jpg.rf.7efda3f5b401415752237dae068776cf,train
patok_v2,train,image584_png_jpg.rf.981a354b3b41bd9c2632dce92bbaf5eb,train
patok_v2,train,image584_png_jpg.rf.e743a72f3b70bb8c2d7f1a998b94834b,train
patok_v2,train,image584_png_jpg.rf.f270f9e18e588b2cb429922d5792ae41,train
patok_v2,train,image584_png_jpg.rf.f5957d7dbbbebb683a92e687dad08025,train
patok_v2,train,image586_png_jpg.rf.43feaad4e3bbe70aa66fae690c585678,train
patok_v2,train,image586_png_jpg.rf.4d06a0e5e04db17393a897d07e06891b,train
patok_v2,train,image586_png_jpg.rf.709c8e0ee03c4b8509c1e1b943b8c2fb,train
patok_v2,train,image586_png_jpg.rf.8cacf463b54edff5d42c8e2a015b05c7,train
patok_v2,train,image586_png_jpg.rf.c8bc61b16ce176fae0727ab726c595e2,train
patok_v2,train,image586_png_jpg.rf.f2f0863d818d065639c69db4efa37494,train
patok_v2,train,image592_png_jpg.rf.aa3ec8c4442120e3ae82a47b8d30a9c6,train
patok_v2,train,image592_png_jpg.rf.ef429eceb62f69d5450ffcab0f9e36f3,train
patok_v2,train,image593_png_jpg.rf.2046032abcca628a71aec28ebfe087c6,train
patok_v2,train,image593_png_jpg.rf.7a6f2765972eaef61518e43be2a8ec2d,train
patok_v2,train,image593_png_jpg.rf.f68b907e42619b04c59efd853b6b3e7f,train
patok_v2,train,image593_png_jpg.rf.fab85c77eea533addbb76957a2fbeabe,train
patok_v2,train,image597_png_jpg.rf.02dada0292cad1bda9e499a234e677f1,train
patok_v2,train,image597_png_jpg.rf.2d67a5d167aa2298bb75e0a33b05b701,train
patok_v2,train,image61_png_jpg.rf.03f77f5918a08ea0f6c8027b5a613dd5,train
patok_v2,train,image61_png_jpg.rf.047d093c90939e3bae4ae49d32270345,train
patok_v2,train,image61_png_jpg.rf.097b6f7373de39dd59693d2703c344a1,train
patok_v2,train,image61_png_jpg.rf.1aab7b175ebc6823786c581bd1de6526,train
patok_v2,train,image61_png_jpg.rf.bbd5d8eefd37917d079d408236145553,train
patok_v2,train,image61_png_jpg.rf.d8209f33d172f55cb7cd7f23a75f3648,train
patok_v2,train,image65_png_jpg.rf.2ced6501697ed3e4ec49bb109f95565e,train
patok_v2,train,image65_png_jpg.rf.807d24118d799e58e740380e11ab7c30,train
patok_v2,train,image65_png_jpg.rf.9d24c6f528fcc11209117b9d47e7d9a2,valid
patok_v2,train,image65_png_jpg.rf.d59cc3f0ce8559cc6148efe616707bd0,train
patok_v2,train,image75_png_jpg.rf.6bb31b6d9397e070922f08949f7ca3da,train
patok_v2,train,image75_png_jpg.rf.7e9d37b02ae72cd6204363a7deb68eaf,test
patok_v2,train,image75_png_jpg.rf.a114267a74a7f01b250ec6197a54fd1b,train
patok_v2,train,image75_png_jpg.rf.a3a962a6963ae48ac4f93bd491fa6484,test
patok_v2,train,image92_png_jpg.rf.561fab5086855ccfc4012f9d04a9b850,test
patok_v2,train,image92_png_jpg.rf.dafd88e8261d379b193aff3da3d6a734,test
patok_v2,train,image94_png_jpg.rf.26b5e40bf615ed43e8c0281de11ad0ea,train
patok_v2,train,image94_png_jpg.rf.505323f05da11d07b17f2b9fdc438b93,train
patok_v2,train,image99_png_jpg.rf.31709d267cdabcdefb87589b6a9f5759,train
patok_v2,train,image99_png_jpg.rf.829720417fef97f6fd59424bde1a1275,train
patok_v2,train,image99_png_jpg.rf.918ec367e88df5872e72ee79e95e7a54,train
patok_v2,train,image99_png_jpg.rf.f636bf4ed80991d68fa19dd46882f760,train
patok_v2,train,n100_PNG_jpg.rf.627e7d52d48a88b019c14e81f9cc179b,train
patok_v2,train,n100_PNG_jpg.rf.8d559618947cbfea83eded08ada68e31,train
patok_v2,train,n101_PNG_jpg.rf.1398369d18a0570efff1e462c125d8ec,train
patok_v2,train,n101_PNG_jpg.rf.18b556752e6713b74f4f0372e67598c9,test
patok_v2,train,n101_PNG_jpg.rf.5ba698e59c990e50aeff634f290930a3,train
patok_v2,train,n101_PNG_jpg.rf.9ca5c2c96662f1f974891991db5633f2,test
patok_v2,train,n102_PNG_jpg.rf.7bf48d8250355131a727a1266c4e2279,train
patok_v2,train,n102_PNG_jpg.rf.ca9b0c3cff03f64fd830f948a1389bcf,train
patok_v2,train,n103_PNG_jpg.rf.a4a0b5ba1609f16383c7048b894ec84c,train
patok_v2,train,n103_PNG_jpg.rf.cfbf54a43fa85d01e32d18d1ea2520fc,test
patok_v2,train,n104_PNG_jpg.rf.2302254300ac0d4bd4c1690221aa98ea,train
patok_v2,train,n104_PNG_jpg.rf.5aeeda78ecb1ca345637945ebd9a83a6,train
patok_v2,train,n105_PNG_jpg.rf.b438c7f74a0827b9e4ed50b8d9803390,train
patok_v2,train,n105_PNG_jpg.rf.d49e92f9cf450f7377982a54426f53d4,train
patok_v2,train,n106_PNG_jpg.rf.0e4387007f0ef50b9cbf5d9df850aa6e,train
patok_v2,train,n106_PNG_jpg.rf.c6107db1b7b803137d0392fbc8634653,train
patok_v2,train,n107_PNG_jpg.rf.0e518c7682251fead09ee93ef4eddd1e,test
patok_v2,train,n107_PNG_jpg.rf.2c1bb42708bd0e1f57d291a1b3267f5d,train
patok_v2,train,n108_PNG_jpg.rf.98fc0108234229f4bb7e1e61b6a47acd,train
patok_v2,train,n108_PNG_jpg.rf.fb12395d06ed0fcdf65107e604d7e36c,train
patok_v2,train,n109_PNG_jpg.rf.4152909e75e79776b89e2d29729572f8,train
patok_v2,train,n109_PNG_jpg.rf.6ab784fdf4f81aafcac10d1baa77aa11,train
patok_v2,train,n109_PNG_jpg.rf.ddddfa58b8360e864ca02a1e84250250,train
patok_v2,train,n109_PNG_jpg.rf.e217f0b85e1de788873d347ccecd3afd,train
patok_v2,train,n10_PNG_jpg.rf.09c0af6d55be1ea5af999531a8229e4c,train
patok_v2,train,n10_PNG_jpg.rf.9381d9226b72e0ba6bf31035fda4d817,train
patok_v2,train,n10_PNG_jpg.rf.c1475c19e4bcca84aab5aabde2ea08bc,test
patok_v2,train,n10_PNG_jpg.rf.eee62c4ab74e3f0e3460c1b7036caa90,train
patok_v2,train,n110_PNG_jpg.rf.8711544b7f7848edfebbbdd36b519fa4,train
patok_v2,train,n110_PNG_jpg.rf.ddb4d5d9afea0e7c325a9d1351fe9bbb,train
patok_v2,train,n111_PNG_jpg.rf.3ee14034fa96c69073a9b5d191a0c3cf,train
patok_v2,train,n111_PNG_jpg.rf.d6631d113dc1fa3b8293ed00ab57e8cd,train
patok_v2,train,n112_PNG_jpg.rf.17a2b33df83239ad3043185fd78b02c3,train
patok_v2,train,n112_PNG_jpg.rf.e87b640f2b68460cb831764d0c7de1e1,train
patok_v2,train,n114_PNG_jpg.rf.8943be6d2b71762ff64faa51f0f9fe0b,train
patok_v2,train,n114_PNG_jpg.rf.d2ae47a7d37510d95d3f08f27e64912e,train
patok_v2,train,n114_PNG_jpg.rf.edb580a5fb5a607bf515ed5e1acebffa,train
patok_v2,train,n114_PNG_jpg.rf.f2c148fb237eacb959e680e90e99670a,train
patok_v2,train,n115_PNG_jpg.rf.41dbbe1912fc0956cfbe343a93b20e17,train
patok_v2,train,n115_PNG_jpg.rf.8847cf6447ca082581ff1dbf0b88f209,train
patok_v2,train,n115_PNG_jpg.rf.e31fbe6ff31cfc57c685123f668c6eb8,train
patok_v2,train,n115_PNG_jpg.rf.f60713b396b3c352a41cb47721c6c7bc,train
patok_v2,train,n116_PNG_jpg.rf.4a5ecd406232bfe106f09ffd13c0f36f,train
patok_v2,train,n116_PNG_jpg.rf.4b6d74f31df9d48cc4ce85c002f1adaf,train
patok_v2,train,n116_PNG_jpg.rf.87eefbfc5cb4aec3e501cdd923f05bfb,train
patok_v2,train,n116_PNG_jpg.rf.a2981fc4a84e1967b15873b0106c181e,train
patok_v2,train,n117_PNG_jpg.rf.03f621d43440a112f869009a6b256532,train
patok_v2,train,n117_PNG_jpg.rf.8f7546827f308d6137efa083dcd9877a,train
patok_v2,train,n117_PNG_jpg.rf.c13523aeea864bebb6787d73e7284b2a,test
patok_v2,train,n117_PNG_jpg.rf.d82a2a823b1d50b7309df87273a3cc4f,train
patok_v2,train,n118_PNG_jpg.rf.2dabb5d169402b31400c4b68b1ed807f,train
patok_v2,train,n118_PNG_jpg.rf.39d8241eac1fa9317c6c1a45031cb82b,train
patok_v2,train,n118_PNG_jpg.rf.a60b480d8f4a1ba91a85075c9660e281,train
patok_v2,train,n118_PNG_jpg.rf.ed61dc7a0b790b4c4ee44be0b715f872,train
patok_v2,train,n119_PNG_jpg.rf.6040aaeea80453b0f8f05b5802081a6d,train
patok_v2,train,n119_PNG_jpg.rf.f065c972bdb962ef9c92386a777809d5,train
patok_v2,train,n120_PNG_jpg.rf.02b104dd30ddbf7242755e672431dc6a,train
patok_v2,train,n120_PNG_jpg.rf.d993043036fc7e43d607fa60f212cf29,train
patok_v2,train,n122_PNG_jpg.rf.4747f85b8d03be704c19e57d3656cea4,valid
patok_v2,train,n122_PNG_jpg.rf.c766575531eed3e0e2f0ed765a133898,train
patok_v2,train,n123_PNG_jpg.rf.2dbc5abc028335e3faecdb28a9b0f660,train
patok_v2,train,n123_PNG_jpg.rf.919063fb51eb16416aeb51a446163a79,train
patok_v2,train,n124_PNG_jpg.rf.0a49ecf455eac5b0bd7e8aa6b7e940d5,test
patok_v2,train,n124_PNG_jpg.rf.677ed45c685f3d0999eb60cbb592be80,test
patok_v2,train,n125_PNG_jpg.rf.4561b215e42751609332bf743f5e9edc,train
patok_v2,train,n125_PNG_jpg.rf.a613aad77816bc53f3be940b95103170,test
patok_v2,train,n127_PNG_jpg.rf.0b0ee14c26c9e74dae2c354f679e2f27,train
patok_v2,train,n127_PNG_jpg.rf.d99d2b54b0145e039d8046a06c93f097,valid
patok_v2,train,n128_PNG_jpg.rf.4ca8e4b009ea278d5559d8995a4ed077,test
patok_v2,train,n128_PNG_jpg.rf.cd8db263fcff59821f886895a2aa10d0,train
patok_v2,train,n128_PNG_jpg.rf.cf7650348baea4eade9e10d62fe17fc8,train
patok_v2,train,n128_PNG_jpg.rf.e01a8ba860c687f945c6a08bc25c4f49,train
patok_v2,train,n129_PNG_jpg.rf.72d261e195700db6d9547aec27707063,train
patok_v2,train,n129_PNG_jpg.rf.9362f8ea251c0cf96a8ba97a173b494e,train
patok_v2,train,n129_PNG_jpg.rf.cbb4c00acc469f2de414adf0ae15e1fe,train
patok_v2,train,n129_PNG_jpg.rf.cde319e0f7d7ec2ef741f5d243c1f707,valid
patok_v2,train,n130_PNG_jpg.rf.308ade28623705737c3ed84884b6ab9a,train
patok_v2,train,n130_PNG_jpg.rf.7eaf25080886b1bf8d98da4ef8981517,train
patok_v2,train,n131_PNG_jpg.rf.36026c797ce1a8110a1b1dc0fa85fdf4,train
patok_v2,train,n131_PNG_jpg.rf.91611dff7cf0ed5cd807794989d126de,train
patok_v2,train,n131_PNG_jpg.rf.f89362686756761e26f5dab91452137a,train
patok_v2,train,n131_PNG_jpg.rf.f8a22eec042d200513691b2a38098630,test
patok_v2,train,n132_PNG_jpg.rf.06e62f7774b9fa27a6671214cbecb3d6,valid
patok_v2,train,n132_PNG_jpg.rf.a44a8906fddaae207985a3587403c049,train
patok_v2,train,n132_PNG_jpg.rf.efd8537ed1c7074916b5518a5fcce3fb,train
patok_v2,train,n132_PNG_jpg.rf.fb959f4c0dbbf5223168161ecafeeb55,train
patok_v2,train,n133_PNG_jpg.rf.0d724ae43e8fc9b4113c8205ce97ec16,train
patok_v2,train,n133_PNG_jpg.rf.0e7b8d273e174100adff87fa6601e0c1,train
patok_v2,train,n133_PNG_jpg.rf.900b18ceb1de5f8750731723798030a8,train
patok_v2,train,n133_PNG_jpg.rf.faccc1a112e2299dbb7f7297af6603eb,train
patok_v2,train,n134_PNG_jpg.rf.4faddec4f9120d278ab7f44f4b408260,valid
patok_v2,train,n134_PNG_jpg.rf.e19c6a9a813fc90d2e47a0e40e3b0b17,train
patok_v2,train,n135_PNG_jpg.rf.ef2f8e2a6c982650c733b6aa9d3ba8a1,train
patok_v2,train,n135_PNG_jpg.rf.f02917cfeee6ff4ae14f16f8959599f7,train
patok_v2,train,n136_PNG_jpg.rf.7653f809a67b6e467d1f141be23f9125,train
patok_v2,train,n136_PNG_jpg.rf.b1a77ae65994d3ac0c59d26cfabf55b1,train
patok_v2,train,n136_PNG_jpg.rf.d9c3f27571398c409227fad9e24e1878,train
patok_v2,train,n136_PNG_jpg.rf.f5e40a8adc98561a79c5be55a156b0e5,train
patok_v2,train,n138_PNG_jpg.rf.124ee522d5fd28388bfda965ef962fe6,valid
patok_v2,train,n138_PNG_jpg.rf.ad8df0630635a658c000090ba9372c28,train
patok_v2,train,n138_PNG_jpg.rf.b0cd72e25c63797dc2cb50b763a4ef07,train
patok_v2,train,n138_PNG_jpg.rf.b8e16422b3e48e662b5c1c5b178e66c4,test
patok_v2,train,n139_PNG_jpg.rf.31c9c23b72f1b4b9679343b3a4d43c42,train
patok_v2,train,n139_PNG_jpg.rf.80c09b5cf29c255ba7c93826d6f8737e,train
patok_v2,train,n139_PNG_jpg.rf.aff2bd0ceda44e62fd812aabc708dba3,train
patok_v2,train,n139_PNG_jpg.rf.f63053b7108d6948ee9011b1b7751cba,train
patok_v2,train,n13_PNG_jpg.rf.0d0af08b792369ace2257c8f83db0db5,valid
patok_v2,train,n13_PNG_jpg.rf.17af9ab97e63557705a826bd5366a2e6,test
patok_v2,train,n13_PNG_jpg.rf.a0093e1b9eed8da9d06c1c4dd2836234,train
patok_v2,train,n13_PNG_jpg.rf.b54e14ae537ee21a41546805838bcf01,train
patok_v2,train,n140_PNG_jpg.rf.5e98c3a48ac9f51b09a0e0c181c0e02c,train
patok_v2,train,n140_PNG_jpg.rf.851a2901b312cf0b0579b73cf3332dbb,train
patok_v2,train,n140_PNG_jpg.rf.90fa232bb5578442a9d08cd230eab6ad,train
patok_v2,train,n140_PNG_jpg.rf.fbadb5069fb394e15829bac20f76b39f,train
patok_v2,train,n141_PNG_jpg.rf.67fd28b264545b53dd258528d84ef101,train
patok_v2,train,n141_PNG_jpg.rf.7b9cc2f7fb8eeebbb2363ee2a848ab89,train
patok_v2,train,n142_PNG_jpg.rf.6e2cafe1e80853bfa095ef6c8ed40c7f,train
patok_v2,train,n142_PNG_jpg.rf.cb72e1d24c144a7b20ee14ce2f233703,train
patok_v2,train,n143_PNG_jpg.rf.1e00728ac884ab2b2fd17ef47bca17b5,train
patok_v2,train,n143_PNG_jpg.rf.bb572994ebfc491517790d4ef05b1d5f,train
patok_v2,train,n143_PNG_jpg.rf.e473e3eb734876abbd55229a3a877124,valid
patok_v2,train,n143_PNG_jpg.rf.f8811f9609478fe7e7cbb0de8a342993,train
patok_v2,train,n144_PNG_jpg.rf.ab7352a5a4e2c7e40751f7bbd383e053,train
patok_v2,train,n144_PNG_jpg.rf.f37b87020bc03422152840c95c935b50,train
patok_v2,train,n145_PNG_jpg.rf.68ef51002fd1afd3f36ab2f9481a7bc5,train
patok_v2,train,n145_PNG_jpg.rf.be6c6129523a1b74139a523c4d543783,train
patok_v2,train,n146_PNG_jpg.rf.bc113d0ac8603038fcd8727f9c8e1f6c,train
patok_v2,train,n146_PNG_jpg.rf.cc48310f1ab56d17782474ca6f94ea4a,train
patok_v2,train,n147_PNG_jpg.rf.67a25c310dbb94ae292a7eec3f5dd738,valid
patok_v2,train,n147_PNG_jpg.rf.be2db6f1388f9168cf5388b71e141e10,train
patok_v2,train,n148_PNG_jpg.rf.775edfea2603c9ca2ce1fa10ebe9866d,train
patok_v2,train,n148_PNG_jpg.rf.c69ee263d7af94111e57eb6587470300,train
patok_v2,train,n148_PNG_jpg.rf.ec6f54e548961b231f2e5ba4513bb6df,train
patok_v2,train,n148_PNG_jpg.rf.f9cc3fc4154e7cbac3a5a8d9c4b17274,train
patok_v2,train,n14_PNG_jpg.rf.3dacb5713532ec1822bfb4ebed803c94,train
patok_v2,train,n14_PNG_jpg.rf.cfd59ec4df12bac3209762c146cc9e90,train
patok_v2,train,n150_PNG_jpg.rf.3de35b99ff78138f43e3064090c4b5f5,train
patok_v2,train,n150_PNG_jpg.rf.d9cfbbe0d62bbf37ca4db6f52fe8c6ca,train
patok_v2,train,n152_PNG_jpg.rf.b5b0cb677ce25e21c454f1057903bbd2,valid
patok_v2,train,n152_PNG_jpg.rf.fa183671d56f42d8d9f67a878124921f,train
patok_v2,train,n153_PNG_jpg.rf.3cf6a7e8a5930385a49457dfd1aa2bd7,train
patok_v2,train,n153_PNG_jpg.rf.ac7223b731a0c3f1a8fa47fec00a0f61,train
patok_v2,train,n15_PNG_jpg.rf.7671a8f36ee96bd620f5074c9dd1d924,train
patok_v2,train,n15_PNG_jpg.rf.a40fbf25dafc9c0ffd3b5014a7e677e4,train
patok_v2,train,n17_PNG_jpg.rf.029062fe43b4589e71e88da4e143bc14,train
patok_v2,train,n17_PNG_jpg.rf.a8c825e350d68456479ddb46b2cb56fb,train
patok_v2,train,n18_PNG_jpg.rf.4e3769afc85e39e4a3e658894d8c2639,train
patok_v2,train,n18_PNG_jpg.rf.d5c5c798ff294427addbd0fc03e490ac,train
patok_v2,train,n19_PNG_jpg.rf.92e9063e918275ef1697488477943bc1,train
patok_v2,train,n19_PNG_jpg.rf.f5ffedb4afa5180e609b19e9c5699b56,train
patok_v2,train,n1_PNG_jpg.rf.49f6c3034d3487e8f1556083946c735c,test
patok_v2,train,n1_PNG_jpg.rf.c7ce815879b234f008bdfc66107c5fc3,train
patok_v2,train,n20_PNG_jpg.rf.3a75e34fa8f8c85d99ef5b0a46eaa579,train
patok_v2,train,n20_PNG_jpg.rf.a81b3d116ce6750023c2308204772547,train
patok_v2,train,n22_PNG_jpg.rf.3867517a94a60c660597481267f04be7,test
patok_v2,train,n22_PNG_jpg.rf.c963198a9e68180f5ead81819c0fe587,test
patok_v2,train,n23_PNG_jpg.rf.1ff0d3168cc2482497d766533efda71c,train
patok_v2,train,n23_PNG_jpg.rf.337b25414c147bc6bc519445a60c2669,train
patok_v2,train,n23_PNG_jpg.rf.ac7d6d3155e157d4eb21bb638e830e5d,train
patok_v2,train,n23_PNG_jpg.rf.d468e539cb6956f4c7c8b115314bdbe5,test
patok_v2,train,n24_PNG_jpg.rf.6455146673f0cfc770e4c82ebc2c0fa0,train
patok_v2,train,n24_PNG_jpg.rf.f5c1b59927b0d4cdcd1cee244c4cba27,train
patok_v2,train,n25_PNG_jpg.rf.1e1b08542654ff91fde372efce783226,test
patok_v2,train,n25_PNG_jpg.rf.45c4dd8ada4de0cc87caa0aa65256689,train
patok_v2,train,n26_PNG_jpg.rf.9ad32159654af90fbf257df55881f83e,train
patok_v2,train,n26_PNG_jpg.rf.d51681ea6cad5fc3fc977155794acc32,train
patok_v2,train,n28_PNG_jpg.rf.27036259e423c2b1418c0d1ee13768ce,train
patok_v2,train,n28_PNG_jpg.rf.99a128314b5915442f1b3ac5353fc7e6,valid
patok_v2,train,n28_PNG_jpg.rf.abc3465fc94e54b5b5a0ce8fa1130765,train
patok_v2,train,n28_PNG_jpg.rf.f8694bab0040ce125241d4ffa1c754da,test
patok_v2,train,n29_PNG_jpg.rf.5a4cacfcc9a99dcc9517102ec685e9f6,train
patok_v2,train,n29_PNG_jpg.rf.8d2540bd5b20f2b0117e200b4cd3af6b,train
patok_v2,train,n2_PNG_jpg.rf.86f4790cf4f1347bca26baa02982172f,train
patok_v2,train,n2_PNG_jpg.rf.9d1d2e9b590ce91ebaf2852fee3996ef,train
patok_v2,train,n30_PNG_jpg.rf.b4868c065c7f189958eb29eba2b8f835,train
patok_v2,train,n30_PNG_jpg.rf.da6e2565b3c9b0698bc2b66e008ef5fd,test
patok_v2,train,n31_PNG_jpg.rf.2fc3d428a18ee2a2eea9904547b287b8,valid
patok_v2,train,n31_PNG_jpg.rf.39a3331274173c5501f83af5b6e1dd00,train
patok_v2,train,n32_PNG_jpg.rf.5ec7ae4554c805c22027907e8e8e821b,train
patok_v2,train,n32_PNG_jpg.rf.6ae05f15dddf94a26bd3a5b53b13a2d2,train
patok_v2,train,n32_PNG_jpg.rf.9bc39d0ef094c0aa13931b68b8f6b3d7,test
patok_v2,train,n32_PNG_jpg.rf.be06ce690b516390f2483a2b09b2908f,train
patok_v2,train,n33_PNG_jpg.rf.5a297af86a368b065db26889f6525759,train
patok_v2,train,n33_PNG_jpg.rf.7d7f19428863a366b9e090def678774b,train
patok_v2,train,n34_PNG_jpg.rf.2f8e6718ff3a157c62beaf3857500c00,test
patok_v2,train,n34_PNG_jpg.rf.7e3adafc1601695c5f374a639bfc20e4,test
patok_v2,train,n35_PNG_jpg.rf.3101c9defd60ffa540f874ff9e0147ba,valid
patok_v2,train,n35_PNG_jpg.rf.515222ff25422d87af192c2e2a24faa2,train
patok_v2,train,n35_PNG_jpg.rf.a1f73a3f2ddebc13124d086263811000,train
patok_v2,train,n35_PNG_jpg.rf.f2fd0916460697d2b99dca6328a3e375,test
patok_v2,train,n37_PNG_jpg.rf.498a4079d5c82c181fcb683ebed74cbc,valid
patok_v2,train,n37_PNG_jpg.rf.74825c5d59d859f47093f56d41c93c32,train
patok_v2,train,n39_PNG_jpg.rf.8ba428c38a7ab2d4d357766f1cc6a4c5,train
patok_v2,train,n39_PNG_jpg.rf.dc11acce848bbff6e5619dc8a61bae04,train
patok_v2,train,n40_PNG_jpg.rf.935bd2b95f66f85089d73be418a994cf,train
patok_v2,train,n40_PNG_jpg.rf.ecdc8cd4f664d208d4a410b196dc4046,train
patok_v2,train,n41_PNG_jpg.rf.c7e2ca64b304dc6dc392a9e91c60f6d5,train
patok_v2,train,n41_PNG_jpg.rf.f734aa5511fed5db91c467ecca2c75db,test
patok_v2,train,n42_PNG_jpg.rf.099e5fb28435be75e9977c9aa8e62c08,train
patok_v2,train,n42_PNG_jpg.rf.b056a80c71856da31c12260a78084a17,train
patok_v2,train,n43_PNG_jpg.rf.a5b8806cbc03764a5a188c9ff7c8a75b,train
patok_v2,train,n43_PNG_jpg.rf.d3a5203ef21484ed75ea4e9a531a8063,train
patok_v2,train,n44_PNG_jpg.rf.33ee16624175693ac78462fb713633d2,train
patok_v2,train,n44_PNG_jpg.rf.87abd80332c095cdf1253eff0a23ec34,valid
patok_v2,train,n45_PNG_jpg.rf.06482bcdd88d75355b8f2286ddf7f4eb,train
patok_v2,train,n45_PNG_jpg.rf.0b5549e6214394428f585ee45132f0cb,train
patok_v2,train,n45_PNG_jpg.rf.1462d3232551fa8b11bd69370dec90a2,train
patok_v2,train,n45_PNG_jpg.rf.2ad9ecca9ec7c61ae4f01c6746dcd1ba,train
patok_v2,train,n46_PNG_jpg.rf.38fff5af62574c53f5faf3865cc59e59,train
patok_v2,train,n46_PNG_jpg.rf.de4ecd8f4993412f6f5b5721db36327a,valid
patok_v2,train,n47_PNG_jpg.rf.991607856ccacc93e353be5828433df5,train
patok_v2,train,n47_PNG_jpg.rf.d9a54b23b007852a59e3911acfa04f87,train
patok_v2,train,n48_PNG_jpg.rf.053ad69fb183b94e966219b3d5669187,train
patok_v2,train,n48_PNG_jpg.rf.24d4b16927eb0a5f91c4d48fa59e7c95,train
patok_v2,train,n49_PNG_jpg.rf.16538e29ca28ef48b8dad61190fa66f1,train
patok_v2,train,n49_PNG_jpg.rf.2e7bbdae4cb8af50e7f05328cb540c8f,train
patok_v2,train,n4_PNG_jpg.rf.2178d49e53f3c114aa79964be019b838,train
patok_v2,train,n4_PNG_jpg.rf.4eaa13d70c5103e09f3962f27c3e11ea,test
patok_v2,train,n50_PNG_jpg.rf.cf74064eff4143051cdb8ad488ae3a40,valid
patok_v2,train,n50_PNG_jpg.rf.dfe0a00c0d2ccd5de803419f8dec3656,valid
patok_v2,train,n53_PNG_jpg.rf.287fd1f3bf459748ca7dec7c20f92822,train
patok_v2,train,n53_PNG_jpg.rf.38ed375c99b7c619d05794c4b6c89cd9,train
patok_v2,train,n54_PNG_jpg.rf.07e64f27bb20ea4045f3c1cbaa48d998,train
patok_v2,train,n54_PNG_jpg.rf.537a5c1587f203666fe521bc8e7a31ef,train
patok_v2,train,n57_PNG_jpg.rf.116919dd8963f7fc4b3625b032631e15,train
patok_v2,train,n57_PNG_jpg.rf.14d9b66263c5332e6faddb9bae022127,test
patok_v2,train,n58_PNG_jpg.rf.1db5111610a278328f42015cdf108d19,test
patok_v2,train,n58_PNG_jpg.rf.89d539194b0cd88e9776ed35292238d1,valid
patok_v2,train,n59_PNG_jpg.rf.92655795b42baffab2f0f6dd983db1fa,train
patok_v2,train,n59_PNG_jpg.rf.d77a97476674402e3a2f47c8396e1201,train
patok_v2,train,n5_PNG_jpg.rf.5f4465d721af151c844bebb68a47e595,test
patok_v2,train,n5_PNG_jpg.rf.92969b4e250708459c126c6e976f207f,valid
patok_v2,train,n60_PNG_jpg.rf.9d36722fde4a3c5b7af1d0a01baaf057,valid
patok_v2,train,n60_PNG_jpg.rf.ac4ff788649f65ac58af72dfbcf12333,test
patok_v2,train,n61_PNG_jpg.rf.72682aae8c664443cb4e740c317ad701,train
patok_v2,train,n61_PNG_jpg.rf.773524ab13c9dc7e0c0e94e81958042f,train
patok_v2,train,n62_PNG_jpg.rf.11af01f5a545c23b10f548cb0eb69772,train
patok_v2,train,n62_PNG_jpg.rf.18f36486874a04acbb604efa2965de67,train
patok_v2,train,n63_PNG_jpg.rf.22395b5a8f3035b978a8e886bb844a99,test
patok_v2,train,n63_PNG_jpg.rf.3c5db9b1354f0d6b020473fa4de4c009,test
patok_v2,train,n66_PNG_jpg.rf.8ba8af8ebfa73e7df784d6f40fab2001,valid
patok_v2,train,n66_PNG_jpg.rf.9447cad0b0023d92799e501c437c1e65,train
patok_v2,train,n66_PNG_jpg.rf.a0d68922d70448a5f66c9a738d02fe83,train
patok_v2,train,n66_PNG_jpg.rf.f6bd94fab6565141baf19357421c1ebc,train
patok_v2,train,n67_PNG_jpg.rf.a80a3bcdd2a0d9f7c5e55f9b55ee019d,train
patok_v2,train,n67_PNG_jpg.rf.d07853f3ec23de486c84e7599434f642,valid
patok_v2,train,n68_PNG_jpg.rf.d584ed0e659610552e2e0e89261a452d,train
patok_v2,train,n68_PNG_jpg.rf.d8296786c51cfffd523f0e998ac5a52d,valid
patok_v2,train,n69_PNG_jpg.rf.ed409155c3a08af3bb9d61a19b27ee27,train
patok_v2,train,n69_PNG_jpg.rf.f239be87e85d5296f7f64215defc15df,train
patok_v2,train,n6_PNG_jpg.rf.4f7e7f3624109a1a0d21506f278913fd,train
patok_v2,train,n6_PNG_jpg.rf.cdbb47cd85b8781aa7e1264dcecb860b,train
patok_v2,train,n70_PNG_jpg.rf.3329846586ca33b7fd0e1c0d87ab5bad,train
patok_v2,train,n70_PNG_jpg.rf.6bd6fa3108af9bbd12d5bcbc3c44a2fb,train
patok_v2,train,n70_PNG_jpg.rf.db28580b55e8b9361a962be036b7d5b8,train
patok_v2,train,n70_PNG_jpg.rf.f04bc1c067d38df45a3eff2343b58014,train
patok_v2,train,n71_PNG_jpg.rf.06e99aced4d09885ada97c8aca327a82,test
patok_v2,train,n71_PNG_jpg.rf.9563cb289ed5dad01079f94a1d8fd8ec,train
patok_v2,train,n72_PNG_jpg.rf.02ed3be1805b91dfbe3afc5ac058ccef,train
patok_v2,train,n72_PNG_jpg.rf.422d8186d3c4f09fb0e1e46a96f7141e,train
patok_v2,train,n75_PNG_jpg.rf.5abe10fcceefc0df25e3e3a27ac5ca6b,test
patok_v2,train,n75_PNG_jpg.rf.5cbb5e900e7fe92aa2fc4bc61961087f,train
patok_v2,train,n75_PNG_jpg.rf.84bdcc60e6e9d75d00ba3f8bdedfdda8,test
patok_v2,train,n75_PNG_jpg.rf.940cc0b399548f040630d359491b1124,train
patok_v2,train,n76_PNG_jpg.rf.6114195e068539beb7fb92df2895dfe3,train
patok_v2,train,n76_PNG_jpg.rf.ba5779a7d2b5a665e3af6b0dbf607835,train
patok_v2,train,n77_PNG_jpg.rf.867fae31e89a73f62fbfe3ea2bbf9798,train
patok_v2,train,n77_PNG_jpg.rf.b8062d4ba2a6e1a2202e9958479b55b5,train
patok_v2,train,n78_PNG_jpg.rf.5a0d16302980cf118567899e4ef1c16d,train
patok_v2,train,n78_PNG_jpg.rf.6bbdb8c7e3bcbf87ada235c746200c63,valid
patok_v2,train,n7_PNG_jpg.rf.5ebd7e67e48c827294330f4570956a6a,valid
patok_v2,train,n7_PNG_jpg.rf.e4191465b7670f1e4ab8f965cab2a2b2,train
patok_v2,train,n80_PNG_jpg.rf.4995ab78e595a49b57b476e4224ba1d5,train
patok_v2,train,n80_PNG_jpg.rf.a9debd3129f27dc2bf4c758c788c756e,train
patok_v2,train,n82_PNG_jpg.rf.c8f8314f89df5abb1ebddef72d7d3ee1,test
patok_v2,train,n82_PNG_jpg.rf.fd8c6d9fdb2fbae1ef4b16f30efd53fc,train
patok_v2,train,n85_PNG_jpg.rf.bd70abc3fdc6d979fbb4237ed6b01f7d,train
patok_v2,train,n85_PNG_jpg.rf.e5e32e6cd70c2b4661c01a7066b57a37,train
patok_v2,train,n87_PNG_jpg.rf.63d81f57f4ac69e159b61942448c8bd8,train
patok_v2,train,n87_PNG_jpg.rf.a24b10f723a5673836ac8da8f58450ef,valid
patok_v2,train,n88_PNG_jpg.rf.1e93fa3fe498c0dffb8d4597432939e5,valid
patok_v2,train,n88_PNG_jpg.rf.c4abdb0c26e5ca25a15a754525f1b30a,train
patok_v2,train,n89_PNG_jpg.rf.0cd205e38e320e2016bc308714b469f8,train
patok_v2,train,n89_PNG_jpg.rf.46018b74a8edf4db408241f222623ca6,train
patok_v2,train,n8_PNG_jpg.rf.7f09a386cd066297e0a109b0ae4bd54a,train
patok_v2,train,n8_PNG_jpg.rf.eb694e134257d6cc58bcd525f693bda8,train
patok_v2,train,n90_PNG_jpg.rf.012ad9f1ba1728043261be940e548746,train
patok_v2,train,n90_PNG_jpg.rf.172927dd4c84b1f6ee9b5d2b908a2194,train
patok_v2,train,n91_PNG_jpg.rf.95d87418a1cdae59a651182f23ac4788,train
patok_v2,train,n91_PNG_jpg.rf.f226ef466b69585020893b5c9915855d,train
patok_v2,train,n92_PNG_jpg.rf.41b7e34b04f372407a0ad32c03ff963c,train
patok_v2,train,n92_PNG_jpg.rf.d95437b22cd3c4a3bb59808a0b574b76,train
patok_v2,train,n93_PNG_jpg.rf.43029e6149a114d0c43a18b4be7f663d,valid
patok_v2,train,n93_PNG_jpg.rf.b0643d7123e91214f779d57897984cff,valid
patok_v2,train,n96_PNG_jpg.rf.4a00d659311d9a6ec937da5a0473230c,train
patok_v2,train,n96_PNG_jpg.rf.9c507d31ec2e0cf053217522a63540f0,train
patok_v2,train,n97_PNG_jpg.rf.4d4576deac4e16132641a42084d201f4,train
patok_v2,train,n97_PNG_jpg.rf.f84e2b85ebfad4b5900b8c6f8c434b1a,train
patok_v2,train,n9_PNG_jpg.rf.7cfe05170f6d28e9575dfa9ccb3f3784,test
patok_v2,train,n9_PNG_jpg.rf.d50161983c19d85a1ed8239368a4245c,train
patok_v2,train,noseatbelt100_jpeg_jpg.rf.4567423625f6df798050eca6dadad976,test
patok_v2,train,noseatbelt100_jpeg_jpg.rf.64adb8fc9de727d2def8952fd8eaa874,train
patok_v2,train,noseatbelt100_jpeg_jpg.rf.6545949a410f51cff41da52cb1354f98,train
patok_v2,train,noseatbelt100_jpeg_jpg.rf.7423deda1ed5f301848c6ff8cfd13c30,train
patok_v2,train,noseatbelt100_jpeg_jpg.rf.84348605972179d1885fbb1acda58ed4,train
patok_v2,train,noseatbelt100_jpeg_jpg.rf.9541b6b5311c639667551257129439b4,train
patok_v2,train,noseatbelt100_jpeg_jpg.rf.a25b332b8300be6155ab518888eb447a,train
patok_v2,train,noseatbelt100_jpeg_jpg.rf.bfb39a22274772f3a0ffa204d13d56ec,train
patok_v2,train,noseatbelt100_jpeg_jpg.rf.d319699498731a2304f28094288dd2a8,train
patok_v2,train,noseatbelt100_jpeg_jpg.rf.e9e2641202a40aea1406e34da8929882,test
patok_v2,train,noseatbelt104_jpeg_jpg.rf.173fd9fc87cf3bad1cecf193d2ef1ad6,test
patok_v2,train,noseatbelt104_jpeg_jpg.rf.2d127326d166a11e8ebaf904d3eb62cf,train
patok_v2,train,noseatbelt104_jpeg_jpg.rf.4e8365f0262d5e751e920a74c51a69a1,train
patok_v2,train,noseatbelt104_jpeg_jpg.rf.6b7c7fb0886eafc76532e61a70173d63,train
patok_v2,train,noseatbelt104_jpeg_jpg.rf.a1d9fd7a66b46da26e418fd0350a7872,train
patok_v2,train,noseatbelt104_jpeg_jpg.rf.a83c961087a088e2195bf588dbc4b271,train
patok_v2,train,noseatbelt104_jpeg_jpg.rf.aaa53b6a74da445ab5dd7ff040fa3415,train
patok_v2,train,noseatbelt104_jpeg_jpg.rf.c3e48b5f32cfc4a0217e9088024186ab,valid
patok_v2,train,noseatbelt10_jpeg_jpg.rf.1e40372ec98ef615f656d2742b9364af,train
patok_v2,train,noseatbelt10_jpeg_jpg.rf.4a032342cf23406aeb312633603328e6,test
patok_v2,train,noseatbelt10_jpeg_jpg.rf.60756d8160bd3aa5f7d9e28dd14e4daf,train
patok_v2,train,noseatbelt10_jpeg_jpg.rf.626adefe5ff1cc26770c03a3fca87825,train
patok_v2,train,noseatbelt10_jpeg_jpg.rf.6f3c108f71849abe3ac408209196fe59,train
patok_v2,train,noseatbelt10_jpeg_jpg.rf.71c38966ea7ec18e84e9d9c545ed24c8,train
patok_v2,train,noseatbelt10_jpeg_jpg.rf.8bcfaee8d7543178b10cf271083c788c,train
patok_v2,train,noseatbelt10_jpeg_jpg.rf.b2145adb67c99909fbb814745a635eb8,train
patok_v2,train,noseatbelt10_jpeg_jpg.rf.b7634b791db19c5f46489e81ab381a2b,train
patok_v2,train,noseatbelt10_jpeg_jpg.rf.bdf37dd322c96a16cefbe51d31ce9421,train
patok_v2,train,noseatbelt10_jpeg_jpg.rf.e801107ae2327612d7168cfe0033103a,valid
patok_v2,train,noseatbelt10_jpeg_jpg.rf.ef92c63ff4fdc490bbe89505faed5da0,train
patok_v2,train,noseatbelt117_jpeg_jpg.rf.3922f22fe1ead50ca54d03efb35136ee,train
patok_v2,train,noseatbelt117_jpeg_jpg.rf.69838a7f78fbdcd6847cceedf585c826,train
patok_v2,train,noseatbelt117_jpeg_jpg.rf.751ada74de04abafc6390e856f30a7e9,train
patok_v2,train,noseatbelt117_jpeg_jpg.rf.97fe990262af0d90d935e38d48f01669,train
patok_v2,train,noseatbelt117_jpeg_jpg.rf.ac46cd5c22fa6e9545036cd720c685a4,train
patok_v2,train,noseatbelt117_jpeg_jpg.rf.ce44c6cdf8f4754188b04245b2638119,train
patok_v2,train,noseatbelt117_jpeg_jpg.rf.cf55d96605ffcc48346c1b582ac70e03,train
patok_v2,train,noseatbelt117_jpeg_jpg.rf.e226991986a9a96dbf9f5882509ab6af,valid
patok_v2,train,noseatbelt149_jpeg_jpg.rf.318d7a2bb55c7cdcc95cca5756789269,valid
patok_v2,train,noseatbelt149_jpeg_jpg.rf.36dd85a5ab30473d9643b72794f06277,test
patok_v2,train,noseatbelt149_jpeg_jpg.rf.49201c229988bc3b6cb0c03d7ba20505,train
patok_v2,train,noseatbelt149_jpeg_jpg.rf.586b72a73797f5c080066a0a4be71784,test
patok_v2,train,noseatbelt149_jpeg_jpg.rf.77fdc4833a129c785e6384512f453a08,train
patok_v2,train,noseatbelt149_jpeg_jpg.rf.b292935e9176dc263e5ddc62b9148fd8,train
patok_v2,train,noseatbelt149_jpeg_jpg.rf.bdf02efa363e44f35ddbf306eec575cc,train
patok_v2,train,noseatbelt149_jpeg_jpg.rf.d4ff7f6d225c6641a31a3d1e38ba9857,train
patok_v2,train,noseatbelt149_jpeg_jpg.rf.dd4e87f7b08831f8c1e4662898c09583,train
patok_v2,train,noseatbelt149_jpeg_jpg.rf.eb6b30439d28b10731edf726eb523ff2,train
patok_v2,train,noseatbelt14_jpeg_jpg.rf.26a9af4114a60dab7015e98b257ac911,train
patok_v2,train,noseatbelt14_jpeg_jpg.rf.2b74a9e26349777035f39cb091b7361e,train
patok_v2,train,noseatbelt14_jpeg_jpg.rf.3b730b6b91ea9bc9db65df3f4a87bfdb,train
patok_v2,train,noseatbelt14_jpeg_jpg.rf.3f70ac8d913a4307bf2c85bdd8e6cbdf,train
patok_v2,train,noseatbelt14_jpeg_jpg.rf.413440db19d320188250f7719a3aeaab,train
patok_v2,train,noseatbelt14_jpeg_jpg.rf.47ae21323679a31fa1da6132b60214f2,valid
patok_v2,train,noseatbelt14_jpeg_jpg.rf.4a4381032bf4fd2c10e16fcb65c09e0b,valid
patok_v2,train,noseatbelt14_jpeg_jpg.rf.521cf38eacf277da1041d47029dfd400,train
patok_v2,train,noseatbelt14_jpeg_jpg.rf.54e1c4973514643516a08c3ca9ce464f,valid
patok_v2,train,noseatbelt14_jpeg_jpg.rf.5a40d67ea68c21bb6bb65e1699bef267,train
patok_v2,train,noseatbelt14_jpeg_jpg.rf.881df0229e17f27b0f00b1f126dd4fa2,test
patok_v2,train,noseatbelt14_jpeg_jpg.rf.97666ccdac67f282b0b7bcb6ab323f8b,valid
patok_v2,train,noseatbelt14_jpeg_jpg.rf.c36e6cbeeadc5960c2cb0fbbb395e78f,test
patok_v2,train,noseatbelt14_jpeg_jpg.rf.c42fcf477097b0dd760eddddb5dd8ca1,valid
patok_v2,train,noseatbelt14_jpeg_jpg.rf.d2597ed75845ccd1beb9208acdff4065,train
patok_v2,train,noseatbelt14_jpeg_jpg.rf.d75d25e9bef35d6cac66b9f442039a63,train
patok_v2,train,noseatbelt14_jpeg_jpg.rf.d7f2e4fe56cc20a5e33947d3bf31fcba,train
patok_v2,train,noseatbelt14_jpeg_jpg.rf.e322f72d5ec3fce25e9d7aea9afd4c94,train
patok_v2,train,noseatbelt14_jpeg_jpg.rf.e5838bfa93b1d1bfcd423c4fcdf88b96,train
patok_v2,train,noseatbelt14_jpeg_jpg.rf.e6f1c4e70f85c5484a8a8cebea6fec54,train
patok_v2,train,noseatbelt14_jpeg_jpg.rf.fade09b32cdabdecbaf2ee74d47fe59f,train
patok_v2,train,noseatbelt14_jpeg_jpg.rf.fd89bf171c2691460e414e31923f256b,train
patok_v2,train,noseatbelt154_jpeg_jpg.rf.0c09aa17435cc54fcb5a4eebb4669bd5,test
patok_v2,train,noseatbelt154_jpeg_jpg.rf.1e071a7dcd21818481be43ee90ae2b0f,train
patok_v2,train,noseatbelt154_jpeg_jpg.rf.2eb13ad5423f2ce51942e73cf14e1393,valid
patok_v2,train,noseatbelt154_jpeg_jpg.rf.93e9580a8478a2798356c965ec6e8fdb,test
patok_v2,train,noseatbelt154_jpeg_jpg.rf.9980764ae8d76713dffbfabb50bcd31d,train
patok_v2,train,noseatbelt154_jpeg_jpg.rf.ae33afa0cce73c0a53c1a6c8772fc9d5,train
patok_v2,train,noseatbelt154_jpeg_jpg.rf.d89d76d92e8f0626cba3812afa035b39,train
patok_v2,train,noseatbelt154_jpeg_jpg.rf.ee812a6b58590568741bafe21998c8a8,train
patok_v2,train,noseatbelt174_jpeg_jpg.rf.7ef0a610bf537ec299fb472f187ab3b4,train
patok_v2,train,noseatbelt174_jpeg_jpg.rf.a958e1448c97470994a7786ac62275bd,train
patok_v2,train,noseatbelt18_jpeg_jpg.rf.079f3776d00ab509d7f01f06aa4058b8,train
patok_v2,train,noseatbelt18_jpeg_jpg.rf.2e1ea6c0b0e4dc94d6e6125105d28a83,train
patok_v2,train,noseatbelt18_jpeg_jpg.rf.3199299db7867fa7997cea6667348acf,train
patok_v2,train,noseatbelt18_jpeg_jpg.rf.36b09d02c1fd5152209535635e06f957,test
patok_v2,train,noseatbelt18_jpeg_jpg.rf.39e65b0b8183746a6c5fdd08876fc2f2,valid
patok_v2,train,noseatbelt18_jpeg_jpg.rf.4117e10f520c6771fc3b591d58c6d001,train
patok_v2,train,noseatbelt18_jpeg_jpg.rf.4201889205998a5ba7cf322e943cb65b,train
patok_v2,train,noseatbelt18_jpeg_jpg.rf.531e6a1bcc4caeb102f1ebd1744be050,train
patok_v2,train,noseatbelt18_jpeg_jpg.rf.59c091f7ac1419ab6bc7e73c1aff833e,valid
patok_v2,train,noseatbelt18_jpeg_jpg.rf.6e5be09e4fd16de6d2fee565b140e6ad,test
patok_v2,train,noseatbelt18_jpeg_jpg.rf.7d90ff20cdecc00f2ddb13020128cb18,valid
patok_v2,train,noseatbelt18_jpeg_jpg.rf.8f1a90b31c06e3dfb0ec4abec952c1a4,train
patok_v2,train,noseatbelt18_jpeg_jpg.rf.c70422b863f2864338cc31c3d3cf4145,train
patok_v2,train,noseatbelt18_jpeg_jpg.rf.f2bbcc556c27ea0f42eaa04e6582e00f,valid
patok_v2,train,noseatbelt18_jpeg_jpg.rf.f6eef74460b11f368aa4874e627c28fc,valid
patok_v2,train,noseatbelt18_jpeg_jpg.rf.ffda6f775d8ff43f84e78e729153eacb,test
patok_v2,train,noseatbelt190_jpeg_jpg.rf.023fe6da773f0c060cdab673c03ae5b2,train
patok_v2,train,noseatbelt190_jpeg_jpg.rf.0db57a4dc79889a93997af681923cd19,train
patok_v2,train,noseatbelt190_jpeg_jpg.rf.14c3ca3d608c717d7681a4be25af2835,train
patok_v2,train,noseatbelt190_jpeg_jpg.rf.1e2e9b519dbb777ecd068bb1cc286429,train
patok_v2,train,noseatbelt190_jpeg_jpg.rf.2ba2f2c796a01162d75a5c84823142d6,train
patok_v2,train,noseatbelt190_jpeg_jpg.rf.43e2b450bec079813f8266af267cd008,train
patok_v2,train,noseatbelt190_jpeg_jpg.rf.4887584b70dd8aca59d29c30024acd4d,train
patok_v2,train,noseatbelt190_jpeg_jpg.rf.615aac76723483691fff831564cf1601,train
patok_v2,train,noseatbelt190_jpeg_jpg.rf.63ddc73b9aaf3a28ecb7afd542f63c89,train
patok_v2,train,noseatbelt190_jpeg_jpg.rf.84fc28c0e58475d74d7eba104961c98b,train
patok_v2,train,noseatbelt190_jpeg_jpg.rf.8c69909006d145ce8249a844d257e717,train
patok_v2,train,noseatbelt190_jpeg_jpg.rf.91bc3c034ee8c35038cff777315e3a71,test
patok_v2,train,noseatbelt190_jpeg_jpg.rf.a09a79cd6be4cf192e835da89c2aca21,train
patok_v2,train,noseatbelt190_jpeg_jpg.rf.a2fcd601647c79fbbc214c50a4121327,train
patok_v2,train,noseatbelt190_jpeg_jpg.rf.a54689a137e4c1c8928b6426d198eb99,train
patok_v2,train,noseatbelt190_jpeg_jpg.rf.cbe638c2c7b1e330e929f2707f52ca91,train
patok_v2,train,noseatbelt190_jpeg_jpg.rf.d252849406892fb3c125ec73117b6958,train
patok_v2,train,noseatbelt190_jpeg_jpg.rf.e9e94d6370b25be848e8bbcc03b29b6e,train
patok_v2,train,noseatbelt190_jpeg_jpg.rf.f49c099e1efbacdbfab4de32c492da90,valid
patok_v2,train,noseatbelt190_jpeg_jpg.rf.ff33df3012753a20a49b9b445cc0cd49,train
patok_v2,train,noseatbelt1_jpeg_jpg.rf.0a05d936955b9b44de2573c59271a19c,train
patok_v2,train,noseatbelt1_jpeg_jpg.rf.1f280231adea3deb242848da0871671b,valid
patok_v2,train,noseatbelt1_jpeg_jpg.rf.594a1792240e52bf597a139bc2e1aa05,train
patok_v2,train,noseatbelt1_jpeg_jpg.rf.5a47218c92bfdb40cd43387ecfca47f7,train
patok_v2,train,noseatbelt1_jpeg_jpg.rf.6742de8ddabb8acce4cc174002f4937c,train
patok_v2,train,noseatbelt1_jpeg_jpg.rf.784837235a3219df52d6ba2f4934b13d,train
patok_v2,train,noseatbelt1_jpeg_jpg.rf.7d55ae128ed8590d0c53694ceeb5a6a7,train
patok_v2,train,noseatbelt1_jpeg_jpg.rf.896ebb7c5accbd88feb59cceaf6924f4,valid
patok_v2,train,noseatbelt1_jpeg_jpg.rf.8b1554c89f5a06756829aef5269de718,test
patok_v2,train,noseatbelt1_jpeg_jpg.rf.8b9b36ac5fc2b2f7b06f3ee9f44bec28,train
patok_v2,train,noseatbelt1_jpeg_jpg.rf.9834e022ddd9af797b568442e850ff6d,train
patok_v2,train,noseatbelt1_jpeg_jpg.rf.9c1114b8fc4eb55f1de5cb904ea1b53f,train
patok_v2,train,noseatbelt1_jpeg_jpg.rf.9d8881f97a4dcbdd43a6239058ba4e41,train
patok_v2,train,noseatbelt1_jpeg_jpg.rf.bc70fa589f4ce411662881d472d7bda4,train
patok_v2,train,noseatbelt1_jpeg_jpg.rf.c44d43a38af934bd151b9c707ebd3d73,train
patok_v2,train,noseatbelt1_jpeg_jpg.rf.d2000f242fb7cf744dccb22ab11bcc6d,valid
patok_v2,train,noseatbelt1_jpeg_jpg.rf.daf40be45434047666c95efd6f0e9b65,test
patok_v2,train,noseatbelt1_jpeg_jpg.rf.df3bbca7a0c24b4eb5f505dbdd76da1e,train
patok_v2,train,noseatbelt20_jpeg_jpg.rf.06147eca697580b3c7c9f7a418d6d0f0,train
patok_v2,train,noseatbelt20_jpeg_jpg.rf.292bebf7153b8bea383443f2554d0259,test
patok_v2,train,noseatbelt20_jpeg_jpg.rf.31b436de54ec732dcf41e9dec632ceda,train
patok_v2,train,noseatbelt20_jpeg_jpg.rf.32fbd6bedff6020158d8cb1f4605f818,train
patok_v2,train,noseatbelt20_jpeg_jpg.rf.789c23bee1063690edef0ceb3d3f6394,train
patok_v2,train,noseatbelt20_jpeg_jpg.rf.860fb560482be69254001e616bd0ca3b,test
patok_v2,train,noseatbelt20_jpeg_jpg.rf.8fea3e2076b0f543cd0dbcacb55e216b,test
patok_v2,train,noseatbelt20_jpeg_jpg.rf.99982fa433360a9233950abd9e49ad92,train
patok_v2,train,noseatbelt20_jpeg_jpg.rf.afca6cfafeb100057ca4e0d3027c3166,train
patok_v2,train,noseatbelt20_jpeg_jpg.rf.f3ac4ec3d92c5f79b67bfdd3c9f08305,train
patok_v2,train,noseatbelt22_jpeg_jpg.rf.100e197d6138bf3aae538afb9b889959,valid
patok_v2,train,noseatbelt22_jpeg_jpg.rf.1911ab33ceda57acfdbfc79dba61ae73,train
patok_v2,train,noseatbelt22_jpeg_jpg.rf.239c9ab24c0f736ddbf8e0cea33aa4ba,train
patok_v2,train,noseatbelt22_jpeg_jpg.rf.2a57ea96620c98e96a5016de95f660a2,train
patok_v2,train,noseatbelt22_jpeg_jpg.rf.680b6c298ac84481bec2433d85fd6c0a,valid
patok_v2,train,noseatbelt22_jpeg_jpg.rf.68fa26cae7ffb38e40b7a1a03b25fd22,train
patok_v2,train,noseatbelt22_jpeg_jpg.rf.6a0c3ac5dcbeeb297d0e4129d09767fb,test
patok_v2,train,noseatbelt22_jpeg_jpg.rf.7426128ee4592125190ae3216b23af1c,train
patok_v2,train,noseatbelt22_jpeg_jpg.rf.81d7a7062bebd5f86034cb0c1c198909,train
patok_v2,train,noseatbelt22_jpeg_jpg.rf.a453efdd6ffad200824ec4fb0ec95885,train
patok_v2,train,noseatbelt22_jpeg_jpg.rf.aa55463eaecf09bff94cb12416c8cb31,test
patok_v2,train,noseatbelt22_jpeg_jpg.rf.ac80ef279a67814ee0e8e5c8e3ea5987,train
patok_v2,train,noseatbelt22_jpeg_jpg.rf.aefb94ff7418ddb57ff37780a027b88e,valid
patok_v2,train,noseatbelt22_jpeg_jpg.rf.b170b661123d546dc15f456cf023f528,train
patok_v2,train,noseatbelt22_jpeg_jpg.rf.b2632af378601ce99e3563e8ec9953aa,valid
patok_v2,train,noseatbelt22_jpeg_jpg.rf.c213c1f66bc0d253759acca8988751db,valid
patok_v2,train,noseatbelt22_jpeg_jpg.rf.c8877ad7f5ad1c5c9da1c4bf0d8a48af,train
patok_v2,train,noseatbelt22_jpeg_jpg.rf.cb7ad82b5553a40c239a839dbcd5be01,train
patok_v2,train,noseatbelt22_jpeg_jpg.rf.ce287fc6fc2cfebbb19c7f542c5b16f7,train
patok_v2,train,noseatbelt22_jpeg_jpg.rf.e00deecae3e9d241106aafae61f2366c,train
patok_v2,train,noseatbelt22_jpeg_jpg.rf.e049782d501898d9bbc04ee56cfbf641,test
patok_v2,train,noseatbelt22_jpeg_jpg.rf.e270f5738394d2cd73be6faee06f6286,train
patok_v2,train,noseatbelt22_jpeg_jpg.rf.f8cf52bd5cd4822bfb50fc2c4d8030b4,test
patok_v2,train,noseatbelt22_jpeg_jpg.rf.fa090e36f930a07944566844787f1da7,train
patok_v2,train,noseatbelt27_jpeg_jpg.rf.15422bf0453e771ea724f241acf3bb8e,train
patok_v2,train,noseatbelt27_jpeg_jpg.rf.360b7be9d7225935c4ab39ac7b3ad336,train
patok_v2,train,noseatbelt27_jpeg_jpg.rf.3e20c1e039e92268ecba1092df02f022,test
patok_v2,train,noseatbelt27_jpeg_jpg.rf.4bef658f42f6aff8aa670466b899ae7c,train
patok_v2,train,noseatbelt27_jpeg_jpg.rf.52849d328dac510010d3629f8408b134,train
patok_v2,train,noseatbelt27_jpeg_jpg.rf.6d9fc803e129fc80059f21a04a68b82d,train
patok_v2,train,noseatbelt27_jpeg_jpg.rf.900506b9b78aabb2ca1b773b89562c9c,train
patok_v2,train,noseatbelt27_jpeg_jpg.rf.90d7075ed985b12ac1d395630c44ceed,valid
patok_v2,train,noseatbelt27_jpeg_jpg.rf.9e64e2018c7130f29b805add48d65ec2,train
patok_v2,train,noseatbelt27_jpeg_jpg.rf.ad5240325ff994948b279f4113b65fac,train
patok_v2,train,noseatbelt27_jpeg_jpg.rf.b017ceeb1461e5758e4c5fcc67d66b05,test
patok_v2,train,noseatbelt27_jpeg_jpg.rf.d7dfb54ff3d95f1041d3a782eb399b14,train
patok_v2,train,noseatbelt2_jpeg_jpg.rf.0dd9e9ef98a3d8adbc82188fc0822178,test
patok_v2,train,noseatbelt2_jpeg_jpg.rf.0e63a1f18a740678a59c513f26c1ea92,train
patok_v2,train,noseatbelt2_jpeg_jpg.rf.2bb068a3a29780a1bc39849cb3970bec,train
patok_v2,train,noseatbelt2_jpeg_jpg.rf.3ce6ab48ecd67cabfe67d99a8cf266e6,valid
patok_v2,train,noseatbelt2_jpeg_jpg.rf.6a2571148c82a467ec059de3bc8afb55,train
patok_v2,train,noseatbelt2_jpeg_jpg.rf.bdb8a22cc51af71cd0ae8c94cd38b884,train
patok_v2,train,noseatbelt2_jpeg_jpg.rf.d2f9ce5960bd941efdbe3ad889f6abc5,train
patok_v2,train,noseatbelt2_jpeg_jpg.rf.efc4e649e8b40330f70d5e1a98285170,train
patok_v2,train,noseatbelt30_jpeg_jpg.rf.04b6d0c66bebbf5d29d1cb20c76bc6db,train
patok_v2,train,noseatbelt30_jpeg_jpg.rf.084c0489f52c16fb35a5a89836bf4902,train
patok_v2,train,noseatbelt30_jpeg_jpg.rf.1742d717e531e7253e551ca6182034d2,train
patok_v2,train,noseatbelt30_jpeg_jpg.rf.4f6d8aabf67e4d3132cf4bd8a55ec7e4,test
patok_v2,train,noseatbelt30_jpeg_jpg.rf.56993180469ae1d987504758d117bfab,train
patok_v2,train,noseatbelt30_jpeg_jpg.rf.5a7657d403f95dc2de8adc5ab3708e5d,test
patok_v2,train,noseatbelt30_jpeg_jpg.rf.5c5eddb7d597606b70d5d58e865f3dd8,train
patok_v2,train,noseatbelt30_jpeg_jpg.rf.5cd2ae3a3079a1f95bd4e4bbfa6185fc,train
patok_v2,train,noseatbelt30_jpeg_jpg.rf.5e5c2ecdaa4ab8c96cbfd62610e9e2bf,train
patok_v2,train,noseatbelt30_jpeg_jpg.rf.673d51958db2d440b894b4c66aeac015,train
patok_v2,train,noseatbelt30_jpeg_jpg.rf.802c46288300a054c5452800d196d1c4,train
patok_v2,train,noseatbelt30_jpeg_jpg.rf.82486a2893f7fd14133d3c9578ea5c5e,train
patok_v2,train,noseatbelt30_jpeg_jpg.rf.a62cec68f33714e4f1a016f1d24619d6,valid
patok_v2,train,noseatbelt30_jpeg_jpg.rf.a9a0cfb4bfaaa471a1f48498b0df944d,train
patok_v2,train,noseatbelt30_jpeg_jpg.rf.adba5e1cf177e74e0fe48440200de725,train
patok_v2,train,noseatbelt30_jpeg_jpg.rf.add03269fb3678f0baddfb23c0df8202,train
patok_v2,train,noseatbelt30_jpeg_jpg.rf.be91b5b19cdcbb2939219379cbf14b09,train
patok_v2,train,noseatbelt30_jpeg_jpg.rf.cb4173c7a5e2d7a94ff5c76479339f65,train
patok_v2,train,noseatbelt30_jpeg_jpg.rf.d09187926f62379d5b47db1451d7cb66,train
patok_v2,train,noseatbelt30_jpeg_jpg.rf.d11210dba982a311ef7d9bc1e61d0f96,train
patok_v2,train,noseatbelt30_jpeg_jpg.rf.d57e06ed9dc87f483deb51f32f1435d8,train
patok_v2,train,noseatbelt30_jpeg_jpg.rf.dcce9e3470b799d2270707c52b996894,train
patok_v2,train,noseatbelt31_jpeg_jpg.rf.00b9aaf27354c9bdd24e0040b4904df2,train
patok_v2,train,noseatbelt31_jpeg_jpg.rf.7675f243f2e21f0d1a75750a835991fb,train
patok_v2,train,noseatbelt31_jpeg_jpg.rf.9c1278a8b3c79428ea0a9280d6ea1c26,train
patok_v2,train,noseatbelt31_jpeg_jpg.rf.a18f03bc304cc02d8322ebd7e0ea1988,train
patok_v2,train,noseatbelt3_jpeg_jpg.rf.0296a6db4b264b1e5d3f4436883704d0,train
patok_v2,train,noseatbelt3_jpeg_jpg.rf.05898b819c24d3939503de61b00faabc,train
patok_v2,train,noseatbelt3_jpeg_jpg.rf.1ce05b1ef78ae685d1ee8bcc033aaab2,train
patok_v2,train,noseatbelt3_jpeg_jpg.rf.2da99b785439c9d54a888c93b0b8b86e,train
patok_v2,train,noseatbelt3_jpeg_jpg.rf.3688b661289bc7297fde52f282048fd4,train
patok_v2,train,noseatbelt3_jpeg_jpg.rf.883bd2849c9b9070d739f0cdf7da8bdf,train
patok_v2,train,noseatbelt3_jpeg_jpg.rf.a0005883d7b6541d2625052e08684185,test
patok_v2,train,noseatbelt3_jpeg_jpg.rf.a817e9fb2aa92ae9da59aa7429d7089d,train
patok_v2,train,noseatbelt3_jpeg_jpg.rf.b7efa8b59b0b4c5b07e3c7abc6983ded,train
patok_v2,train,noseatbelt3_jpeg_jpg.rf.c8eb7182d0e57f1f952378881fc75bf1,train
patok_v2,train,noseatbelt3_jpeg_jpg.rf.daed13e493e431b5845e0fb3d310eac5,train
patok_v2,train,noseatbelt3_jpeg_jpg.rf.fff6c63d759a9ec2a69b556ee2463a06,train
patok_v2,train,noseatbelt40_jpeg_jpg.rf.4d65b8d469a0634afd7cae8cafe5e070,train
patok_v2,train,noseatbelt40_jpeg_jpg.rf.4f055e28d851385486fd711a9b2069e2,train
patok_v2,train,noseatbelt40_jpeg_jpg.rf.7198f6a0deb15709a6d2d093246a7e5b,train
patok_v2,train,noseatbelt40_jpeg_jpg.rf.73da0b78c758ab9378ac37d8355be7c5,train
patok_v2,train,noseatbelt40_jpeg_jpg.rf.ab5b9fcce63edb1152dbf52fd6ae097f,train
patok_v2,train,noseatbelt40_jpeg_jpg.rf.e23bce2f5becbd28244b99d92e0b6cc9,train
patok_v2,train,noseatbelt41_jpeg_jpg.rf.24cac1aa64524a927c3214f7d46ec4e5,train
patok_v2,train,noseatbelt41_jpeg_jpg.rf.2d54e5fe5a21454150383e1c7b2e76e4,valid
patok_v2,train,noseatbelt41_jpeg_jpg.rf.351add911013a3ffbdb98e14b737843d,train
patok_v2,train,noseatbelt41_jpeg_jpg.rf.374fed0838bd1f95eb3884af946c9ff3,train
patok_v2,train,noseatbelt41_jpeg_jpg.rf.5fb66c8bbb02747a09feb13d2b1a49cc,train
patok_v2,train,noseatbelt41_jpeg_jpg.rf.6af1fb6e887c262674e4126a155ed498,train
patok_v2,train,noseatbelt41_jpeg_jpg.rf.70c6be1ca95bf41a899438612a1c685b,train
patok_v2,train,noseatbelt41_jpeg_jpg.rf.7cfdcfcc8ed6da551add95f19d86aa3e,train
patok_v2,train,noseatbelt41_jpeg_jpg.rf.8a1f1e25d88f7cb5120b8a546358beb0,train
patok_v2,train,noseatbelt41_jpeg_jpg.rf.92612b0b544c62efebb5a265ae844064,train
patok_v2,train,noseatbelt41_jpeg_jpg.rf.9ff45018f2613d4ee14a76fce3754299,train
patok_v2,train,noseatbelt41_jpeg_jpg.rf.a5d2d524858f59127701a14089a3514a,train
patok_v2,train,noseatbelt41_jpeg_jpg.rf.bc0c7aa3588d47e78b11ffc1b289cb66,train
patok_v2,train,noseatbelt41_jpeg_jpg.rf.d94f09a13e87f077dc5586f83d2c4508,train
patok_v2,train,noseatbelt41_jpeg_jpg.rf.e02ed39884a8bf3a4c2ee60a7e56c1a5,train
patok_v2,train,noseatbelt41_jpeg_jpg.rf.f062f834a6d9ccf1b036c404d864cc57,train
patok_v2,train,noseatbelt41_jpeg_jpg.rf.f6d98e98aaaf40699002fe1138e1a695,train
patok_v2,train,noseatbelt41_jpeg_jpg.rf.ffa792c08f1d04622e9738e9a0d207c3,train
patok_v2,train,noseatbelt45_jpeg_jpg.rf.12951a4f0d95ae1071c09b6d79fada85,valid
patok_v2,train,noseatbelt45_jpeg_jpg.rf.6633f1bedcd4701720042c663afa41c2,train
patok_v2,train,noseatbelt45_jpeg_jpg.rf.6d1eb63f0bfa98a4804afa2d0734ab3d,train
patok_v2,train,noseatbelt45_jpeg_jpg.rf.7972b08abd07bb98bd9f730f9c012a7d,train
patok_v2,train,noseatbelt45_jpeg_jpg.rf.880ec85cd4ed11d5924d3a0cc3abbddd,train
patok_v2,train,noseatbelt45_jpeg_jpg.rf.8d570721edd60c6409e85b6aecd0a565,train
patok_v2,train,noseatbelt45_jpeg_jpg.rf.c1e019791d106dc525b15947e51bc02e,train
patok_v2,train,noseatbelt45_jpeg_jpg.rf.d5042f4999d76d1c919662c9adba6ddf,valid
patok_v2,train,noseatbelt45_jpeg_jpg.rf.da2b9d815b572987e8d2788a93017a97,train
patok_v2,train,noseatbelt45_jpeg_jpg.rf.fdf1770233bd5bf6d772e49f3c016c10,valid
patok_v2,train,noseatbelt4_jpeg_jpg.rf.235a40a3e533dc2042f1d27c456b0bba,train
patok_v2,train,noseatbelt4_jpeg_jpg.rf.3ab9be15c0ec0c0b215d7fcb897717ee,train
patok_v2,train,noseatbelt4_jpeg_jpg.rf.48edf71307517183be9a10f16fb1e8d5,train
patok_v2,train,noseatbelt4_jpeg_jpg.rf.4e14ac6fde9b7bfcd7cb66847c1dc928,train
patok_v2,train,noseatbelt4_jpeg_jpg.rf.587952bc23e16d8f3fca7b4723b64489,train
patok_v2,train,noseatbelt4_jpeg_jpg.rf.605a597273cfb85581e085fde82c903e,valid
patok_v2,train,noseatbelt4_jpeg_jpg.rf.980eceb042ee97bd95195e0ec1591937,train
patok_v2,train,noseatbelt4_jpeg_jpg.rf.a658a64693a30d200ceac0b7f4ddbc44,train
patok_v2,train,noseatbelt4_jpeg_jpg.rf.c1311da3c1e66813ac30683c303a20e8,train
patok_v2,train,noseatbelt4_jpeg_jpg.rf.caad6ec817e588f27d8dd1dc39dbcb20,train
patok_v2,train,noseatbelt4_jpeg_jpg.rf.d27ac5b07aa89a646a7fb930ce035d35,test
patok_v2,train,noseatbelt4_jpeg_jpg.rf.fecb7e53a655f2dc327cc755d7845da5,valid
patok_v2,train,noseatbelt50_jpeg_jpg.rf.434f23efd1cef4f04da7e744c6efbfde,train
patok_v2,train,noseatbelt50_jpeg_jpg.rf.e6c037256fce7c4b8b33ae1961ac2b3a,test
patok_v2,train,noseatbelt51_jpeg_jpg.rf.14c3d59f4b1a7d6695ac1ef02cc1308a,valid
patok_v2,train,noseatbelt51_jpeg_jpg.rf.1d7a020010ac811cbc74565956a19719,train
patok_v2,train,noseatbelt51_jpeg_jpg.rf.c6a1dfb0f1b5c8e4b2ef40d811608020,train
patok_v2,train,noseatbelt51_jpeg_jpg.rf.f35673951fde2e6d22bade7452c4605b,train
patok_v2,train,noseatbelt55_jpeg_jpg.rf.12e400b71cc189c0ee3eda1fd59d65b9,train
patok_v2,train,noseatbelt55_jpeg_jpg.rf.377f69da4de37dd1da34dd931b9cc14b,test
patok_v2,train,noseatbelt55_jpeg_jpg.rf.41c759f6d7e30d43c98ffcccb97b8fe0,train
patok_v2,train,noseatbelt55_jpeg_jpg.rf.6ef9656c3eb9ac41775e63816f82c02e,train
patok_v2,train,noseatbelt55_jpeg_jpg.rf.96bc2605bfe377b8f1fc9d1cc9fe4889,valid
patok_v2,train,noseatbelt55_jpeg_jpg.rf.b6431f57eb77192b100e868745bcb247,train
patok_v2,train,noseatbelt55_jpeg_jpg.rf.b80bcb114e55943989709eabba3e4c3f,train
patok_v2,train,noseatbelt55_jpeg_jpg.rf.c4b3f0cf7adf9f6672361ad24e5c7a54,train
patok_v2,train,noseatbelt55_jpeg_jpg.rf.c6a21641c3706d5bb8b9b5c4276529a2,test
patok_v2,train,noseatbelt55_jpeg_jpg.rf.ebb84b1f6f2b1d896580ff983ad77a4c,train
patok_v2,train,noseatbelt55_jpeg_jpg.rf.ff1f20e925a8adf598289e784a140e1b,train
patok_v2,train,noseatbelt55_jpeg_jpg.rf.ff76544c1ad752b162d1f748d56a213e,train
patok_v2,train,noseatbelt5_jpeg_jpg.rf.243538ad44cedf59c02e27b0d9f0cfec,train
patok_v2,train,noseatbelt5_jpeg_jpg.rf.2d6d87f31646f8170abae201284fcccc,test
patok_v2,train,noseatbelt5_jpeg_jpg.rf.76dd54612c531a915964d9c23ea44013,train
patok_v2,train,noseatbelt5_jpeg_jpg.rf.942e909ed6b815f6e310e8e49e7410af,train
patok_v2,train,noseatbelt5_jpeg_jpg.rf.9bee9603fa89f67a20bd81e1143a205d,train
patok_v2,train,noseatbelt5_jpeg_jpg.rf.a32cdba3437a2a64364af54ba4133c55,train
patok_v2,train,noseatbelt5_jpeg_jpg.rf.b3b844b6fcd975d2bb8c9033e566cfb9,test
patok_v2,train,noseatbelt5_jpeg_jpg.rf.d919160d850022b5ee01e186b432ef3c,train
patok_v2,train,noseatbelt63_jpeg_jpg.rf.0d1e45465a0d590f2a689d571fa0c215,train
patok_v2,train,noseatbelt63_jpeg_jpg.rf.355b911ab033d9cd8eb2e68f6eb05bab,train
patok_v2,train,noseatbelt63_jpeg_jpg.rf.5ee68e3a798ff280b90d8a4549df44fa,test
patok_v2,train,noseatbelt63_jpeg_jpg.rf.776eb373b5c68c545399c7e3650af3f8,train
patok_v2,train,noseatbelt67_jpeg_jpg.rf.06da0bc2fd429ad185256cad7d6635bc,train
patok_v2,train,noseatbelt67_jpeg_jpg.rf.11b57538b66f3f471e4b0bb44061b777,test
patok_v2,train,noseatbelt67_jpeg_jpg.rf.4e0b0452a616a4c0297fb375c5aba957,train
patok_v2,train,noseatbelt67_jpeg_jpg.rf.6b5f513e823429e1c77a4a0a4aad3a34,test
patok_v2,train,noseatbelt67_jpeg_jpg.rf.6e2fc532c2e40f458a1bd79b3ec26f73,test
patok_v2,train,noseatbelt67_jpeg_jpg.rf.7add8fcd9d2b65017ee55340fc62addc,train
patok_v2,train,noseatbelt67_jpeg_jpg.rf.7dc163b4cf567ebe2200603f9d0b298f,test
patok_v2,train,noseatbelt67_jpeg_jpg.rf.8ada763664719917e7207292ebbcfe56,test
patok_v2,train,noseatbelt67_jpeg_jpg.rf.a6c99d23720ab7380a247a9775d60638,train
patok_v2,train,noseatbelt67_jpeg_jpg.rf.aa0647d0f85b4b68d51c3d4a11b0cedd,train
patok_v2,train,noseatbelt67_jpeg_jpg.rf.bf910e176e8d3fe8b9f50e038739774e,train
patok_v2,train,noseatbelt67_jpeg_jpg.rf.d5807467708f70c35d83714f007faa26,train
patok_v2,train,noseatbelt6_jpeg_jpg.rf.306015ffd05e0251328e0de558552ad4,train
patok_v2,train,noseatbelt6_jpeg_jpg.rf.48768de3ece7968aec69f47276c0a5d4,train
patok_v2,train,noseatbelt6_jpeg_jpg.rf.74f75cd53f3edc36b22be4a40dcfe426,train
patok_v2,train,noseatbelt6_jpeg_jpg.rf.782eddce61bfa327d300b21d751c16db,train
patok_v2,train,noseatbelt6_jpeg_jpg.rf.adc419e5d5996e032ef983005a3887c5,train
patok_v2,train,noseatbelt6_jpeg_jpg.rf.b6290debcc27d4e42ec55af8bb761cc9,test
patok_v2,train,noseatbelt6_jpeg_jpg.rf.cc3cef35ea9e01761afb4b5811bff899,train
patok_v2,train,noseatbelt6_jpeg_jpg.rf.df7eda9f120b6506fd4c21736a5d0489,test
patok_v2,train,noseatbelt6_jpeg_jpg.rf.ea4933d0969e5cd84ffd7927ac09d570,train
patok_v2,train,noseatbelt6_jpeg_jpg.rf.fdc845dafe4b495b39e365708ee50b67,train
patok_v2,train,opencv_frame_100-2-_png.rf.0316cbf165c978bc5de400ee9d094b4f,train
patok_v2,train,opencv_frame_100-2-_png.rf.7cff3c2b63537fb103c280743482a22e,train
patok_v2,train,opencv_frame_100-3-_png.rf.0e7a2a8233a3cd48aad128a7ec4c1272,train
patok_v2,train,opencv_frame_100-3-_png.rf.c3952ddab1f362077e5be34ae78e6ccb,test
patok_v2,train,opencv_frame_100-5-_png.rf.6be08200a29499c5700ec46a6eaea9c6,valid
patok_v2,train,opencv_frame_100-5-_png.rf.87b1505bc2a3049cfa3cd46d84a80061,train
patok_v2,train,opencv_frame_100-8-_png.rf.7500424d1e1af55befdd656385fe5305,train
patok_v2,train,opencv_frame_100-8-_png.rf.7da73d29c9be0ec57ee85180a97993c2,train
patok_v2,train,opencv_frame_101-2-_png.rf.31da430260424db0282583ef15cf4b1a,train
patok_v2,train,opencv_frame_101-2-_png.rf.ca3e3180568dc0c76ab827159c3630af,train
patok_v2,train,opencv_frame_101-8-_png.rf.3ca89370f95b4c473d33872c04cb93fe,train
patok_v2,train,opencv_frame_101-8-_png.rf.4e5bd6741da99e2bfd529a5239a7a751,train
patok_v2,train,opencv_frame_102-6-_png.rf.41ee8c1c2ec6c7c43415ec19adde52e7,train
patok_v2,train,opencv_frame_102-6-_png.rf.b70e1b5cbc7eb0fe7826ec01a39aa4e4,train
patok_v2,train,opencv_frame_103-6-_png.rf.2819f517db405a64a2e2e83faac1743d,valid
patok_v2,train,opencv_frame_103-6-_png.rf.3df02b239b8aa3a52a9ac4e7f3d03ef7,train
patok_v2,train,opencv_frame_103-8-_png.rf.42c239d0efbdf45570a94151d40f6f2a,train
patok_v2,train,opencv_frame_103-8-_png.rf.6d5ed932f99e800e408d15f9e341f598,train
patok_v2,train,opencv_frame_104-4-_png.rf.23da2c9c808656652b93bcbddedd7f01,train
patok_v2,train,opencv_frame_104-4-_png.rf.8343c906184a8da15e64ae51f8346132,train
patok_v2,train,opencv_frame_104-5-_png.rf.555a7ad8ff40a86a790182c3e1848742,train
patok_v2,train,opencv_frame_104-5-_png.rf.f15ada4b6d4dae8dcb370b0dd988c748,test
patok_v2,train,opencv_frame_105-10-_png.rf.08067f0465d830bbe139f9793e35f6f9,train
patok_v2,train,opencv_frame_105-10-_png.rf.816e57c1e35edc92ff6ff888f8bbf210,train
patok_v2,train,opencv_frame_105-3-_png.rf.19b25cc36ef715379994dbc4538e7415,train
patok_v2,train,opencv_frame_105-3-_png.rf.53fc971360ec51975c770f355980cc7a,train
patok_v2,train,opencv_frame_105-5-_png.rf.10fa039e5adfe9796e3e7bfadcd37596,train
patok_v2,train,opencv_frame_105-5-_png.rf.792055f2f175e28a6606996b7fcf22e0,train
patok_v2,train,opencv_frame_105-6-_png.rf.77b34a31172e514a0d9697712571158d,train
patok_v2,train,opencv_frame_105-6-_png.rf.93627232a7ce3c816d202179c6376c62,train
patok_v2,train,opencv_frame_105-8-_png.rf.10e91f80f27f432a847e283a0942acf5,train
patok_v2,train,opencv_frame_105-8-_png.rf.b93c869adf532159125a86e3f310daeb,train
patok_v2,train,opencv_frame_106-2-_png.rf.131b371270d2e05bb5cbe6dc6fb04ea8,train
patok_v2,train,opencv_frame_106-2-_png.rf.457fd4770d248bac8851b87e7da83fcf,train
patok_v2,train,opencv_frame_106-4-_png.rf.7c24ae92806730f760499dbfbbc2a09d,train
patok_v2,train,opencv_frame_106-4-_png.rf.ef3ddc05dd16eeee14ccac17770d9d20,valid
patok_v2,train,opencv_frame_106-8-_png.rf.253a813df4bd041627b14002e31f9761,train
patok_v2,train,opencv_frame_106-8-_png.rf.916266956218f845f7aa78f4cce6ede4,train
patok_v2,train,opencv_frame_108-6-_png.rf.0e1b4d71c25f0385ba0a014cb19ad7a2,train
patok_v2,train,opencv_frame_108-6-_png.rf.3e53e56f9c07500d1ac08a0c257b81a0,train
patok_v2,train,opencv_frame_109-4-_png.rf.12ada3e9d1b30bde250d708dc60351b4,valid
patok_v2,train,opencv_frame_109-4-_png.rf.1e50ac745576cc12508c75ce9b76c3fa,test
patok_v2,train,opencv_frame_109-5-_png.rf.0388a6e44d2fc758a7c6d1a34921a8eb,train
patok_v2,train,opencv_frame_109-5-_png.rf.f0ef7629caab007f2c95e742bef48c09,train
patok_v2,train,opencv_frame_109-6-_png.rf.0181aa9cf37a180c80604cade109f56d,train
patok_v2,train,opencv_frame_109-6-_png.rf.81a75b64e89e55d89d582fe843e938bb,valid
patok_v2,train,opencv_frame_109-7-_png.rf.3096c7c9cab33b65fc914558877d27d6,train
patok_v2,train,opencv_frame_109-7-_png.rf.67ebb3197dd70fc4b698f6e2ac17f3a4,train
patok_v2,train,opencv_frame_110-3-_png.rf.d964ec1354a7d6249534f4370fbfa34d,train
patok_v2,train,opencv_frame_110-3-_png.rf.f68e894b2991d3d5fc7b0cc33c9672d1,train
patok_v2,train,opencv_frame_114-2-_png.rf.6094c08dfe0e1114161e987758b9738e,train
patok_v2,train,opencv_frame_114-2-_png.rf.7b334f0968f6771497e65a8f26517dd5,train
patok_v2,train,opencv_frame_114-3-_png.rf.1f2e4531bb493f5f104beab7e7bef24b,train
patok_v2,train,opencv_frame_114-3-_png.rf.6f86e002eb5d7cafacf8f2d123d115df,train
patok_v2,train,opencv_frame_116-4-_png.rf.aaa9bc0076111d6824af18183a87a593,train
patok_v2,train,opencv_frame_116-4-_png.rf.b7fa0bf0eef7bea6f2d466efaef87b04,train
patok_v2,train,opencv_frame_116-5-_png.rf.2b13d3e8d0ab2b3f500626e8f9263ccb,train
patok_v2,train,opencv_frame_116-5-_png.rf.78a7600c27d1c8ca19dc209b7fbd4739,train
patok_v2,train,opencv_frame_117-3-_png.rf.8721bd2052d527c278dc5ea2925925d2,train
patok_v2,train,opencv_frame_117-3-_png.rf.9df606c2aa8d9e399fcc033afa8724b8,valid
patok_v2,train,opencv_frame_117-5-_png.rf.e52426ded8c14089214b3d56a809b38d,train
patok_v2,train,opencv_frame_117-5-_png.rf.fe1ff96ff5ad7ac0bb47dfd078e93bfd,train
patok_v2,train,opencv_frame_118-5-_png.rf.7e3015db3b88c091146ead8545f2b265,train
patok_v2,train,opencv_frame_118-5-_png.rf.b6fbab43aa5f44c15c1bd48fdafd5764,test
patok_v2,train,opencv_frame_119-3-_png.rf.2938617171a615dc7c67406acc9c54b9,valid
patok_v2,train,opencv_frame_119-3-_png.rf.91585b0fb7e9bb66d15ec6572d21f62d,train
patok_v2,train,opencv_frame_120-3-_png.rf.3d55878a26e1d9a8f46c1f8e35b82f1d,train
patok_v2,train,opencv_frame_120-3-_png.rf.7fafc062e4cffe39611b8f38ff1fe361,train
patok_v2,train,opencv_frame_120-4-_png.rf.379f3957fa7e0a7c947700df1b2b033d,train
patok_v2,train,opencv_frame_120-4-_png.rf.8e74af8f66f2dce20db5a1c90a121f6b,train
patok_v2,train,opencv_frame_122-4-_png.rf.134a0c4711fca083744f1c81322c43cd,valid
patok_v2,train,opencv_frame_122-4-_png.rf.dd8809776be2257a7fe2bac9cb18a274,train
patok_v2,train,opencv_frame_123-3-_png.rf.02e7056f689eada1cd213b77b4c2c17c,train
patok_v2,train,opencv_frame_123-3-_png.rf.6d8dd4a2e5cf9e45601b5800eb557441,train
patok_v2,train,opencv_frame_123-6-_png.rf.29c64d857d49eee182b0ca83ace3dce2,train
patok_v2,train,opencv_frame_123-6-_png.rf.b933899d26d3a8448e36423ae8ceb7fd,train
patok_v2,train,opencv_frame_124-3-_png.rf.ddacce44e8c5bd39b5d71b5cdc53db0b,test
patok_v2,train,opencv_frame_124-3-_png.rf.e44bdf7d8d6bab6c8c2e26e208377a33,valid
patok_v2,train,opencv_frame_124-7-_png.rf.5467eb436fbd85051ff22c64332750a4,train
patok_v2,train,opencv_frame_124-7-_png.rf.d548ee91b0101f816c007825782ca8f3,train
patok_v2,train,opencv_frame_127-4-_png.rf.95aa4e95829a1756483b15c8340fac50,train
patok_v2,train,opencv_frame_127-4-_png.rf.efe649416cb9d053db3def572e21e06e,valid
patok_v2,train,opencv_frame_127-5-_png.rf.89f2d0bd53105402e4b94ea8e54099d2,train
patok_v2,train,opencv_frame_127-5-_png.rf.cb4d9c9a12b7d62355f9074bbb1d6465,train
patok_v2,train,opencv_frame_129-3-_png.rf.840a52562dd6e955cab35bbc5841df52,valid
patok_v2,train,opencv_frame_129-3-_png.rf.8d1f2aaa7122870384d904345c6779be,train
patok_v2,train,opencv_frame_129-4-_png.rf.15bd4947605300abd9c10edffd91b29f,test
patok_v2,train,opencv_frame_129-4-_png.rf.51475f22355fb540ff21d4a833077f9f,test
patok_v2,train,opencv_frame_129-6-_png.rf.3ac23b4dfc70e678bc17b0e9c76bcab5,test
patok_v2,train,opencv_frame_129-6-_png.rf.bdca5468cf07d92c35155a2b2077f589,valid
patok_v2,train,opencv_frame_131-4-_png.rf.275082dec9340c40b92b7c6c8d58febf,train
patok_v2,train,opencv_frame_131-4-_png.rf.934c6fb12d1c7c093108c01789265852,test
patok_v2,train,opencv_frame_134-4-_png.rf.86437ea7879c4c965b72d5f4e7a202e0,test
patok_v2,train,opencv_frame_134-4-_png.rf.e92c823e845aa6dbfc69da54a169bae4,train
patok_v2,train,opencv_frame_140-4-_png.rf.18f6cee5fe958f77a1b4c1f09b7d84bd,train
patok_v2,train,opencv_frame_140-4-_png.rf.23a8655a5b8f9727ef9a5e397347824e,valid
patok_v2,train,opencv_frame_141-6-_png.rf.5b8b6911151cda28a549f2aa85438200,test
patok_v2,train,opencv_frame_141-6-_png.rf.d6c86ef8654dcca73e58eb0326a153ad,train
patok_v2,train,opencv_frame_143-2-_png.rf.51ca833b08ad0eeb9182b1defb81f4d9,train
patok_v2,train,opencv_frame_143-2-_png.rf.adc0b2a47644991050b17183061c83ac,train
patok_v2,train,opencv_frame_143-3-_png.rf.5fc559151ac209619117b01cfedcda1d,train
patok_v2,train,opencv_frame_143-3-_png.rf.74e9b1c72846a2e153d40a77bd2be145,train
patok_v2,train,opencv_frame_143-7-_png.rf.6e8567fd0a724a60b2c72d0524dbb52e,train
patok_v2,train,opencv_frame_143-7-_png.rf.c43d846b7c7fda7f803a78e97505ef82,train
patok_v2,train,opencv_frame_144-3-_png.rf.74273d3fc73833445e90a40cfdbda242,train
patok_v2,train,opencv_frame_144-3-_png.rf.ad834482b5cf65bb18a5af9c6bb08e25,train
patok_v2,train,opencv_frame_145-2-_png.rf.79c5c1891b3745c07973385976b3cb20,train
patok_v2,train,opencv_frame_145-2-_png.rf.c98cfb10292f25000c627116b714e8f1,train
patok_v2,train,opencv_frame_148-3-_png.rf.1ac53a64f0a95bc6f4a919c093564746,train
patok_v2,train,opencv_frame_148-3-_png.rf.a25bdb406460d0d11fb6f617e7e11bcc,train
patok_v2,train,opencv_frame_151-2-_png.rf.5058489aed7be8b5d7d0960a42bf23d6,train
patok_v2,train,opencv_frame_151-2-_png.rf.b207cc3597a8c5d2ac42c10728ed6c4f,train
patok_v2,train,opencv_frame_154-3-_png.rf.079e6ce074731a1d9d3d00d962859414,train
patok_v2,train,opencv_frame_154-3-_png.rf.9d94e04205c63683dddc2f5958fc898f,train
patok_v2,train,opencv_frame_159-3-_png.rf.2578e71f9d5537be13c4830706618e0d,train
patok_v2,train,opencv_frame_159-3-_png.rf.991ba76829e1deaf8ced80a38464fc8a,valid
patok_v2,train,opencv_frame_169-2-_png.rf.4608a00d5d39800eebcc39678a1070a4,train
patok_v2,train,opencv_frame_169-2-_png.rf.ee88069e3b387a781bf5f5a593f01c3b,train
patok_v2,train,opencv_frame_26-12-_png.rf.2262c6cfa27f0c2582b9492d96bf2771,test
patok_v2,train,opencv_frame_26-12-_png.rf.93a06e129aaae336e34a16981819b537,train
patok_v2,train,opencv_frame_26-9-_png.rf.c1b8371b6bdc11656d732cc8cb51e644,train
patok_v2,train,opencv_frame_26-9-_png.rf.c652757ce9b158b9fc42c82609ce0a47,train
patok_v2,train,opencv_frame_28-3-_png.rf.34418b93aa111d2b898fa6f329c9ab5c,train
patok_v2,train,opencv_frame_28-3-_png.rf.6ad9347fa13e1851f494e55d0d0dc9cf,train
patok_v2,train,opencv_frame_28-9-_png.rf.1178a7f67d7fade07a042442fc799618,train
patok_v2,train,opencv_frame_28-9-_png.rf.2f0947731921f1ab2785e2c6f7004745,train
patok_v2,train,opencv_frame_29-10-_png.rf.3035e1d89c840458b5c848760775ce0d,train
patok_v2,train,opencv_frame_29-10-_png.rf.9ff8d7d3ae12f9d71d932b7e9589f947,train
patok_v2,train,opencv_frame_29-12-_png.rf.4f1124ac74cca568a7f3c1b54ec818da,train
patok_v2,train,opencv_frame_29-12-_png.rf.99074cd2a9808dd71bd86c61c1bf9040,train
patok_v2,train,opencv_frame_29-3-_png.rf.06408f50d90b321dd1c1e2996afd841a,train
patok_v2,train,opencv_frame_29-3-_png.rf.64c525c97569051292fbce716a78ab7c,train
patok_v2,train,opencv_frame_30-11-_png.rf.eabdf32b729ebaac9ba062dc061a8896,train
patok_v2,train,opencv_frame_30-11-_png.rf.f127588c6d78acf9a75849020dd29d72,train
patok_v2,train,opencv_frame_30-4-_png.rf.11c56b3ac44cd15cdcbe1dcdded92617,test
patok_v2,train,opencv_frame_30-4-_png.rf.226800ad34892ad71934493232ce23cf,train
patok_v2,train,opencv_frame_30-5-_png.rf.0a16610014e6024fd92db7ba94f25fe7,train
patok_v2,train,opencv_frame_30-5-_png.rf.89e9fa5c36de1d455f4e7fd67346c2c1,train
patok_v2,train,opencv_frame_30-6-_png.rf.6916f8fa4db8e8bb897c2b8203916762,train
patok_v2,train,opencv_frame_30-6-_png.rf.a79ec932f6c0347a6e17ba01d80c2fa1,valid
patok_v2,train,opencv_frame_30-7-_png.rf.11dc729f3dfc2b031502234eba3696ad,train
patok_v2,train,opencv_frame_30-7-_png.rf.1ef831ef605e1f1f3f59b95aa898d4d7,valid
patok_v2,train,opencv_frame_30-9-_png.rf.47e8c5ab1483d5ea816181ac0f83a178,train
patok_v2,train,opencv_frame_30-9-_png.rf.c3b30b6eb072b877ee65ea62d462116c,train
patok_v2,train,opencv_frame_31-4-_png.rf.1c8ab2df96ae73470fb611e552395a7f,test
patok_v2,train,opencv_frame_31-4-_png.rf.216bc0f2046c6236ecfe95aab800bfae,train
patok_v2,train,opencv_frame_31-8-_png.rf.307b0c5cd45913c84029dfe9b0639fd8,test
patok_v2,train,opencv_frame_31-8-_png.rf.b38a8581ea8fc9b4761dc9f7bb557a8e,train
patok_v2,train,opencv_frame_32-2-_png.rf.566a29d03c255a45cfd547f6176138b6,train
patok_v2,train,opencv_frame_32-2-_png.rf.f7503185ce640be3b51fabee374d2d85,train
patok_v2,train,opencv_frame_32-4-_png.rf.4eaa194cc6649723ef9dbce6bd0cbdd9,valid
patok_v2,train,opencv_frame_32-4-_png.rf.d75f28c7801707fc1998b5ae795c0af4,train
patok_v2,train,opencv_frame_35-13-_png.rf.324299b096b3256b7683f460da2f62d5,train
patok_v2,train,opencv_frame_35-13-_png.rf.ddee814c5117848b08deeddd81dae8ff,train
patok_v2,train,opencv_frame_35-14-_png.rf.269f3000bc3f2c044859bcea00d7d7a4,train
patok_v2,train,opencv_frame_35-14-_png.rf.9aa052b6c780b8cb866e3592a2ada6c1,train
patok_v2,train,opencv_frame_37-11-_png.rf.291d00d55755e99654a8e58d5430923d,train
patok_v2,train,opencv_frame_37-11-_png.rf.3946905a70b49bcc955926c9144cd19f,train
patok_v2,train,opencv_frame_37-3-_png.rf.42ec846dbde85abe8afdd75e60abc127,train
patok_v2,train,opencv_frame_37-3-_png.rf.a08e1c94163e045984a552b709aef572,train
patok_v2,train,opencv_frame_37-4-_png.rf.285fe0b05d80a39f7deb424427a5e021,test
patok_v2,train,opencv_frame_37-4-_png.rf.ff111d3f99137d75380f255e8962ffc0,valid
patok_v2,train,opencv_frame_39-12-_png.rf.bd8540ec14f0b971f3959b06b45ed4ca,train
patok_v2,train,opencv_frame_39-12-_png.rf.fc1c1ba37d1b00255a3c63bb7fdc16f3,train
patok_v2,train,opencv_frame_39-3-_png.rf.03e5f8389375199118ed1522613d6e1d,train
patok_v2,train,opencv_frame_39-3-_png.rf.bcb46ce2dadd3737634b4352c4100b6b,train
patok_v2,train,opencv_frame_39-4-_png.rf.5cb4cfb544626d5c6644c6f0236bdc2b,valid
patok_v2,train,opencv_frame_39-4-_png.rf.65f74958c99cf01c4f486cd3b9c63bdc,train
patok_v2,train,opencv_frame_39-5-_png.rf.1838a0b9343ea42e5e539f3375da258e,train
patok_v2,train,opencv_frame_39-5-_png.rf.a1cabecb183d7ff077fb7466995b4a7d,train
patok_v2,train,opencv_frame_39-6-_png.rf.b227ef4fd9b154037d527ba6c56d392b,valid
patok_v2,train,opencv_frame_39-6-_png.rf.f9ff94a024f05cca0b227716edf50b4a,train
patok_v2,train,opencv_frame_40-2-_png.rf.0a5b57674879c4050a14a4b4dfe81413,train
patok_v2,train,opencv_frame_40-2-_png.rf.7856b1bc7560227dc4457c802b7d8f00,valid
patok_v2,train,opencv_frame_40-4-_png.rf.048b1456da8b53b1597dc6924ecbc070,train
patok_v2,train,opencv_frame_40-4-_png.rf.995c2e8294961ea2f5da3402fd507aa3,train
patok_v2,train,opencv_frame_41-13-_png.rf.0ad3a25429c3fe4f12919a0003f2d091,train
patok_v2,train,opencv_frame_41-13-_png.rf.d011d65ef029b1b4392d023e03b52832,train
patok_v2,train,opencv_frame_42-3-_png.rf.674f7b853dc2aa21d3013e260f57ef6a,train
patok_v2,train,opencv_frame_42-3-_png.rf.e4a9124efa6d9d97c70f08dcfd858645,train
patok_v2,train,opencv_frame_43-4-_png.rf.4d2ffe47f1b102a38d12d7c546cd4532,test
patok_v2,train,opencv_frame_43-4-_png.rf.5e4031e8b24b0c4dd0429be9ae80dc9f,train
patok_v2,train,opencv_frame_43-5-_png.rf.597459cf67ffec02411039b28ddd2813,train
patok_v2,train,opencv_frame_43-5-_png.rf.f2fd9917cf5fa19ed8e61434e029840b,train
patok_v2,train,opencv_frame_43-6-_png.rf.78deccf28f14409c1353ea9dacbd7dc3,train
patok_v2,train,opencv_frame_43-6-_png.rf.865705611d012a4124af60e934ab4d6c,train
patok_v2,train,opencv_frame_44-10-_png.rf.514c83acb554b28d9e25219eef7465fb,train
patok_v2,train,opencv_frame_44-10-_png.rf.c097b543cbd2832d0fa4d9f0b97eb7b7,train
patok_v2,train,opencv_frame_44-2-_png.rf.0c3a1c1ee91486a6516fa1995c5b4fcd,train
patok_v2,train,opencv_frame_44-2-_png.rf.1d8f77e883d45c861adf056b09acdcdb,train
patok_v2,train,opencv_frame_44-4-_png.rf.17e60d463702382f0df2d4cff7a74e59,train
patok_v2,train,opencv_frame_44-4-_png.rf.faabe7da16d69c8cbb5a45ec2788a3da,train
patok_v2,train,opencv_frame_44-5-_png.rf.906c91436869617c0708dc7589a94942,valid
patok_v2,train,opencv_frame_44-5-_png.rf.b733f43448f022a173b59645c29856ab,train
patok_v2,train,opencv_frame_44-8-_png.rf.300cb731fbb495197f6a085cdf8e55fb,train
patok_v2,train,opencv_frame_44-8-_png.rf.33062b5fcf7ebdb88628b05f3fd6d14d,train
patok_v2,train,opencv_frame_45-8-_png.rf.32b2a8a58c8d603ee58539c56849f312,train
patok_v2,train,opencv_frame_45-8-_png.rf.d1d5df69664f3aff3acebd69a8d0d207,train
patok_v2,train,opencv_frame_46-10-_png.rf.89a10d9e2f8062bf050831b34e98ea05,train
patok_v2,train,opencv_frame_46-10-_png.rf.c709afaf17ac280f47bd25d584edc9e8,train
patok_v2,train,opencv_frame_46-5-_png.rf.4e0920a3417f0b9d47c49c427a52a905,train
patok_v2,train,opencv_frame_46-5-_png.rf.6165f628b78715211c10cea43a4eb7db,train
patok_v2,train,opencv_frame_48-13-_png.rf.46c682bf2dee31d1b73090e5de2ae1eb,train
patok_v2,train,opencv_frame_48-13-_png.rf.fe00f472331586b69eae053459950c7f,train
patok_v2,train,opencv_frame_48-5-_png.rf.049641c18a4a5d2fc69c2e944b026484,train
patok_v2,train,opencv_frame_48-5-_png.rf.17a0f43210d4cc2ddf75e861386069a9,train
patok_v2,train,opencv_frame_49-15-_png.rf.12f21fde5e27a353094f983f17795860,train
patok_v2,train,opencv_frame_49-15-_png.rf.c7bf4762050877019ed5b936e24f2a2f,valid
patok_v2,train,opencv_frame_50-13-_png.rf.42b48d9df811f8b60b21794abbca4c14,train
patok_v2,train,opencv_frame_50-13-_png.rf.86328f40f2561a3df92be75dce49e64f,train
patok_v2,train,opencv_frame_50-7-_png.rf.ba5df3b29beb674bb518c4dd5e3188f2,train
patok_v2,train,opencv_frame_50-7-_png.rf.fdfdc307fb9cc789d3ea290aa2793725,test
patok_v2,train,opencv_frame_51-10-_png.rf.61b834eb10538a12557fb22042a73c72,train
patok_v2,train,opencv_frame_51-10-_png.rf.9eae7797908b7357f5b646333edad601,train
patok_v2,train,opencv_frame_51-13-_png.rf.2725c64f2506b3dc4bb987cd6ec39f04,test
patok_v2,train,opencv_frame_51-13-_png.rf.9f18b50695d9b4b3dd3761f11c313c0a,train
patok_v2,train,opencv_frame_51-4-_png.rf.78380360d7602066fb82a41f0b212183,train
patok_v2,train,opencv_frame_51-4-_png.rf.cdffd161f054b456c2611848b7056d21,train
patok_v2,train,opencv_frame_51-5-_png.rf.bbdec74b5ee6db8feb511ae9b2242d98,train
patok_v2,train,opencv_frame_51-5-_png.rf.c040c6c55457442dc49474269f12b7aa,train
patok_v2,train,opencv_frame_52-13-_png.rf.171b105aae28ca0e561513b9b81425ae,valid
patok_v2,train,opencv_frame_52-13-_png.rf.d6b0c1f7cb42a01e2c16278e8c32d4d7,train
patok_v2,train,opencv_frame_52-5-_png.rf.5b8f4969de4431ebe184b9e04fa82689,train
patok_v2,train,opencv_frame_52-5-_png.rf.79dba7fa52c3c11748bb58c45dd49460,train
patok_v2,train,opencv_frame_52-9-_png.rf.d03fb7f7cbdadcc83286660a066160b1,valid
patok_v2,train,opencv_frame_52-9-_png.rf.f35e78e96c2d69930e69401bd0eb1ed7,valid
patok_v2,train,opencv_frame_53-3-_png.rf.9de944697280d9f355a1e455abd54121,train
patok_v2,train,opencv_frame_53-3-_png.rf.eed977e0f31b81a919d82c7542b616e0,train
patok_v2,train,opencv_frame_53-6-_png.rf.025049161e577d2bdf1dfd9427201121,train
patok_v2,train,opencv_frame_53-6-_png.rf.c77e184d820478d1bb4981075c309637,train
patok_v2,train,opencv_frame_53-7-_png.rf.b5b3a73c4812d18676af9a1ad007700f,train
patok_v2,train,opencv_frame_53-7-_png.rf.f1a88f59e83ef9e1f7699ec48f669447,train
patok_v2,train,opencv_frame_54-13-_png.rf.9b2312b2064a15e96aa0fbe767990a06,test
patok_v2,train,opencv_frame_54-13-_png.rf.b115a49544717ee15cd58d0be58f832c,train
patok_v2,train,opencv_frame_54-6-_png.rf.1f109529bb8e2399f970f385e9bb05b5,train
patok_v2,train,opencv_frame_54-6-_png.rf.bea34d9037f02f24388402e312a7770e,train
patok_v2,train,opencv_frame_54-9-_png.rf.17eaafc55946c5be2b4076c7f3df7892,valid
patok_v2,train,opencv_frame_54-9-_png.rf.8072bcebe0f5f1fcbf5aebe19df136cb,train
patok_v2,train,opencv_frame_55-12-_png.rf.2fdf3c28853a6c36f0a3abaedcbe495f,train
patok_v2,train,opencv_frame_55-12-_png.rf.e05a1827a62212f2ef27952a02928391,train
patok_v2,train,opencv_frame_55-13-_png.rf.1d23191cd6b82d12225149144f276bf4,test
patok_v2,train,opencv_frame_55-13-_png.rf.cbba96b8cce4a2c54a7cb841470250db,train
patok_v2,train,opencv_frame_55-4-_png.rf.c5f4e46e9180aad7d1c1ea1227626523,valid
patok_v2,train,opencv_frame_55-4-_png.rf.ed602be536257ad3c21f014186ab435d,train
patok_v2,train,opencv_frame_55-7-_png.rf.38fb8687574db2c69dd3625baae10a9f,train
patok_v2,train,opencv_frame_55-7-_png.rf.9e4fe337ceaf07bc53a992d3f1d526d7,train
patok_v2,train,opencv_frame_55-9-_png.rf.904a9dfd4c30aa3e989163738f571250,train
patok_v2,train,opencv_frame_55-9-_png.rf.9664f47a775a2caa3ce5fc279571032b,valid
patok_v2,train,opencv_frame_56-15-_png.rf.b1bca44011363f057933d3766fbd93f1,train
patok_v2,train,opencv_frame_56-15-_png.rf.d8bbd4b971f3c12a2fceb45c328c9cfa,train
patok_v2,train,opencv_frame_56-4-_png.rf.1a3b902876050c3721be32be943e7619,train
patok_v2,train,opencv_frame_56-4-_png.rf.974708ad90fe555e34429c1c118bdf1f,valid
patok_v2,train,opencv_frame_56-7-_png.rf.33d125db50ee8b1ce961cbda22d4f734,train
patok_v2,train,opencv_frame_56-7-_png.rf.74b35dbe84ca7085e5c17cfc3e70da8a,train
patok_v2,train,opencv_frame_56-8-_png.rf.3fc57fdf22e765d62a9fc7baba17566e,test
patok_v2,train,opencv_frame_56-8-_png.rf.8010a33cdc126c2bfc42a0a3a2b2796b,train
patok_v2,train,opencv_frame_57-12-_png.rf.4a54e99b9475ae036677728a3c1fa4c8,valid
patok_v2,train,opencv_frame_57-12-_png.rf.6309b3e0f3a32162cfd800bb26f41456,train
patok_v2,train,opencv_frame_57-14-_png.rf.72d051e98064207163957e78e036e666,train
patok_v2,train,opencv_frame_57-14-_png.rf.b4ad616514ee0b4225717568d1462e93,valid
patok_v2,train,opencv_frame_57-5-_png.rf.417294561a5f547422ec1a864fc99633,train
patok_v2,train,opencv_frame_57-5-_png.rf.8d87b7da1038fb6e650d0fb585154043,train
patok_v2,train,opencv_frame_58-13-_png.rf.301b43c6e92fd49fa6e2cb7b283572c2,test
patok_v2,train,opencv_frame_58-13-_png.rf.ebea2d738f370e76ea8d9ead7f837943,train
patok_v2,train,opencv_frame_58-14-_png.rf.3edeeec54f4750a1bdca4dc38b9ff455,train
patok_v2,train,opencv_frame_58-14-_png.rf.75b15c8871a19f23f06484b730b97fee,train
patok_v2,train,opencv_frame_58-4-_png.rf.33fca4addeb0e545af8e27fe86009a48,train
patok_v2,train,opencv_frame_58-4-_png.rf.d255df837bf00a6ed50bfe6c3ad4751e,test
patok_v2,train,opencv_frame_58-5-_png.rf.1022709e1e3bac9a1f401d149641e18b,train
patok_v2,train,opencv_frame_58-5-_png.rf.afa45c49d13a2bd8ca81cf74a07ac598,train
patok_v2,train,opencv_frame_59-4-_png.rf.0b19d6bca9012c17d693badb321a8071,test
patok_v2,train,opencv_frame_59-4-_png.rf.9934b7bade47ad6a5fa4982f29ac0b3d,train
patok_v2,train,opencv_frame_60-4-_png.rf.5e26d46a55f48f49e2c410d31ca2cee9,train
patok_v2,train,opencv_frame_60-4-_png.rf.aa01d449d217cf35d2315ce05de5521a,train
patok_v2,train,opencv_frame_60-8-_png.rf.86e6d838038ffcc12aab09c9db22e686,train
patok_v2,train,opencv_frame_60-8-_png.rf.d860a67b56461be799f2dc5b780f2b77,test
patok_v2,train,opencv_frame_61-4-_png.rf.9fd2c73189edf560b0d963f47ad881df,train
patok_v2,train,opencv_frame_61-4-_png.rf.d80426cdde5f5814fdfc406c0f9664c8,train
patok_v2,train,opencv_frame_61-6-_png.rf.a5ada99653abe94504059e589ed7eae4,train
patok_v2,train,opencv_frame_61-6-_png.rf.d371496170f11f2ce997c2fab2c5817f,train
patok_v2,train,opencv_frame_62-12-_png.rf.6aac07c30b629bb647cd495c6c8ec500,valid
patok_v2,train,opencv_frame_62-12-_png.rf.facdb45b2e70fb139ea2bd46b8c7b5c3,train
patok_v2,train,opencv_frame_62-14-_png.rf.1db47c2168af1c27b424f61e2b71aec1,valid
patok_v2,train,opencv_frame_62-14-_png.rf.bee59dbdb703037d253bc58a44c096ed,train
patok_v2,train,opencv_frame_62-8-_png.rf.2a3bf32350517916533f4b1a1dfde6b2,train
patok_v2,train,opencv_frame_62-8-_png.rf.aed97d34e675102dbffa926728973bba,train
patok_v2,train,opencv_frame_62-9-_png.rf.3d1df44d8515e93c0faeece342d6c81a,train
patok_v2,train,opencv_frame_62-9-_png.rf.d02fd559d85ec2b0fc2cf53d72f89f3f,train
patok_v2,train,opencv_frame_63-11-_png.rf.533c06c5892a55402d54432b770a9054,test
patok_v2,train,opencv_frame_63-11-_png.rf.96b942f45f9cd126a257f8ab0a96d68a,train
patok_v2,train,opencv_frame_63-5-_png.rf.7e654e8cb099319281c1d03dda6cdc8e,train
patok_v2,train,opencv_frame_63-5-_png.rf.aa69518c361a4ff6752eced3103d27d7,train
patok_v2,train,opencv_frame_63-7-_png.rf.7da021e8e38f970bdc68ef85fac49ec9,train
patok_v2,train,opencv_frame_63-7-_png.rf.8afbdfc35a7eb9148b84d748946768fa,valid
patok_v2,train,opencv_frame_64-11-_png.rf.4be9157ffc54afef11208c8846b8ec8f,train
patok_v2,train,opencv_frame_64-11-_png.rf.e54db8854b14c30e5f6f57413ff14223,train
patok_v2,train,opencv_frame_64-12-_png.rf.8fef21b76184b8d2e5dee6e084d06914,train
patok_v2,train,opencv_frame_64-12-_png.rf.dee02ff1435d388e5dc00a0abe3ab843,train
patok_v2,train,opencv_frame_64-3-_png.rf.4bd3347fa90c56392372060903b3d90d,train
patok_v2,train,opencv_frame_64-3-_png.rf.df237ee5cdce2396d0f280b21a83df0a,test
patok_v2,train,opencv_frame_65-11-_png.rf.4057a3578781c60ba52088ba1c58fcdd,train
patok_v2,train,opencv_frame_65-11-_png.rf.e121bac244e4d7683adeda42820d5d92,train
patok_v2,train,opencv_frame_65-6-_png.rf.623ecaf2e70002cf2e709bb2e31f00cc,train
patok_v2,train,opencv_frame_65-6-_png.rf.f5c9e9222b71cdbbb91d9e37dc137904,train
patok_v2,train,opencv_frame_66-5-_png.rf.9cabc87c1a9df5fbc1a6eb8ee25ea3ee,train
patok_v2,train,opencv_frame_66-5-_png.rf.a8a506bd531ae2bd24900d63439e7d04,train
patok_v2,train,opencv_frame_66-6-_png.rf.89e1b997b77f1ff6bdf258039e4ebc59,train
patok_v2,train,opencv_frame_66-6-_png.rf.b95d82bf44523de160e6752fe85dcf78,valid
patok_v2,train,opencv_frame_66-7-_png.rf.8a124570b99f663ae59581ef855963bd,train
patok_v2,train,opencv_frame_66-7-_png.rf.f640d5f4b5fb0f67722e382081f5fb35,valid
patok_v2,train,opencv_frame_69-10-_png.rf.a0a7b36ae777b640faa68e547c89ca5d,test
patok_v2,train,opencv_frame_69-10-_png.rf.a2475587c93412b4f45aac62f28c852e,train
patok_v2,train,opencv_frame_69-12-_png.rf.46780fda3f015b90e72210f48559bc25,train
patok_v2,train,opencv_frame_69-12-_png.rf.6384b42678de2e0e3bfba997237f4532,train
patok_v2,train,opencv_frame_69-5-_png.rf.4fc0dca5a53ce7eb9c59fd7b7540ba80,train
patok_v2,train,opencv_frame_69-5-_png.rf.b7b6151baeda8511f595dd2e5c41964d,train
patok_v2,train,opencv_frame_69-6-_png.rf.390d646d4ac076da6411d1ab47e49ff7,train
patok_v2,train,opencv_frame_69-6-_png.rf.fe5621c11dab5da17af3d2e52605ab91,train
patok_v2,train,opencv_frame_70-10-_png.rf.9bae9c92ade57269b06923f12cb2b66f,train
patok_v2,train,opencv_frame_70-10-_png.rf.ac837c649cc2cd666745bf61028bb894,train
patok_v2,train,opencv_frame_70-3-_png.rf.7acc83c475c7386e77023bcde44d7371,train
patok_v2,train,opencv_frame_70-3-_png.rf.80682468bf5f547f6c2b58fc80d93d31,train
patok_v2,train,opencv_frame_70-6-_png.rf.bec203c104d9f7eceb1088a189ba6278,train
patok_v2,train,opencv_frame_70-6-_png.rf.fb7d491ebcf126891a6b957295a5dc32,train
patok_v2,train,opencv_frame_71-2-_png.rf.1be793cd7075436b6936696d1f99e5a3,train
patok_v2,train,opencv_frame_71-2-_png.rf.800640a00ca42cd83d71c0c10e02a440,train
patok_v2,train,opencv_frame_71-4-_png.rf.5edee9e893e3be361f9f987fe4c2560d,train
patok_v2,train,opencv_frame_71-4-_png.rf.b7f99aa14b6826648a37d8ea2eaafb0c,train
patok_v2,train,opencv_frame_71-6-_png.rf.7f3e9c7e759515a96346a79f268858e7,train
patok_v2,train,opencv_frame_71-6-_png.rf.b78a1bb78711039dce1324c7b619f561,test
patok_v2,train,opencv_frame_71-9-_png.rf.6062a8055538b1e9881b46efcaf740c3,train
patok_v2,train,opencv_frame_71-9-_png.rf.cec7ac4edbaaefe27ced56cfce213583,train
patok_v2,train,opencv_frame_72-12-_png.rf.7c5d3a95f3ddd5cd7a92f985e1ffc30b,valid
patok_v2,train,opencv_frame_72-12-_png.rf.b800ad958c9b0680d4b9f65ab9e6e7e3,train
patok_v2,train,opencv_frame_74-12-_png.rf.0d509d502ad50d2c7c1fa7a1af91be55,train
patok_v2,train,opencv_frame_74-12-_png.rf.82eb01a02370eb5299e4978621b34db2,test
patok_v2,train,opencv_frame_74-13-_png.rf.3d2fcc482ab9e87f9c8515bcdaae4490,train
patok_v2,train,opencv_frame_74-13-_png.rf.4c34120ccd7d561ee85664d290966386,train
patok_v2,train,opencv_frame_74-6-_png.rf.19f5c637fd11b78f2d69861963d728fc,train
patok_v2,train,opencv_frame_74-6-_png.rf.eb429bc366284b9659f888c1305d1990,train
patok_v2,train,opencv_frame_74-8-_png.rf.1791fbd53580600ed501e401ff513f4a,train
patok_v2,train,opencv_frame_74-8-_png.rf.95a9152797d4ef35bc547582aed8a8d6,train
patok_v2,train,opencv_frame_75-10-_png.rf.51f0dc11d83803263337d02eff51c864,train
patok_v2,train,opencv_frame_75-10-_png.rf.53f981509ca52b489fb108d78751b398,test
patok_v2,train,opencv_frame_75-5-_png.rf.463066ab3db67ca63a644ccdf17f92f1,train
patok_v2,train,opencv_frame_75-5-_png.rf.d09dd35329565978228784a78256671a,train
patok_v2,train,opencv_frame_75-6-_png.rf.af4a6a36d9638687e7063bdd46bdaa17,train
patok_v2,train,opencv_frame_75-6-_png.rf.f17bd0213f503f65ae01a023e4e1803b,train
patok_v2,train,opencv_frame_76-10-_png.rf.5d807c8bdb946a416dc0476528bc005a,train
patok_v2,train,opencv_frame_76-10-_png.rf.d8ffd2629662cd645705a938c7244a75,train
patok_v2,train,opencv_frame_76-11-_png.rf.33c23623955a85b377b64a182e0c75eb,train
patok_v2,train,opencv_frame_76-11-_png.rf.7b1456806a5b28ceedf3383ba8fc70e7,train
patok_v2,train,opencv_frame_76-12-_png.rf.492f035388576124c6fef9591df8a4c9,test
patok_v2,train,opencv_frame_76-12-_png.rf.b8dd0b02f2fa0acf45349da4e82e0bc2,valid
patok_v2,train,opencv_frame_76-13-_png.rf.822374662de06d0391f4509042ac3c91,train
patok_v2,train,opencv_frame_76-13-_png.rf.a39a229f3e9e4e94a38053cddfc94ecb,train
patok_v2,train,opencv_frame_76-2-_png.rf.ab807cc6516fc2b4cb6118299d307069,train
patok_v2,train,opencv_frame_76-2-_png.rf.df872fd8662abb4bc409cd93c9e7804d,train
patok_v2,train,opencv_frame_76-3-_png.rf.148b97b2249dc77bf47afc91f4fd8f8a,valid
patok_v2,train,opencv_frame_76-3-_png.rf.ea246c379b19e0be4cc8cab6062f8789,train
patok_v2,train,opencv_frame_76-5-_png.rf.a29cc97c983489fcdcbe72f4d83b019a,train
patok_v2,train,opencv_frame_76-5-_png.rf.bbd59afa17ef385c70848d900fa2ec99,train
patok_v2,train,opencv_frame_76-6-_png.rf.e7eb4a293de165b2d094dfca8ef41e36,train
patok_v2,train,opencv_frame_76-6-_png.rf.fa3ef773143ece061e85eb0f563e3efe,test
patok_v2,train,opencv_frame_77-12-_png.rf.49a979413ad05fb5684e5be31994d19e,train
patok_v2,train,opencv_frame_77-12-_png.rf.cacd25f1bab341e508c7aaaad6afcece,valid
patok_v2,train,opencv_frame_77-14-_png.rf.14d91b5f9aa7e0e6287b682eaaf11c9c,train
patok_v2,train,opencv_frame_77-14-_png.rf.2f3509894e31990247257084a96fc935,train
patok_v2,train,opencv_frame_77-5-_png.rf.87ca4bba489cddf52cc6dc6a6d3214cc,train
patok_v2,train,opencv_frame_77-5-_png.rf.eb4c092ca2e8014a83a7e28433b60176,train
patok_v2,train,opencv_frame_77-8-_png.rf.5ba56337b5352b9e9a1349065c02d6e0,valid
patok_v2,train,opencv_frame_77-8-_png.rf.7c01f301b6dcd3ee376ab6ff8428d26f,train
patok_v2,train,opencv_frame_78-10-_png.rf.01affc48d3ad71d0c6c54ca16d062eb9,valid
patok_v2,train,opencv_frame_78-10-_png.rf.9a1a92b51a0838878c9f8e57bcbf20f2,train
patok_v2,train,opencv_frame_78-13-_png.rf.3becd69cdc39a93913498cf78a45248b,train
patok_v2,train,opencv_frame_78-13-_png.rf.91ecdb170dfaef6e34d9cfa3b70056fd,train
patok_v2,train,opencv_frame_78-3-_png.rf.bee8dfeb1d849e475b9870978b74584d,train
patok_v2,train,opencv_frame_78-3-_png.rf.eb6964cba457a3c15cb90b7c95dc71fe,train
patok_v2,train,opencv_frame_79-11-_png.rf.07420d9108c0a5d0b6f8b850a3a58f55,train
patok_v2,train,opencv_frame_79-11-_png.rf.f1fe9f5cfe199e107a72780c061f67a7,test
patok_v2,train,opencv_frame_81-5-_png.rf.64d9504189c5d6ce57380b293be761af,train
patok_v2,train,opencv_frame_81-5-_png.rf.e992be089964e8dafc8c6aa2100f41b5,test
patok_v2,train,opencv_frame_81-8-_png.rf.47970dd41831ba0fc176c8673c5015bc,train
patok_v2,train,opencv_frame_81-8-_png.rf.e9322e208dc7a83b887c01f492e33628,test
patok_v2,train,opencv_frame_83-11-_png.rf.4a3dd2f99c3a09499c2169ad411c9e8a,train
patok_v2,train,opencv_frame_83-11-_png.rf.b24cd20970067715ece924cc540cd2f4,train
patok_v2,train,opencv_frame_83-4-_png.rf.a2ecbe721d5f5495aa5c4befa608b4b8,train
patok_v2,train,opencv_frame_83-4-_png.rf.de6b0b5f6dab6179a07f4ae9a2756edf,test
patok_v2,train,opencv_frame_84-2-_png.rf.62f510b72eb0441b18a7650d0331c38c,valid
patok_v2,train,opencv_frame_84-2-_png.rf.9e89335914348ec727792468825277ff,train
patok_v2,train,opencv_frame_84-9-_png.rf.2cabc7e77c34ce5eb53ea701fe0de58b,train
patok_v2,train,opencv_frame_84-9-_png.rf.50cbca24c2e1326cbcdbe42b6d8a8ff0,train
patok_v2,train,opencv_frame_85-3-_png.rf.7006c72023a8d493e2f78a6841616652,train
patok_v2,train,opencv_frame_85-3-_png.rf.97fc218c1ca638bc27a9406d5d529b17,train
patok_v2,train,opencv_frame_86-12-_png.rf.45f5abccab94c5f4908e388f76d8157e,test
patok_v2,train,opencv_frame_86-12-_png.rf.9b907770481906822a78b44c49ea2b84,train
patok_v2,train,opencv_frame_86-14-_png.rf.33bac6486461d651a7ec0b52f7504e77,train
patok_v2,train,opencv_frame_86-14-_png.rf.d6ac72411e4db914fc03e50e48e7f226,train
patok_v2,train,opencv_frame_86-5-_png.rf.2396b84bf8d88655497c1159060de2d6,train
patok_v2,train,opencv_frame_86-5-_png.rf.ded3ec37fd68608b441228e88b4afa75,train
patok_v2,train,opencv_frame_87-12-_png.rf.baef97ff3d070286aefdb1a030022ffd,test
patok_v2,train,opencv_frame_87-12-_png.rf.ff769abd4a4e30c76baeb4f6aaa93009,test
patok_v2,train,opencv_frame_87-4-_png.rf.31b08395e21557ed6f61a247c8c1a101,train
patok_v2,train,opencv_frame_87-4-_png.rf.3af8aab7fd81ac03dfa29d25c0d76787,train
patok_v2,train,opencv_frame_87-6-_png.rf.a888f123c3af69e5d396ec194e1bb4db,train
patok_v2,train,opencv_frame_87-6-_png.rf.c9e5c7a0e87cfd3c838b9c61a34985e5,train
patok_v2,train,opencv_frame_87-7-_png.rf.3040cc4e1a7fa1055c6aa25e278af2cd,train
patok_v2,train,opencv_frame_87-7-_png.rf.bdb5fdd477cabd88505e98ca808d5375,train
patok_v2,train,opencv_frame_88-11-_png.rf.0364f0e8896698e9c7eb7a2b48449260,train
patok_v2,train,opencv_frame_88-11-_png.rf.f3035d7b7f0aacb414e3cf9a72980865,valid
patok_v2,train,opencv_frame_89-9-_png.rf.16ca24dc42cfa34ef72eab636d61493f,valid
patok_v2,train,opencv_frame_89-9-_png.rf.537a28ad1777ff6b6b18ea45b1ba56e1,train
patok_v2,train,opencv_frame_90-11-_png.rf.5536ea5137eeac9071a5a653fe9e11be,train
patok_v2,train,opencv_frame_90-11-_png.rf.dcea53fcee6167d49f9df7dc1239c93c,valid
patok_v2,train,opencv_frame_90-4-_png.rf.a189f8f5159b23ef1e61bc35d8ac721b,train
patok_v2,train,opencv_frame_90-4-_png.rf.b1f18694b131fe3ff1dd8b7680a5fa19,train
patok_v2,train,opencv_frame_90-5-_png.rf.253ca72f5a3394a4a6df99cf673ca4c1,train
patok_v2,train,opencv_frame_90-5-_png.rf.d7938db15aa0dea0ecf244c0d6121d36,train
patok_v2,train,opencv_frame_91-5-_png.rf.2def88c756e711e026fa35ec3154abc1,train
patok_v2,train,opencv_frame_91-5-_png.rf.351e9405027997f8c7a341ace3ed04d3,train
patok_v2,train,opencv_frame_91-8-_png.rf.a08fda974a2fbddf98dd818399c5f7b5,train
patok_v2,train,opencv_frame_91-8-_png.rf.ad5ab8b3b70b6441f92d8dce75019659,train
patok_v2,train,opencv_frame_92-2-_png.rf.a5ae38bdfb4de093580b9ee24bca1a42,valid
patok_v2,train,opencv_frame_92-2-_png.rf.bc028f8cdd11afadbe2fcccb5a12b8ae,train
patok_v2,train,opencv_frame_92-6-_png.rf.8775b4bf677e16b00ef5934194f07f47,train
patok_v2,train,opencv_frame_92-6-_png.rf.b333071d305ee0e1717c7437baeaec58,train
patok_v2,train,opencv_frame_92-8-_png.rf.b9fe23371f18664115db35bc6762262f,train
patok_v2,train,opencv_frame_92-8-_png.rf.db682e3b7648f7a92176a2d8447892f1,train
patok_v2,train,opencv_frame_93-7-_png.rf.c4c04bef040af301cfa9d04f65e472ee,train
patok_v2,train,opencv_frame_93-7-_png.rf.e4bff9bea5af5fd8c8516d8b5cd646db,valid
patok_v2,train,opencv_frame_93-8-_png.rf.5479fb37be9ece46eb0aa7c1b41e56b9,train
patok_v2,train,opencv_frame_93-8-_png.rf.9c895e66b72de9e6d7f8515668c43f58,train
patok_v2,train,opencv_frame_94-11-_png.rf.02a0b62e07fddb1a7bff69db8fedb9be,train
patok_v2,train,opencv_frame_94-11-_png.rf.ec2ae1a6571a903c36e60c1641197f80,train
patok_v2,train,opencv_frame_94-13-_png.rf.b21374326f7a04cdbc5d35ee6968eb48,train
patok_v2,train,opencv_frame_94-13-_png.rf.c06000501effa396a7270367a74077b9,train
patok_v2,train,opencv_frame_94-4-_png.rf.15df630860946ca3f468a49d0432b844,train
patok_v2,train,opencv_frame_94-4-_png.rf.f9f54bcadc722a8f81a1f537628ff536,train
patok_v2,train,opencv_frame_94-5-_png.rf.a26513cf7cf407efe01e7296ee53eddb,train
patok_v2,train,opencv_frame_94-5-_png.rf.f13c4d0866c73ac5677a15d3c3626832,train
patok_v2,train,opencv_frame_94-7-_png.rf.2c2bcdb9c7dfc77a9bf8c8fe366d9333,train
patok_v2,train,opencv_frame_94-7-_png.rf.d4aa3f2d6821f41dfd91aa60370912a0,train
patok_v2,train,opencv_frame_95-10-_png.rf.c2df0404649fd9bb3874853027c837c5,train
patok_v2,train,opencv_frame_95-10-_png.rf.dcbe2a092b8e34234389ec7fd43f85ef,train
patok_v2,train,opencv_frame_95-5-_png.rf.0786d66a8eb40b613118a444c8d133e0,train
patok_v2,train,opencv_frame_95-5-_png.rf.ef72687e53ef08d10bb960e6254e92aa,train
patok_v2,train,opencv_frame_96-10-_png.rf.1447b83a6406aec25dca9be26626b649,train
patok_v2,train,opencv_frame_96-10-_png.rf.c9c9abf4de0a228696a59483dad279d9,train
patok_v2,train,opencv_frame_96-11-_png.rf.4f59cc2d2c69ef4d2b349b11e854ceff,train
patok_v2,train,opencv_frame_96-11-_png.rf.deb2c9b828aa7374f8783fe64f85d714,test
patok_v2,train,opencv_frame_96-4-_png.rf.2e5959e748fc8bb735d65a949dad056e,train
patok_v2,train,opencv_frame_96-4-_png.rf.b9ddad57f253b07bb597f12fe9c8b598,train
patok_v2,train,opencv_frame_96-5-_png.rf.265e6e6efa3044e6c3bed0287ee36325,train
patok_v2,train,opencv_frame_96-5-_png.rf.c88e2f8ba139ab39b803dbe9b0c14855,train
patok_v2,train,opencv_frame_96-6-_png.rf.6af6fd077944f665e081f030bc2b79d6,train
patok_v2,train,opencv_frame_96-6-_png.rf.b6a11743f767a3fce53029eedd966981,valid
patok_v2,train,opencv_frame_96-7-_png.rf.c59e83f1b5fa6d72a321609e7766b473,train
patok_v2,train,opencv_frame_96-7-_png.rf.df9cd07f6d5cc4f79b4da5ad6b7235f8,train
patok_v2,train,opencv_frame_97-10-_png.rf.4e406f0877ab258c58ad8605124d6e98,train
patok_v2,train,opencv_frame_97-10-_png.rf.c96ace47636bf632de2984ee3775c2c7,train
patok_v2,train,opencv_frame_97-2-_png.rf.b7afb9cc33d33f8a8672262bf14142e8,train
patok_v2,train,opencv_frame_97-2-_png.rf.d0414be436fc0aeaaa052b80a761022f,train
patok_v2,train,opencv_frame_97-4-_png.rf.d868fc7ff1cc203ec886201b9f3548ad,valid
patok_v2,train,opencv_frame_97-4-_png.rf.d9201d0a64dded59b392f28b795f2422,train
patok_v2,train,opencv_frame_97-6-_png.rf.841311a2aac47b4cf103d2e293208c6b,train
patok_v2,train,opencv_frame_97-6-_png.rf.dc9fe44a2a66ce21eb465137a2fe2ec8,test
patok_v2,train,opencv_frame_97-8-_png.rf.322acdbb8bf5c15cda1c36e5f85b943f,test
patok_v2,train,opencv_frame_97-8-_png.rf.76867366d77c50e8d937827ab4a6b51e,train
patok_v2,train,opencv_frame_97-9-_png.rf.c3b5dded5263371661070cfda93c8087,train
patok_v2,train,opencv_frame_97-9-_png.rf.f2584128bdd6da69a07c91675cc0a0b6,train
patok_v2,train,opencv_frame_98-10-_png.rf.857536b892f2cb215d69833ae3ccfce8,train
patok_v2,train,opencv_frame_98-10-_png.rf.b1203edc6a38afe9be26ead1827b1a65,train
patok_v2,train,opencv_frame_98-12-_png.rf.06547a39fce081d7d793e9f54d8d8471,train
patok_v2,train,opencv_frame_98-12-_png.rf.1650ae33f74a0a6704ea4ce1269f831a,train
patok_v2,train,opencv_frame_98-2-_png.rf.42f2103978e4059e87f57ddcafe4fdab,valid
patok_v2,train,opencv_frame_98-2-_png.rf.e3b205d330d35210e49c78142f4dc469,train
patok_v2,train,opencv_frame_98-4-_png.rf.04fec36dd728f3f957363e56c773d6d1,train
patok_v2,train,opencv_frame_98-4-_png.rf.a768f7775449bcc2410864ccbffc8b6a,train
patok_v2,train,opencv_frame_98-6-_png.rf.1a1614839e39ff8764a687534c904ccd,valid
patok_v2,train,opencv_frame_98-6-_png.rf.5ddcaae3bb71d1b0c4465ceca25045e5,train
patok_v2,train,opencv_frame_99-12-_png.rf.3746ef9b32e4986964c816947b56f901,train
patok_v2,train,opencv_frame_99-12-_png.rf.58a502dc82d24364f00681327d13397e,train
patok_v2,train,peopledriving0_jpeg_jpg.rf.0885a017e05ae845d9708ef135e116ec,test
patok_v2,train,peopledriving0_jpeg_jpg.rf.1f05bcee0fa11a88d04f24559a3f5926,train
patok_v2,train,peopledriving0_jpeg_jpg.rf.1f8c950f68ce8d75f508669669a83d4f,train
patok_v2,train,peopledriving0_jpeg_jpg.rf.58112885e875696fd3e8783b29e47b8a,train
patok_v2,train,peopledriving0_jpeg_jpg.rf.6d241ed60cf58ea8c08df0eeb2f16a6f,train
patok_v2,train,peopledriving0_jpeg_jpg.rf.818348ff3a1b62ad6ecef31302a8cd17,valid
patok_v2,train,peopledriving0_jpeg_jpg.rf.9ea0c687240f694a374de68909457c9b,train
patok_v2,train,peopledriving0_jpeg_jpg.rf.a0f616ec42887752e0c8b75f956995c0,train
patok_v2,train,peopledriving0_jpeg_jpg.rf.a4a8e15a326f7d833ab09d0a460f2951,train
patok_v2,train,peopledriving0_jpeg_jpg.rf.a89b095ea734cf00bec2e9ef3e4dee7d,valid
patok_v2,train,peopledriving0_jpeg_jpg.rf.aa4366a6458bde0b146118da0f535a6c,train
patok_v2,train,peopledriving0_jpeg_jpg.rf.b5a47855251bd7fa597eb3b4249836d4,train
patok_v2,train,peopledriving106_jpeg_jpg.rf.b34c733fdf47b6deb943920fbc509eb2,train
patok_v2,train,peopledriving106_jpeg_jpg.rf.e3bbfed5c83a5fc873c260d43fca3733,train
patok_v2,train,peopledriving109_jpeg_jpg.rf.212037e2ed0f992caec20e5e9f5ef261,train
patok_v2,train,peopledriving109_jpeg_jpg.rf.4237cc8da5db2950e6933ad90ecbfd7c,train
patok_v2,train,peopledriving109_jpeg_jpg.rf.bae4952b2f758fbc67b061906ed5f5e3,train
patok_v2,train,peopledriving109_jpeg_jpg.rf.be074be586e14a1af9c1af4b6c9075bd,test
patok_v2,train,peopledriving109_jpeg_jpg.rf.c21ff46d789a774e2ae7a503bc44db5e,train
patok_v2,train,peopledriving109_jpeg_jpg.rf.c5b141c68b02d9e8770545319dc364c9,train
patok_v2,train,peopledriving109_jpeg_jpg.rf.d1970b81d88819f7df6ba8e368325108,train
patok_v2,train,peopledriving109_jpeg_jpg.rf.e9fc46c128b545fa62b725bcf94d622d,train
patok_v2,train,peopledriving115_jpeg_jpg.rf.096dcb723e0c525de8a3f57d99951fdc,train
patok_v2,train,peopledriving115_jpeg_jpg.rf.a0e104928733f65bfca96364c14a2830,train
patok_v2,train,peopledriving116_jpeg_jpg.rf.00e6e816365ee7ebef1623d21cd758a5,train
patok_v2,train,peopledriving116_jpeg_jpg.rf.0bc102d2a060203c14b3401ed6fa58ba,train
patok_v2,train,peopledriving116_jpeg_jpg.rf.26e1a8ffb22d5269566a6b8f065b2cf0,train
patok_v2,train,peopledriving116_jpeg_jpg.rf.32f285a9a8dc791e23378b273e44da1f,train
patok_v2,train,peopledriving116_jpeg_jpg.rf.46e43ed1ade447b76da2345d392fc348,train
patok_v2,train,peopledriving116_jpeg_jpg.rf.8c3e017f9835d3c0691201bf16ca10da,train
patok_v2,train,peopledriving116_jpeg_jpg.rf.abf9bc2e41432afd684769acbc7e07bb,train
patok_v2,train,peopledriving116_jpeg_jpg.rf.bdee91887cdcade918d1b18919a1f119,train
patok_v2,train,peopledriving116_jpeg_jpg.rf.f08db78feca2ea05a191b5a80545dbca,test
patok_v2,train,peopledriving116_jpeg_jpg.rf.f9941d5751d1d44651ffec078edf7589,valid
patok_v2,train,peopledriving117_jpeg_jpg.rf.a353b59f5fd95c5f5a270652ffb3c225,test
patok_v2,train,peopledriving117_jpeg_jpg.rf.cd81c7234011d48f8d950e9de44c1133,train
patok_v2,train,peopledriving12_jpeg_jpg.rf.1967b4b4f816696cc057bc0dbd3246bd,valid
patok_v2,train,peopledriving12_jpeg_jpg.rf.683939115e102faffb599f7404b9924e,train
patok_v2,train,peopledriving12_jpeg_jpg.rf.7d40f0111d0a16c029a6a72b64e6bb38,valid
patok_v2,train,peopledriving12_jpeg_jpg.rf.9b3f7e4682d6a6c2514ec3c7e7fa3be7,train
patok_v2,train,peopledriving132_jpeg_jpg.rf.02c57a4c39271996471067f269bcc6d7,test
patok_v2,train,peopledriving132_jpeg_jpg.rf.06d5e66edb9cdcfc91d470e02536beca,train
patok_v2,train,peopledriving132_jpeg_jpg.rf.109f6c5f7f8023ccd98279051b2773d8,train
patok_v2,train,peopledriving132_jpeg_jpg.rf.2a468bea73377fb6a4a584a0afe38b8f,train
patok_v2,train,peopledriving132_jpeg_jpg.rf.4cdfa30b75e143fe719860433d23f9d9,train
patok_v2,train,peopledriving132_jpeg_jpg.rf.5605b5e84892e9549ff1ab5372ad9bdb,train
patok_v2,train,peopledriving132_jpeg_jpg.rf.69d1400f5c9742a44576fcfc46b5f252,train
patok_v2,train,peopledriving132_jpeg_jpg.rf.a0b3a9834da5aa44f0a25d25976f3f39,valid
patok_v2,train,peopledriving132_jpeg_jpg.rf.a28cae71f3002c1e68d5470f73454131,train
patok_v2,train,peopledriving132_jpeg_jpg.rf.a63374da34e32db0291fe4410af72ca3,test
patok_v2,train,peopledriving132_jpeg_jpg.rf.e0ebe84b48590258ebc3b23319adc6b9,train
patok_v2,train,peopledriving132_jpeg_jpg.rf.f8f0173d489158786601aa180e37cfbf,train
patok_v2,train,peopledriving133_jpeg_jpg.rf.0288c56f1b6317d955d3ecffffdb00a0,train
patok_v2,train,peopledriving133_jpeg_jpg.rf.03adde290a39eeee9073d914743e11ee,train
patok_v2,train,peopledriving133_jpeg_jpg.rf.1105d4dc7f1c50545fdf6f465e224f36,train
patok_v2,train,peopledriving133_jpeg_jpg.rf.1d6a4d423d47761fda764caf34efc1d1,train
patok_v2,train,peopledriving133_jpeg_jpg.rf.251bdaaa4337c5b95a29b4cb088967d9,train
patok_v2,train,peopledriving133_jpeg_jpg.rf.2dde4b9b65f4b8794e70a7719aeb6e93,train
patok_v2,train,peopledriving133_jpeg_jpg.rf.35ca5b3b4b9664c0c74a808b29237f47,train
patok_v2,train,peopledriving133_jpeg_jpg.rf.39af2e6ace941dc9b066b196969e3a61,train
patok_v2,train,peopledriving133_jpeg_jpg.rf.5a1e314edc42ff551cf88eae2737dd5b,test
patok_v2,train,peopledriving133_jpeg_jpg.rf.9e0fd3e19c518f8cbb47da4473661114,train
patok_v2,train,peopledriving136_jpeg_jpg.rf.229752b35d8399265ab1a3569b14b1ab,train
patok_v2,train,peopledriving136_jpeg_jpg.rf.2c22f8684577b5a6f39428dc3732eab1,train
patok_v2,train,peopledriving136_jpeg_jpg.rf.3956ba9824e36fb3f08750d8e6ea5e59,valid
patok_v2,train,peopledriving136_jpeg_jpg.rf.596c4034903b1f8d6f1edb6bda675f8a,train
patok_v2,train,peopledriving136_jpeg_jpg.rf.5a02f641752d3e30d32eb4b77776848b,train
patok_v2,train,peopledriving136_jpeg_jpg.rf.6e90329bb88a54b2d3c2e8534a38b1d3,train
patok_v2,train,peopledriving136_jpeg_jpg.rf.8594253d3067b0dbf9c908eb5f029aed,train
patok_v2,train,peopledriving136_jpeg_jpg.rf.a4b9544df05704bd8a725b1906058bc4,train
patok_v2,train,peopledriving136_jpeg_jpg.rf.ad793928dc8f0c1a576cec6d84203cee,train
patok_v2,train,peopledriving136_jpeg_jpg.rf.b728511da58e02a69d768abd9d61f4f6,train
patok_v2,train,peopledriving136_jpeg_jpg.rf.f0e587120366c45f991c83df3f4a6f55,valid
patok_v2,train,peopledriving136_jpeg_jpg.rf.f1a34efe035a55b396f1c0365590c09b,test
patok_v2,train,peopledriving138_jpeg_jpg.rf.020dea159981e7eda55b0dd126a809cc,train
patok_v2,train,peopledriving138_jpeg_jpg.rf.03b840ec384eeaa6fc68e8dce8406b31,train
patok_v2,train,peopledriving138_jpeg_jpg.rf.1b56480c66e69e2020277a7b83a2737f,train
patok_v2,train,peopledriving138_jpeg_jpg.rf.2b255368559c349456a4f27dcf958cd7,train
patok_v2,train,peopledriving138_jpeg_jpg.rf.3156da39b02b04f7664d2e932f12c3b7,train
patok_v2,train,peopledriving138_jpeg_jpg.rf.6e265bbb566a9ccb04d9531500f917e1,valid
patok_v2,train,peopledriving138_jpeg_jpg.rf.7c3d0c596fbaad4abe39f961df7d0e9b,train
patok_v2,train,peopledriving138_jpeg_jpg.rf.8c519d2ee21c5f7293a8b6319e5816f6,valid
patok_v2,train,peopledriving138_jpeg_jpg.rf.8d78bef4e9884e1c64d4c86b37391b7c,train
patok_v2,train,peopledriving138_jpeg_jpg.rf.904a0536dd3adb7b4ca20ee929c84009,train
patok_v2,train,peopledriving138_jpeg_jpg.rf.948a067fc67d3007821bce08473a197d,train
patok_v2,train,peopledriving138_jpeg_jpg.rf.94fcd470c096cb61c9160c50d7638e9d,test
patok_v2,train,peopledriving138_jpeg_jpg.rf.a041bdd84452f0666327fe4494dd31dd,train
patok_v2,train,peopledriving138_jpeg_jpg.rf.b30d913d3e6fbfa7f8b54e885f975b47,train
patok_v2,train,peopledriving138_jpeg_jpg.rf.c3a04d35d6861a81c2c9306ec7258a45,train
patok_v2,train,peopledriving138_jpeg_jpg.rf.e57d1a20e9930a2bacfe98f9970e6a67,valid
patok_v2,train,peopledriving139_jpeg_jpg.rf.1070d6f7618d56eef59a5a12de120a20,train
patok_v2,train,peopledriving139_jpeg_jpg.rf.99b509a5015978a132f85c4feb760bff,train
patok_v2,train,peopledriving139_jpeg_jpg.rf.b37f8e8cd440537281999239f229cd76,valid
patok_v2,train,peopledriving139_jpeg_jpg.rf.e7b25dfff4320db6230ac1a411212e50,train
patok_v2,train,peopledriving13_jpeg_jpg.rf.39ae5fb77e9495e773cc1f43a01a83c4,train
patok_v2,train,peopledriving13_jpeg_jpg.rf.863104bfb7cef2a78b0f3d185cc70c77,train
patok_v2,train,peopledriving13_jpeg_jpg.rf.9df2a8de2505d19711114acd56d800e4,train
patok_v2,train,peopledriving13_jpeg_jpg.rf.a5edbf90c074e3276a9548bafa45493f,test
patok_v2,train,peopledriving13_jpeg_jpg.rf.da4779d10455d4f1322dd28dd21041fc,train
patok_v2,train,peopledriving13_jpeg_jpg.rf.da6118823b7323f30305e7332e3026a5,train
patok_v2,train,peopledriving13_jpeg_jpg.rf.f636baf42571d447512aec5e2062e99e,train
patok_v2,train,peopledriving13_jpeg_jpg.rf.f78dcfae902933e37c4f41c2a97f3185,train
patok_v2,train,peopledriving140_jpeg_jpg.rf.05d2502632c79816da28caf82c4581b3,train
patok_v2,train,peopledriving140_jpeg_jpg.rf.5062ae29e4adac2b7f1b8c57e0b32d7b,train
patok_v2,train,peopledriving140_jpeg_jpg.rf.53e8b35f83621ffa0f1c5caf9fa0bf79,train
patok_v2,train,peopledriving140_jpeg_jpg.rf.576c9fade158fbb5181d037753a0a9bf,train
patok_v2,train,peopledriving140_jpeg_jpg.rf.8c52464f7d605480ee26febe39906e62,train
patok_v2,train,peopledriving140_jpeg_jpg.rf.a44fb4fda30e2f98b1a1e05d7e045381,test
patok_v2,train,peopledriving149_jpeg_jpg.rf.1d101e1b37e945d9b3025b94e3cc601c,train
patok_v2,train,peopledriving149_jpeg_jpg.rf.310d3afe665774649bfad9b458e141ad,train
patok_v2,train,peopledriving149_jpeg_jpg.rf.5621a631f015c0f5fc99d579d5c35d91,train
patok_v2,train,peopledriving149_jpeg_jpg.rf.78ff4f2eda79641a9069189268602058,train
patok_v2,train,peopledriving149_jpeg_jpg.rf.8d1ca122fd482562842f7e07d2494c38,train
patok_v2,train,peopledriving149_jpeg_jpg.rf.9b274a696febf89a03f839c0603ae101,train
patok_v2,train,peopledriving149_jpeg_jpg.rf.be549362fb2f972bcffd253bf8c1a5a3,test
patok_v2,train,peopledriving149_jpeg_jpg.rf.c97d74dac99ec3f56ee31028b7e34993,test
patok_v2,train,peopledriving14_jpeg_jpg.rf.35c50201f042aa9a37b283e1f6ec88db,train
patok_v2,train,peopledriving14_jpeg_jpg.rf.79beb4c0498eac4874095f43ba512e1b,train
patok_v2,train,peopledriving14_jpeg_jpg.rf.a072980e7753f4a67224a01c696b4776,train
patok_v2,train,peopledriving14_jpeg_jpg.rf.a8dc4c78b1bc9acdbc61841363a4255a,train
patok_v2,train,peopledriving14_jpeg_jpg.rf.aae9bfbcdd83700e8a3eeadef54a1a36,train
patok_v2,train,peopledriving14_jpeg_jpg.rf.ae123504da36214ad55bb454d4ea5ff3,train
patok_v2,train,peopledriving14_jpeg_jpg.rf.bf27bfb1b299f6992fac25e76701a204,train
patok_v2,train,peopledriving14_jpeg_jpg.rf.c39b421d2cda6209919462a6e8f10092,valid
patok_v2,train,peopledriving14_jpeg_jpg.rf.e13b22df854a417d56a87d990d7507c5,train
patok_v2,train,peopledriving14_jpeg_jpg.rf.f7063fa43bfe520dee0ae1328c62a987,train
patok_v2,train,peopledriving153_jpeg_jpg.rf.3c342c42743bf1c6941ea472d6154d02,train
patok_v2,train,peopledriving153_jpeg_jpg.rf.5b4ee8d324e11d1041cbed2b8d6ed11c,train
patok_v2,train,peopledriving154_jpeg_jpg.rf.421786e6866a29d8998db08fb66411d7,train
patok_v2,train,peopledriving154_jpeg_jpg.rf.d0e653aba867b14703bae01c27dea1df,train
patok_v2,train,peopledriving154_jpeg_jpg.rf.db4d0dfe3465a85fd1b1bccd2019cc34,train
patok_v2,train,peopledriving154_jpeg_jpg.rf.db78eb271bcc6cb20656e6aab62e9971,train
patok_v2,train,peopledriving160_jpeg_jpg.rf.2dd9dd1219f27d367eb6f79996d69c1a,train
patok_v2,train,peopledriving160_jpeg_jpg.rf.37fc3e9cf749485613994c5d8c1c47a0,train
patok_v2,train,peopledriving160_jpeg_jpg.rf.6891e855b7befd8c25fc5e02b425d972,train
patok_v2,train,peopledriving160_jpeg_jpg.rf.7f6c5b930d0a816869381af066eb51c7,train
patok_v2,train,peopledriving160_jpeg_jpg.rf.ad198f6f22ef72bcebf28640427a4ca4,test
patok_v2,train,peopledriving160_jpeg_jpg.rf.c353320044d52aa4057c5a7ae29aa7d1,train
patok_v2,train,peopledriving160_jpeg_jpg.rf.cedb899d2c6e3c6596c5a50234badceb,train
patok_v2,train,peopledriving160_jpeg_jpg.rf.ff62e672e2a397f964c8fa8b2d90fb31,valid
patok_v2,train,peopledriving168_jpeg_jpg.rf.46ba3a2ca8578f3f398b27593e00556f,train
patok_v2,train,peopledriving168_jpeg_jpg.rf.4a1dde3d251f055a6f3c506e3f96e127,train
patok_v2,train,peopledriving168_jpeg_jpg.rf.5f71026554b7e443218d0bb8d827245a,train
patok_v2,train,peopledriving168_jpeg_jpg.rf.6d9c7c6ec08881dfbef32986f23f96a6,valid
patok_v2,train,peopledriving168_jpeg_jpg.rf.a1fbdf3a04c05bdfa459544f225b8f14,train
patok_v2,train,peopledriving168_jpeg_jpg.rf.ab6c98ea2619ebc65d6d1404fd82ce67,test
patok_v2,train,peopledriving168_jpeg_jpg.rf.c6bc8ebf4db98385f017c79eeb60f58e,train
patok_v2,train,peopledriving168_jpeg_jpg.rf.f8a565be3ed0ddd02c0f263b1e1d4b64,train
patok_v2,train,peopledriving16_jpeg_jpg.rf.102f2c93d1fc952e07805c6dfeb97944,valid
patok_v2,train,peopledriving16_jpeg_jpg.rf.2cd4677163e5b52f65085236b0aa8a7f,train
patok_v2,train,peopledriving16_jpeg_jpg.rf.8092dd80a2ded1854271db52d17a389b,train
patok_v2,train,peopledriving16_jpeg_jpg.rf.c64b6ede8d214f75ea4a4535beca6a08,valid
patok_v2,train,peopledriving171_jpeg_jpg.rf.1837fe371332b0f0e5f27d52278e6bee,train
patok_v2,train,peopledriving171_jpeg_jpg.rf.2da07401fb0d43168bc66a719550be21,train
patok_v2,train,peopledriving171_jpeg_jpg.rf.7d21502e23b275dd0fc604c7c92a21f3,valid
patok_v2,train,peopledriving171_jpeg_jpg.rf.9367782112d1fc87c198130291f32a3a,train
patok_v2,train,peopledriving171_jpeg_jpg.rf.9b89db856e7e7058847e52a262eeb56b,valid
patok_v2,train,peopledriving171_jpeg_jpg.rf.b16fa3452dc43c11204878a017d5a115,train
patok_v2,train,peopledriving171_jpeg_jpg.rf.ba37110aa197fcef004c9985b35a3399,train
patok_v2,train,peopledriving171_jpeg_jpg.rf.dfd21dde2b9ba10d1593a6522445e6c9,test
patok_v2,train,peopledriving177_jpeg_jpg.rf.316bb2e9d6b1a4a50758bd28ba4c2e6a,train
patok_v2,train,peopledriving177_jpeg_jpg.rf.66c712a30cade20e9ca34aea1beb00e7,valid
patok_v2,train,peopledriving177_jpeg_jpg.rf.dac1aa7d197658788576d460e261b488,train
patok_v2,train,peopledriving177_jpeg_jpg.rf.f3119417be827fc9e1aa252fe166b4f4,train
patok_v2,train,peopledriving17_png_jpg.rf.14ec0802191eee1c2d2142604c083b13,train
patok_v2,train,peopledriving17_png_jpg.rf.5e86d4cd1bb43d2e25b7df3935738a7a,train
patok_v2,train,peopledriving17_png_jpg.rf.6fcfa45bb612ac6c943396bfe6a0b740,train
patok_v2,train,peopledriving17_png_jpg.rf.72493ad3b86df7447d7f01e3d5bce962,train
patok_v2,train,peopledriving17_png_jpg.rf.7358fcf561fa037a3a049f50d2acc19a,train
patok_v2,train,peopledriving17_png_jpg.rf.9b08d44c22dff4e9775b09bbfeb4cdb3,train
patok_v2,train,peopledriving17_png_jpg.rf.b9466436a126e243f62a6baa40528e6a,train
patok_v2,train,peopledriving17_png_jpg.rf.c107d169f6b214835fef35ce29319ec3,train
patok_v2,train,peopledriving183_jpeg_jpg.rf.17d57f28c48236d281178dc9f489d9d2,valid
patok_v2,train,peopledriving183_jpeg_jpg.rf.42689dc89954dee65bebba19b342584e,train
patok_v2,train,peopledriving183_jpeg_jpg.rf.542953ebbf280c88f2c640d97b785fe6,train
patok_v2,train,peopledriving183_jpeg_jpg.rf.88c69f48ece6672e34848b3228d2cab6,train
patok_v2,train,peopledriving183_jpeg_jpg.rf.975de6bab16eafac94beddcfe55ff7f5,train
patok_v2,train,peopledriving183_jpeg_jpg.rf.ba2207b2b40c1503a80dcdb1aff2b380,train
patok_v2,train,peopledriving183_jpeg_jpg.rf.d8354d0e72f571c3dc51ffdcdc3ca855,train
patok_v2,train,peopledriving183_jpeg_jpg.rf.e20c321c26e26ea19534202aab42accb,train
patok_v2,train,peopledriving183_jpeg_jpg.rf.ee4cecd56bb96a57c26f850d84d3a513,train
patok_v2,train,peopledriving183_jpeg_jpg.rf.fc9246d5023283746f2c36dfeba817cf,train
patok_v2,train,peopledriving18_jpeg_jpg.rf.13e3330a7e8507a56158d3892e2b7501,train
patok_v2,train,peopledriving18_jpeg_jpg.rf.1abd4a632d2e9ed13372580f24d53d01,train
patok_v2,train,peopledriving18_jpeg_jpg.rf.2fb1dc22b0f207398c2e7f31bbbf38d0,valid
patok_v2,train,peopledriving18_jpeg_jpg.rf.a8f24555c9e354cbcb410867e531e8d4,train
patok_v2,train,peopledriving191_jpeg_jpg.rf.699bb1a68e06dedbb98bfdfd4347c59f,train
patok_v2,train,peopledriving191_jpeg_jpg.rf.ced9d4521831ea1701e7b04050e2a19c,test
patok_v2,train,peopledriving200_jpeg_jpg.rf.25e697c908323302289ea77fa4e76155,train
patok_v2,train,peopledriving200_jpeg_jpg.rf.3ec9e1f2e715e13e7f648dcf02dc4922,train
patok_v2,train,peopledriving200_jpeg_jpg.rf.3fd5ed6757a2f9d1c7fc481e4110f237,train
patok_v2,train,peopledriving200_jpeg_jpg.rf.50f2805536ecd51251fc5efe56aaa4c9,train
patok_v2,train,peopledriving200_jpeg_jpg.rf.5989bba6449c6f71f07055d085a001a1,test
patok_v2,train,peopledriving200_jpeg_jpg.rf.6d6cc1f9896ecb208146073f4fb41366,train
patok_v2,train,peopledriving200_jpeg_jpg.rf.725af8aeae97bffce66d4741505e3218,valid
patok_v2,train,peopledriving200_jpeg_jpg.rf.9f24fcfe7963f438f9317cf8536e129d,train
patok_v2,train,peopledriving200_jpeg_jpg.rf.a247fb8b66c8b0f55b8d34393d9d75a7,train
patok_v2,train,peopledriving200_jpeg_jpg.rf.ca7134729d82cdcfc686b2d17b8a63a4,train
patok_v2,train,peopledriving28_jpeg_jpg.rf.847e932162c218ddaa1ec4c836d83cf3,train
patok_v2,train,peopledriving28_jpeg_jpg.rf.a59a83b4c798f73387362df276690411,train
patok_v2,train,peopledriving33_jpeg_jpg.rf.3213e737e23d2b7f5142bc20a7767cf1,valid
patok_v2,train,peopledriving33_jpeg_jpg.rf.5c21e1c2e6628d91cf5b40371aa33d57,train
patok_v2,train,peopledriving33_jpeg_jpg.rf.8fe63d643643c8b2a78d264afa1c8ad5,train
patok_v2,train,peopledriving33_jpeg_jpg.rf.b6c4f3ba0ad49d20f5eefd9395dfd9af,train
patok_v2,train,peopledriving39_jpeg_jpg.rf.77da2970fab0a676de7e77683d55cadc,test
patok_v2,train,peopledriving39_jpeg_jpg.rf.7c6d760e35722180d15e875035ecf494,train
patok_v2,train,peopledriving39_jpeg_jpg.rf.e0c1a53ac4b2fef0f55758a0f16f3e4d,valid
patok_v2,train,peopledriving39_jpeg_jpg.rf.f8837b470ea6b431a589d486d9251008,valid
patok_v2,train,peopledriving3_jpeg_jpg.rf.285440738836f655060f1cf0c68c2d6d,train
patok_v2,train,peopledriving3_jpeg_jpg.rf.310ad2ea9b4ebd7ebac14d559007e121,valid
patok_v2,train,peopledriving3_jpeg_jpg.rf.33d4d6b9f6a8ff25e02874cf08df2c2a,train
patok_v2,train,peopledriving3_jpeg_jpg.rf.41f5d8d7d0297c374e8c3206bb7a9e47,train
patok_v2,train,peopledriving3_jpeg_jpg.rf.488b359214d3714fd9c75468311c0955,train
patok_v2,train,peopledriving3_jpeg_jpg.rf.60dccee759b0e8b7660292366adfc4b2,train
patok_v2,train,peopledriving3_jpeg_jpg.rf.688844a05bd5f6639232f91fcbb2f618,train
patok_v2,train,peopledriving3_jpeg_jpg.rf.739fb8b29140c5a81bc50246afbb99ae,train
patok_v2,train,peopledriving3_jpeg_jpg.rf.7de88937b14af63f073726985700f741,train
patok_v2,train,peopledriving3_jpeg_jpg.rf.7f3faf1293d17f500688175eeb570cc8,train
patok_v2,train,peopledriving3_jpeg_jpg.rf.daef1db7aca23d2e5fd5633bbbd450b4,train
patok_v2,train,peopledriving3_jpeg_jpg.rf.e0985245d6c9950c5fe347ad30948686,train
patok_v2,train,peopledriving41_jpeg_jpg.rf.1c594e2cce2e717db5ccf70e0f353d8e,train
patok_v2,train,peopledriving41_jpeg_jpg.rf.1e3cf97a4f2c3117536fde48ea519fc2,train
patok_v2,train,peopledriving41_jpeg_jpg.rf.2f4eb41beb7877e93b4c3b19c4227c0f,train
patok_v2,train,peopledriving41_jpeg_jpg.rf.349abd9f4a0887f3f950c4cba4098a7c,valid
patok_v2,train,peopledriving41_jpeg_jpg.rf.606210ab3ff3481a10af7342253045e6,train
patok_v2,train,peopledriving41_jpeg_jpg.rf.7a859a355e34b4a22a62fc481c0447ba,test
patok_v2,train,peopledriving41_jpeg_jpg.rf.8522e46d81dee24fb4b4d6937c8d0470,train
patok_v2,train,peopledriving41_jpeg_jpg.rf.91fb5c87d64e29d62c44f913a7b55888,train
patok_v2,train,peopledriving41_jpeg_jpg.rf.a31307de3ccf9c86397f3f5818cc028a,valid
patok_v2,train,peopledriving41_jpeg_jpg.rf.a84f20ba03928bb1d8a05aa6e0ced05a,train
patok_v2,train,peopledriving41_jpeg_jpg.rf.a8a8c96b22a9e75a2b6bae1d109fb8fe,test
patok_v2,train,peopledriving41_jpeg_jpg.rf.b1e0c8a262105452b914f93c686d63f1,train
patok_v2,train,peopledriving41_jpeg_jpg.rf.b443744f1944f64228a3c9bc2f071446,train
patok_v2,train,peopledriving41_jpeg_jpg.rf.b585bfd94410c071860df3ccced8af08,train
patok_v2,train,peopledriving41_jpeg_jpg.rf.d9a014603957428956863e614d3b581d,train
patok_v2,train,peopledriving41_jpeg_jpg.rf.e68301329a4fda832a8ca4fa83733471,train
patok_v2,train,peopledriving44_jpeg_jpg.rf.07068cc1e942b86057154f6fff9bc1ce,train
patok_v2,train,peopledriving44_jpeg_jpg.rf.2a738c33aee8637ebf9999ae824a369a,train
patok_v2,train,peopledriving44_jpeg_jpg.rf.35a0a653a7a9bed79121a50bd6137eab,test
patok_v2,train,peopledriving44_jpeg_jpg.rf.737bce871228c7c1e718932c525f4521,train
patok_v2,train,peopledriving44_jpeg_jpg.rf.765d614684f3a89d455823e69adfa980,train
patok_v2,train,peopledriving44_jpeg_jpg.rf.7cfe485e914c3e07ed343059c8d0edc4,train
patok_v2,train,peopledriving44_jpeg_jpg.rf.8f54068c88566d528bb15ec4ec1e214a,train
patok_v2,train,peopledriving44_jpeg_jpg.rf.96aec1aa0276e0f44e34eaab7734773c,valid
patok_v2,train,peopledriving44_jpeg_jpg.rf.97b34abebf79f3ff3e8439d3daa41fc8,train
patok_v2,train,peopledriving44_jpeg_jpg.rf.b9abef485d31e8b6c2fc8822ff208eeb,train
patok_v2,train,peopledriving44_jpeg_jpg.rf.dbeaf50502a3bf128de71e42f72f7c2a,train
patok_v2,train,peopledriving44_jpeg_jpg.rf.f126bc3dd061199cefdcdf7c313f41b9,train
patok_v2,train,peopledriving47_jpeg_jpg.rf.1e15c4fbc52d32caf2ab42911239c67d,train
patok_v2,train,peopledriving47_jpeg_jpg.rf.68c6b882d92dab91c5f00eb3ea3628c4,train
patok_v2,train,peopledriving47_jpeg_jpg.rf.6aa9fb1d1b42d64067b50fef9cad2dde,train
patok_v2,train,peopledriving47_jpeg_jpg.rf.8eb1baf0b7481a3a7dfacf09a92e2755,train
patok_v2,train,peopledriving47_jpeg_jpg.rf.91a03e88df15c1bb8480c0dd45691780,train
patok_v2,train,peopledriving47_jpeg_jpg.rf.a0c6653e182f8c4c1eb27b74fcb16e27,train
patok_v2,train,peopledriving47_jpeg_jpg.rf.d9a1d5708484da655ce60e9749dcc278,train
patok_v2,train,peopledriving47_jpeg_jpg.rf.f303cfa46be3b690a1e5156657d49265,train
patok_v2,train,peopledriving47_jpeg_jpg.rf.f46407692ddc1ebf82d01ae43554fd56,train
patok_v2,train,peopledriving47_jpeg_jpg.rf.f6a880e3e691f9e345bb3585b5c65c55,train
patok_v2,train,peopledriving4_jpeg_jpg.rf.13d1a68cec34b07b703100aa8ed2c1f2,train
patok_v2,train,peopledriving4_jpeg_jpg.rf.312a9e7d86a9ab593c6f88b51f4c0624,test
patok_v2,train,peopledriving4_jpeg_jpg.rf.4fd308d0951d803e24d172b671564282,train
patok_v2,train,peopledriving4_jpeg_jpg.rf.680b77c6c46556279d8c57055cf8d007,train
patok_v2,train,peopledriving56_jpeg_jpg.rf.bee0ac3f651d6dc6a816510f563e359b,train
patok_v2,train,peopledriving56_jpeg_jpg.rf.db6d9209b2b4e34331e8e3451bc6b388,train
patok_v2,train,peopledriving57_jpeg_jpg.rf.b3597ae661d87d28269544fe2939a3a1,train
patok_v2,train,peopledriving57_jpeg_jpg.rf.bc4b1f7e9022b13007531a7ba39111ab,train
patok_v2,train,peopledriving57_jpeg_jpg.rf.bd9fd764c39db46ff65a9f47145feeef,train
patok_v2,train,peopledriving57_jpeg_jpg.rf.c3b569c8b6c6560cde47064e635af9da,train
patok_v2,train,peopledriving5_jpeg_jpg.rf.1d839b8a884d1f0019c5df4079583568,test
patok_v2,train,peopledriving5_jpeg_jpg.rf.29a7f164f37756c06a1cfafa5e5ed77d,train
patok_v2,train,peopledriving5_jpeg_jpg.rf.566ad8241ccf9e84ce556c4161708fee,train
patok_v2,train,peopledriving5_jpeg_jpg.rf.60822d4f7cb0f69f599e19912c327bda,train
patok_v2,train,peopledriving62_jpeg_jpg.rf.0c2486aa34d707aba553999c4ced21e0,train
patok_v2,train,peopledriving62_jpeg_jpg.rf.0f8acc5c358474629d45c0d0b0f5c023,train
patok_v2,train,peopledriving62_jpeg_jpg.rf.19818d1436568c96e50d1be08778f4c7,train
patok_v2,train,peopledriving62_jpeg_jpg.rf.4f668753821b0015d6b366fc0cc8ef5e,train
patok_v2,train,peopledriving62_jpeg_jpg.rf.5c853499df6e3f212ae59f7fbb9744be,train
patok_v2,train,peopledriving62_jpeg_jpg.rf.a589144f114ee9975f08be9d80cc438a,valid
patok_v2,train,peopledriving62_jpeg_jpg.rf.b0e5b4dbb556454dc4a53be8fba73f1f,train
patok_v2,train,peopledriving62_jpeg_jpg.rf.b3047187aa4a8d5ce41c5c837ec2841f,train
patok_v2,train,peopledriving62_jpeg_jpg.rf.d990ced71e0b05a30406d015b68887c4,train
patok_v2,train,peopledriving62_jpeg_jpg.rf.eee9c402548af143f918b260005b4834,train
patok_v2,train,peopledriving66_jpeg_jpg.rf.1e2e2a94e93132caf772a164cc6f2c7d,valid
patok_v2,train,peopledriving66_jpeg_jpg.rf.3da3632d7ac2bd8e3c77d0c4cdafd7bf,train
patok_v2,train,peopledriving66_jpeg_jpg.rf.6df21662ae20985e6620258d66f2e4dc,train
patok_v2,train,peopledriving66_jpeg_jpg.rf.8e83c19318f69de058901bc16ad423b1,train
patok_v2,train,peopledriving66_jpeg_jpg.rf.939366093cff30bc226ca057146d239e,train
patok_v2,train,peopledriving66_jpeg_jpg.rf.b691f47a1b6c7d0eaea2cd4006d18202,train
patok_v2,train,peopledriving66_jpeg_jpg.rf.d8668826aa99a1c6527880de8d71adf5,train
patok_v2,train,peopledriving66_jpeg_jpg.rf.e01714dd843c24ecb7c36e9330b5d129,train
patok_v2,train,peopledriving66_jpeg_jpg.rf.f9f960ca7394b54e820099c7eec3f3d6,test
patok_v2,train,peopledriving66_jpeg_jpg.rf.fe01a597a6dbcfb6431f9105b9ec7cdf,train
patok_v2,train,peopledriving70_jpeg_jpg.rf.814e4cf43a23c0ea196b872f0f11c315,train
patok_v2,train,peopledriving70_jpeg_jpg.rf.f7b156e6775c9ce3bfd623a8702e9408,test
patok_v2,train,peopledriving75_jpeg_jpg.rf.064087f7ab7b4781739c0d7c980a7ef5,train
patok_v2,train,peopledriving75_jpeg_jpg.rf.06c3d8c04043a1ad612575353289cddb,valid
patok_v2,train,peopledriving75_jpeg_jpg.rf.09d50ad508c78161e8a85cef6b8ec7b3,train
patok_v2,train,peopledriving75_jpeg_jpg.rf.1c0c745e3900b3f5250e1a51bf1f6941,train
patok_v2,train,peopledriving75_jpeg_jpg.rf.28759616d13c6d73c0ac92d30ab0d569,train
patok_v2,train,peopledriving75_jpeg_jpg.rf.4cb6466c41a9376d3b7af33c112f1740,train
patok_v2,train,peopledriving75_jpeg_jpg.rf.605f891543ab57c86e98cc92692a213b,train
patok_v2,train,peopledriving75_jpeg_jpg.rf.6864c230ad1a7c3eb59ad0d7467fbf17,test
patok_v2,train,peopledriving75_jpeg_jpg.rf.7c81563a4964d06c43135d8b3cb75856,train
patok_v2,train,peopledriving75_jpeg_jpg.rf.7fccd72bd0da4db2aafc5bb6afd5b42c,train
patok_v2,train,peopledriving75_jpeg_jpg.rf.b5bf305ea7aaec80f2c7052d791a2175,train
patok_v2,train,peopledriving75_jpeg_jpg.rf.c49b61f21b8ebf4eeb6da8abcfd5fc87,train
patok_v2,train,peopledriving75_jpeg_jpg.rf.c933baf6b0861970c5902366925da029,train
patok_v2,train,peopledriving75_jpeg_jpg.rf.e1206a6d5adb204c436cc390d845a9cd,train
patok_v2,train,peopledriving76_jpeg_jpg.rf.083dc64d22393c0c43ed6228ca7d16dd,train
patok_v2,train,peopledriving76_jpeg_jpg.rf.1ceccc58de326098ab01a93131dca974,train
patok_v2,train,peopledriving76_jpeg_jpg.rf.2ec6837134510237a11f822bd99a895e,train
patok_v2,train,peopledriving76_jpeg_jpg.rf.422ec1479c2349bdc408a3fa1e392b87,test
patok_v2,train,peopledriving76_jpeg_jpg.rf.4713c5ddf2fc665c58ba537e89d4a699,train
patok_v2,train,peopledriving76_jpeg_jpg.rf.50a8be3fc98f812456801a041a022400,train
patok_v2,train,peopledriving76_jpeg_jpg.rf.53342097500ce6e15a5d8c77d33ffd65,train
patok_v2,train,peopledriving76_jpeg_jpg.rf.5dad8946c76b01f558072919afcac346,test
patok_v2,train,peopledriving76_jpeg_jpg.rf.66fcb56440297005d49166e7860fe001,test
patok_v2,train,peopledriving76_jpeg_jpg.rf.6d9a1766589aab707aec826692585f24,train
patok_v2,train,peopledriving76_jpeg_jpg.rf.6db30196db32dd01bbd8d8d3af10e606,train
patok_v2,train,peopledriving76_jpeg_jpg.rf.725926ea1ad6bee201cf236d518be7b4,train
patok_v2,train,peopledriving76_jpeg_jpg.rf.8fc07a1ccac7c566388e5177461dfb85,train
patok_v2,train,peopledriving76_jpeg_jpg.rf.a43da71dfc69896af3de460961c1c179,train
patok_v2,train,peopledriving76_jpeg_jpg.rf.a77459c7588e25bab57139de4605b006,valid
patok_v2,train,peopledriving76_jpeg_jpg.rf.aa828a2df0531456c78abc062cb51241,train
patok_v2,train,peopledriving76_jpeg_jpg.rf.b3fc26e5eecd9f2911c4b589c1315cc0,train
patok_v2,train,peopledriving76_jpeg_jpg.rf.b8cbf8cda9c1a310972fd64dfd740f07,train
patok_v2,train,peopledriving76_jpeg_jpg.rf.bbae2879a42add1f98c3489efb90fb13,train
patok_v2,train,peopledriving76_jpeg_jpg.rf.c185ac5b68388ad99608a6fdaee6ed82,train
patok_v2,train,peopledriving76_jpeg_jpg.rf.cbcd2de738c7980cf44d51f00f8c31d7,train
patok_v2,train,peopledriving76_jpeg_jpg.rf.e8a17b9989b8cc8059ed0a2132359bb0,train
patok_v2,train,peopledriving77_jpeg_jpg.rf.980315e61750dac368c1dd4c50a30a10,train
patok_v2,train,peopledriving77_jpeg_jpg.rf.eaae295bce0278e0a9f4c4773ba82197,train
patok_v2,train,peopledriving78_jpeg_jpg.rf.17bdd33209f2003ea5ae043bdd27969a,train
patok_v2,train,peopledriving78_jpeg_jpg.rf.2352cab3903d378380845b5f1bbe3d91,valid
patok_v2,train,peopledriving78_jpeg_jpg.rf.2b3c16feb1d0c217969ba18850d9d851,train
patok_v2,train,peopledriving78_jpeg_jpg.rf.c4f096fe137072b2dff87a1d9f8fec90,train
patok_v2,train,peopledriving86_jpeg_jpg.rf.05b5d5652db2a7e5ad8dd7bd2821950f,valid
patok_v2,train,peopledriving86_jpeg_jpg.rf.1f061057bd04f78cb59cf6cbc0606a42,train
patok_v2,train,peopledriving86_jpeg_jpg.rf.287e45f543c37d6d014e1a92070dc3f7,train
patok_v2,train,peopledriving86_jpeg_jpg.rf.55c5f41914d481e3ead9ab4ce0d88dea,train
patok_v2,train,peopledriving86_jpeg_jpg.rf.599f6a75047b685ab08abb89f6193ac4,train
patok_v2,train,peopledriving86_jpeg_jpg.rf.642b0bebbf9a6675d1bd754b082c1e08,train
patok_v2,train,peopledriving86_jpeg_jpg.rf.921a38f0486d2aea87c644030b0c14cb,train
patok_v2,train,peopledriving86_jpeg_jpg.rf.92d28e686355cfb1154d5ba8e91bca43,train
patok_v2,train,peopledriving86_jpeg_jpg.rf.a2015028346c2f4c5578320e9965c697,train
patok_v2,train,peopledriving86_jpeg_jpg.rf.a9ab4d002836d618892b8f90f5a7e92c,train
patok_v2,train,peopledriving86_jpeg_jpg.rf.c35a152d1e5f82a86ee450464d329d12,train
patok_v2,train,peopledriving86_jpeg_jpg.rf.c3ed08be779ff4de90f1acdb0501b591,train
patok_v2,train,peopledriving86_jpeg_jpg.rf.cd79eb419956d1349a817ef9b9b2db6b,train
patok_v2,train,peopledriving86_jpeg_jpg.rf.ee18608a5be7b37671d3fa6c31d38609,valid
patok_v2,train,peopledriving86_jpeg_jpg.rf.f43ccc79174a8150c120649a41610c94,train
patok_v2,train,peopledriving86_jpeg_jpg.rf.f9e48b310f91e282876aa624d4166fbf,train
patok_v2,train,peopledriving87_jpeg_jpg.rf.5b48ea450e5712adab6e4da43b18fd97,test
patok_v2,train,peopledriving87_jpeg_jpg.rf.74df7fe90df7813166e5ff0ed5658e3b,valid
patok_v2,train,peopledriving87_jpeg_jpg.rf.820296793bad7af4c81c173da0a0b697,train
patok_v2,train,peopledriving87_jpeg_jpg.rf.a5cc05c18702d8a039fc032467920840,test
patok_v2,train,peopledriving8_jpeg_jpg.rf.12ed6eaed4ef6dda0d9a275708b68738,train
patok_v2,train,peopledriving8_jpeg_jpg.rf.190d947e518f0b6181bd12b91d7b1910,train
patok_v2,train,peopledriving8_jpeg_jpg.rf.484dc2a1c0b83346b7d16cb289f85b56,train
patok_v2,train,peopledriving8_jpeg_jpg.rf.764687593c0cbac2c5b81e7932e25fbe,valid
patok_v2,train,peopledriving8_jpeg_jpg.rf.8315830abf391b00967f245630639ac6,test
patok_v2,train,peopledriving8_jpeg_jpg.rf.946067f920a141f632708709bad68571,train
patok_v2,train,peopledriving8_jpeg_jpg.rf.b4b01fa7fa453e1b7dafbc649d558c37,train
patok_v2,train,peopledriving8_jpeg_jpg.rf.d300767a2eaab2317bf43b1303b7d8de,valid
patok_v2,train,peopledriving8_jpeg_jpg.rf.dab14ecde31487195d300a88d006f3aa,train
patok_v2,train,peopledriving8_jpeg_jpg.rf.e44aa47c0cf973ba560072f55abdc4e7,train
patok_v2,train,peopledriving92_jpeg_jpg.rf.0a04564bad0f51b55e5bb0832b4af50c,train
patok_v2,train,peopledriving92_jpeg_jpg.rf.1a0b62ff957eb5e3eaee6af2cb5df98d,train
patok_v2,train,peopledriving92_jpeg_jpg.rf.2489a4c606600a7eb3df5fa47be8d11a,train
patok_v2,train,peopledriving92_jpeg_jpg.rf.2ade2546e78519b13e218dd5e6d58cd1,train
patok_v2,train,peopledriving92_jpeg_jpg.rf.2f3f6581a30362787d3710d8570a0539,valid
patok_v2,train,peopledriving92_jpeg_jpg.rf.644c49fec08a9d003260ab9373685fa6,train
patok_v2,train,peopledriving92_jpeg_jpg.rf.78422a6f1703be88f4135d29728dbc14,train
patok_v2,train,peopledriving92_jpeg_jpg.rf.925faddaf7444e255cc9bc2852c139f0,train
patok_v2,train,peopledriving92_jpeg_jpg.rf.b63be3818c3607bd9cc77da333ba0018,train
patok_v2,train,peopledriving92_jpeg_jpg.rf.cb45734db3743229453c81f3d65ae788,train
patok_v2,train,peopleincars0_jpeg_jpg.rf.2b5fc35c0e842d3c2f27948d2ff3b4b5,train
patok_v2,train,peopleincars0_jpeg_jpg.rf.33c41a5bdec7814a12780827cd102a7f,train
patok_v2,train,peopleincars0_jpeg_jpg.rf.38ff516a4cc57737136b897df5348382,train
patok_v2,train,peopleincars0_jpeg_jpg.rf.43a691467f14b56d0a59c405df1814ec,train
patok_v2,train,peopleincars0_jpeg_jpg.rf.4885c329d644974eb3659ef14e6fc857,train
patok_v2,train,peopleincars0_jpeg_jpg.rf.5c2fe5c3728a8f52a2ac1ab18622ef3c,train
patok_v2,train,peopleincars0_jpeg_jpg.rf.5ef588c4179deac60ed11a733c683a6e,train
patok_v2,train,peopleincars0_jpeg_jpg.rf.7fc86189c5ef16e68494267debb7ae0d,valid
patok_v2,train,peopleincars0_jpeg_jpg.rf.ceebe430c7484140950a7c1e76693021,train
patok_v2,train,peopleincars0_jpeg_jpg.rf.f8b4074b0ae9c7b0829f02dc1bc5e63c,train
patok_v2,train,peopleincars110_jpeg_jpg.rf.c787edd20169fd732ba19fe205d5b527,train
patok_v2,train,peopleincars110_jpeg_jpg.rf.fbd5e537555cd2d4112e6b645493ee7b,test
patok_v2,train,peopleincars118_jpeg_jpg.rf.0778b7ebb52bbd7e2364721ac4f98936,train
patok_v2,train,peopleincars118_jpeg_jpg.rf.11f38403975e89485f26f40f9f1d983c,train
patok_v2,train,peopleincars118_jpeg_jpg.rf.6a106009dbec998a0fc1b2fe398a045c,train
patok_v2,train,peopleincars118_jpeg_jpg.rf.99721a2deab8f602d97662643c79652b,test
patok_v2,train,peopleincars118_jpeg_jpg.rf.ba5c8f41e9348aa75b842fbe3df865df,train
patok_v2,train,peopleincars118_jpeg_jpg.rf.bfac8da3b5a522ee022d56a43be9a9cc,train
patok_v2,train,peopleincars118_jpeg_jpg.rf.d2aa9a7c927e9f6ad854642a887e051a,train
patok_v2,train,peopleincars118_jpeg_jpg.rf.d78f3c1818d41aae69c143c210127b66,valid
patok_v2,train,peopleincars118_jpeg_jpg.rf.e95a4fbcce6cb5d245be6b36bbbdbd41,train
patok_v2,train,peopleincars118_jpeg_jpg.rf.fbadf3b31e31e537b9c2d4b7e7d13a0e,train
patok_v2,train,peopleincars12_jpeg_jpg.rf.96370f5385fbbf8b6d23ac2fc324169f,train
patok_v2,train,peopleincars12_jpeg_jpg.rf.97b8f7e2ad8b67b29c0e264976d2e23a,train
patok_v2,train,peopleincars137_jpeg_jpg.rf.0d7767ad5050949d4531e70207a833eb,train
patok_v2,train,peopleincars137_jpeg_jpg.rf.2bb95dcb7d3169a2c08f22963ea5154b,valid
patok_v2,train,peopleincars137_jpeg_jpg.rf.3b44f36686d7c9b2f9e778b9a24e2415,valid
patok_v2,train,peopleincars137_jpeg_jpg.rf.df9fe3b883cced0fb7da82c2c0f59ea1,train
patok_v2,train,peopleincars140_jpeg_jpg.rf.16bf912850997bf7f00772ef50fa2062,train
patok_v2,train,peopleincars140_jpeg_jpg.rf.f8c0c385d92a3d3787f993af44114411,train
patok_v2,train,peopleincars154_jpeg_jpg.rf.7ec5590165a982dbbeeef4a7ab5ee43e,train
patok_v2,train,peopleincars154_jpeg_jpg.rf.a17053d6a3348d1044f9e47dc7b42d05,train
patok_v2,train,peopleincars154_jpeg_jpg.rf.c64596e2bc45074db88db723e5ea79e8,train
patok_v2,train,peopleincars154_jpeg_jpg.rf.d21f2d94c80f8fe4f876f5387a0d6a0c,train
patok_v2,train,peopleincars16_jpeg_jpg.rf.2ad7faa914f5175129ef4d8dca1cbe77,train
patok_v2,train,peopleincars16_jpeg_jpg.rf.4ba0dd6c5216138a20c7f4dcab3060da,valid
patok_v2,train,peopleincars16_jpeg_jpg.rf.50ad115fcc05351a06e4dc76d2f5cf67,train
patok_v2,train,peopleincars16_jpeg_jpg.rf.9707dd77a49441d2d2f3d40f9bc4e010,train
patok_v2,train,peopleincars16_jpeg_jpg.rf.c62ebb598976d478eab4ad24ec21d4a8,train
patok_v2,train,peopleincars16_jpeg_jpg.rf.d866d08ebad10f36c5385fd1f277f841,train
patok_v2,train,peopleincars17_jpeg_jpg.rf.0b92a06e09aa0af1342576a4b6a7d3f9,train
patok_v2,train,peopleincars17_jpeg_jpg.rf.22f16c1be01b819bf1cdc0049c264e14,train
patok_v2,train,peopleincars17_jpeg_jpg.rf.9b1ede4043ecae64f6af30a05cfc50ac,train
patok_v2,train,peopleincars17_jpeg_jpg.rf.fe9fbeb8774f6dd66f0b283205a968b5,train
patok_v2,train,peopleincars21_jpeg_jpg.rf.4a3a6a6705865715b129aa5021cb668a,train
patok_v2,train,peopleincars21_jpeg_jpg.rf.7b9e757d3fd202f27ef092635ef69582,train
patok_v2,train,peopleincars21_jpeg_jpg.rf.987404f9cf88a64dd889b039cfa0a130,train
patok_v2,train,peopleincars21_jpeg_jpg.rf.f179f2c336c85fb5dd93a1b3e570d543,train
patok_v2,train,peopleincars26_jpeg_jpg.rf.5e68962358904a333addc05ba03b0536,train
patok_v2,train,peopleincars26_jpeg_jpg.rf.6876ad9e02fa9c5e7ea41350a6ba2600,valid
patok_v2,train,peopleincars26_jpeg_jpg.rf.920fc1c613d09b709e32a85fcdf3c548,train
patok_v2,train,peopleincars26_jpeg_jpg.rf.ead97d4c04c9675c7e6d479fb5b958c1,train
patok_v2,train,peopleincars26_jpeg_jpg.rf.f01d4f0fcefccad5ca2122fbcf4f273d,test
patok_v2,train,peopleincars26_jpeg_jpg.rf.f11ee575d8ad9f3ecc4b465ae2757141,train
patok_v2,train,peopleincars27_jpeg_jpg.rf.12d48605d6e03e6a2d3ded6faea21f28,train
patok_v2,train,peopleincars27_jpeg_jpg.rf.6292bf1adc2a5f956d05b3e8d114a444,train
patok_v2,train,peopleincars27_jpeg_jpg.rf.90bea9617437fae93625e10831380618,test
patok_v2,train,peopleincars27_jpeg_jpg.rf.d618fcd26c71ccca2aecdaefddb8fa40,test
patok_v2,train,peopleincars28_jpeg_jpg.rf.61915da94020318db2691bd88e7e334e,train
patok_v2,train,peopleincars28_jpeg_jpg.rf.be1f0fd5f302357af3d4e7902e8d7ea2,train
patok_v2,train,peopleincars39_jpeg_jpg.rf.5a378bbb07075adf13d7af3bde5b63c9,test
patok_v2,train,peopleincars39_jpeg_jpg.rf.875a1d177b9088645255967dad922360,train
patok_v2,train,peopleincars39_jpeg_jpg.rf.aab6944a4dfc930473c5a1d2990fd853,train
patok_v2,train,peopleincars39_jpeg_jpg.rf.bdf8d2e99f153805bc30e1635c43008a,train
patok_v2,train,peopleincars41_jpeg_jpg.rf.2769d3f7f93e138a14b5abc2fc42520c,test
patok_v2,train,peopleincars41_jpeg_jpg.rf.624ba2b7be91269524b9b4f6353c2973,test
patok_v2,train,peopleincars53_jpeg_jpg.rf.584beaefa336a6becd0e8d137088b39a,train
patok_v2,train,peopleincars53_jpeg_jpg.rf.6e46145613b33d3db6cd6ff82dc9b08c,train
patok_v2,train,peopleincars53_jpeg_jpg.rf.70b6cf6d34e761c8fa64fba0dad9a450,valid
patok_v2,train,peopleincars53_jpeg_jpg.rf.7f2a8db7b513bffc8ce411c2932a65b9,train
patok_v2,train,peopleincars53_jpeg_jpg.rf.bd7bff3c7000e2cbc6a3389bc8b2d8b2,train
patok_v2,train,peopleincars53_jpeg_jpg.rf.c6d33ccf192fbc13242ab7a075ab730c,train
patok_v2,train,peopleincars57_jpeg_jpg.rf.156aa9dad2e1fe5f61d0c9966caaf685,train
patok_v2,train,peopleincars57_jpeg_jpg.rf.33fe6e4841cf0fd8d699b5eea789c2e1,valid
patok_v2,train,peopleincars57_jpeg_jpg.rf.3dff352c436ac228201d7f09f5925aaf,train
patok_v2,train,peopleincars57_jpeg_jpg.rf.4a4f2ee8b291e8d6ebd86012beac27fc,train
patok_v2,train,peopleincars57_jpeg_jpg.rf.dc708cc97519c2e33287595f7930012c,valid
patok_v2,train,peopleincars57_jpeg_jpg.rf.f7b3bd90524101c2da6a69fcf1759709,valid
patok_v2,train,peopleincars59_jpeg_jpg.rf.8ea1302d4a3f5f26740e7f9c06674d2d,test
patok_v2,train,peopleincars59_jpeg_jpg.rf.9e902a1ade81cc1c56fc5891a7dc1786,train
patok_v2,train,peopleincars59_jpeg_jpg.rf.c09824267c745ae64bc9e58e049348ef,train
patok_v2,train,peopleincars59_jpeg_jpg.rf.eb87e1fc1b39a654973fd7fd7b7e2a35,train
patok_v2,train,peopleincars5_jpeg_jpg.rf.839761b391dd8b8d3a5c9f8d59a9e543,train
patok_v2,train,peopleincars5_jpeg_jpg.rf.a751b6a1ad70b7878e342a4a310bb724,valid
patok_v2,train,peopleincars5_jpeg_jpg.rf.aa5014437a4506660d9374f3a5c393c8,valid
patok_v2,train,peopleincars5_jpeg_jpg.rf.c17720a0f7ba758461d9e3d0df707738,test
patok_v2,train,peopleincars60_jpeg_jpg.rf.96ee8140c7707c0b0201ba199f1ca02e,train
patok_v2,train,peopleincars60_jpeg_jpg.rf.cfe525c1b29c8446c3d8448a3382ff2e,train
patok_v2,train,peopleincars79_jpeg_jpg.rf.13a890a69f0681a3c7159adc56f48551,train
patok_v2,train,peopleincars79_jpeg_jpg.rf.7ac205a7e7e391a348dc1aed6a082e91,valid
patok_v2,train,s10_PNG_jpg.rf.2ef6838c56790018318d6291f1aad5dd,train
patok_v2,train,s10_PNG_jpg.rf.ad553de644ee8876d76fe0a083945c9c,train
patok_v2,train,s10_PNG_jpg.rf.ea498afde4499d5050a4f4955b9aff5a,train
patok_v2,train,s10_PNG_jpg.rf.edff22e431047c68e06ac9e7a1ce9b71,train
patok_v2,train,s12_PNG_jpg.rf.37eaad0ae5aa5828303985c433f86eb6,train
patok_v2,train,s12_PNG_jpg.rf.c1aad8c71a813c5e87c6eee885d99895,train
patok_v2,train,s13_PNG_jpg.rf.2dafc7d4b4404660196e78ab37ee1f86,train
patok_v2,train,s13_PNG_jpg.rf.d13345566f6896fdd15e9a94d4be20e4,test
patok_v2,train,s14_PNG_jpg.rf.443f7960bcad9a222792c510eeb253f5,train
patok_v2,train,s14_PNG_jpg.rf.9222b9b543164840d7995f300b89990d,train
patok_v2,train,s14_PNG_jpg.rf.a88fe127b5fa1857ccaefae3f9646aa5,train
patok_v2,train,s14_PNG_jpg.rf.d255c4c42dce27649a5656073aa486cc,train
patok_v2,train,s16_PNG_jpg.rf.34c419048978ae64b246a8c26c4c0f50,train
patok_v2,train,s16_PNG_jpg.rf.4630cfd2c2cc190aa77ed280fc6fada1,train
patok_v2,train,s17_PNG_jpg.rf.1286bd82b1c83503c47c665510d7e8fd,test
patok_v2,train,s17_PNG_jpg.rf.5de634675cfaa212fb1187db66c51d5d,train
patok_v2,train,s18_PNG_jpg.rf.4dbec66dd4dd39a4f96e06be419e03d8,train
patok_v2,train,s18_PNG_jpg.rf.844fc492797e812aff0c9b7c7a910754,test
patok_v2,train,s18_PNG_jpg.rf.dfa4e705139d4e30141d64e304184797,train
patok_v2,train,s18_PNG_jpg.rf.f4a9260358dbd0d2b28c8045d678f2d8,train
patok_v2,train,s1_PNG_jpg.rf.4a0c1b8fac1df637cde572fb0ed8fda7,train
patok_v2,train,s1_PNG_jpg.rf.6cb3b2d73ecba0ad7d2040fa19322b87,train
patok_v2,train,s21_PNG_jpg.rf.453ea6e183c92382f25f3e03561bee2b,train
patok_v2,train,s21_PNG_jpg.rf.6ad1aed8bfa32017149c9b6062e9f4cc,train
patok_v2,train,s21_PNG_jpg.rf.92471e65377f5c6a3deb8cc9d0405b55,train
patok_v2,train,s21_PNG_jpg.rf.ede0aaa03ed97bcc53f88f8c2a809d56,train
patok_v2,train,s23_PNG_jpg.rf.a38c9405e2d5772adf12fdac0fb4ea44,train
patok_v2,train,s23_PNG_jpg.rf.b7c356eba823cfd7e76b9205119ac9b7,train
patok_v2,train,s24_PNG_jpg.rf.3cd784fdadbb65503f6b383243195178,train
patok_v2,train,s24_PNG_jpg.rf.6a8c83cb830ed9dd281d9dd7bbf77fa4,train
patok_v2,train,s25_PNG_jpg.rf.04543f590c7d56203e694ee40e73089e,train
patok_v2,train,s25_PNG_jpg.rf.5d73e71ac027a3b70287481a690660d0,train
patok_v2,train,s26_PNG_jpg.rf.03bd660a79dcc90534957caaafb86982,train
patok_v2,train,s26_PNG_jpg.rf.06b7ed98b90fc90ce82bf8d4812cd3da,train
patok_v2,train,s26_PNG_jpg.rf.7d3978ec055dca75857acee247227fc0,valid
patok_v2,train,s26_PNG_jpg.rf.cfcc1ed5a21656549067b4312dc15cca,train
patok_v2,train,s27_PNG_jpg.rf.62fe7b3bda48eb89b45b996e365e6934,train
patok_v2,train,s27_PNG_jpg.rf.ce23c7a7f29f67bac63be07cd410c0ed,train
patok_v2,train,s29_PNG_jpg.rf.457d7c35b5269366373ee224fc8576cf,train
patok_v2,train,s29_PNG_jpg.rf.c7bc5fdd90d863a55696bfe9e54f55cd,valid
patok_v2,train,s30_PNG_jpg.rf.dada86a0e953a4c476047f240bd03d48,train
patok_v2,train,s30_PNG_jpg.rf.dc779b9317e93e973866628b65ddbf0f,train
patok_v2,train,s31_PNG_jpg.rf.359e8de5f593cb9e718ed43e6aeba10b,train
patok_v2,train,s31_PNG_jpg.rf.85ba68a7ac46e7038e398dfc98f49f76,train
patok_v2,train,s31_PNG_jpg.rf.c240245284dd77999a58b0dab65b2254,train
patok_v2,train,s31_PNG_jpg.rf.d65f4c1275cdd40a8484de3148638b6b,train
patok_v2,train,s32_PNG_jpg.rf.3b0ad8b2fb413dc54d4ad806cc0f636d,train
patok_v2,train,s32_PNG_jpg.rf.514b0365ef21249058368e5ad205cef5,valid
patok_v2,train,s32_PNG_jpg.rf.53a7ef596ca0b463eba91689f3867b78,train
patok_v2,train,s32_PNG_jpg.rf.83ce9516e1a8b3d1cd1128eaf545a56e,train
patok_v2,train,s33_PNG_jpg.rf.993050a87e70feb78f2f9407bc440733,train
patok_v2,train,s33_PNG_jpg.rf.bbd09c49de53511d24c13bce2dcb8f21,train
patok_v2,train,s34_PNG_jpg.rf.513b3745a6b0a4b1fab585b714d18eaf,valid
patok_v2,train,s34_PNG_jpg.rf.da5ce2bf617a20381016435608f1b008,train
patok_v2,train,s35_PNG_jpg.rf.34312b852ecfbdedfbc10b447057c777,train
patok_v2,train,s35_PNG_jpg.rf.af9955b4d0f1860a9e24f43717f2aa5b,train
patok_v2,train,s3_PNG_jpg.rf.17e0850878f559a44e7f95e57f8f4ecb,valid
patok_v2,train,s3_PNG_jpg.rf.939f966db6c78eed2061e265ad9766b9,train
patok_v2,train,s3_PNG_jpg.rf.9ad0f2122e53a553cfd145011d9bdcbc,train
patok_v2,train,s3_PNG_jpg.rf.bbae2b3112e99d39a27251d634c7dcf5,train
patok_v2,train,s5_PNG_jpg.rf.4032e984ec110dc427945ed5a31176bd,test
patok_v2,train,s5_PNG_jpg.rf.678c8f0376955de277478002a5a45e7e,train
patok_v2,train,s5_PNG_jpg.rf.6e0a574f3b66889c3bf63eec4e3363a0,train
patok_v2,train,s5_PNG_jpg.rf.a60d8d1fbdefbabed0de9802afdfb248,train
patok_v2,train,s6_PNG_jpg.rf.370fea9533f84eb172d92507d7adbe4c,train
patok_v2,train,s6_PNG_jpg.rf.3ea444eb1ae88a070feec3582990fe3c,train
patok_v2,train,s8_PNG_jpg.rf.9b19579f182605184af0b02b08125ea0,train
patok_v2,train,s8_PNG_jpg.rf.f9221d157fff44dd652d3fb0a0e7a4ce,train
patok_v2,train,s9_PNG_jpg.rf.cb558b8b2a8c70e6171d4da999df45ab,train
patok_v2,train,s9_PNG_jpg.rf.f500cc48711fe8413b07e5d3cbe55e89,train
patok_v2,train,seatbelt114_jpeg_jpg.rf.003e07881e8101ecbc17a5d5f401b78b,train
patok_v2,train,seatbelt114_jpeg_jpg.rf.0eec58bb3074d9eb0860f7c60bdfcee9,train
patok_v2,train,seatbelt114_jpeg_jpg.rf.12d3696ebdc1faf5430d8d5838086f2b,train
patok_v2,train,seatbelt114_jpeg_jpg.rf.23dac83c8f1f33685527a7d64d309b16,train
patok_v2,train,seatbelt114_jpeg_jpg.rf.8998c00e02b73857caffaa4bb28fb83e,train
patok_v2,train,seatbelt114_jpeg_jpg.rf.bd0e6cf57d8e3cb6366f95b93d5520f4,train
patok_v2,train,seatbelt119_jpeg_jpg.rf.f42a294876aed3e4337a084975b679dd,train
patok_v2,train,seatbelt119_jpeg_jpg.rf.f6f51db2960d91b18bc3d4dbe37c4024,train
patok_v2,train,seatbelt121_jpeg_jpg.rf.07f0e8f7cc79312ca52daa3ff259164b,train
patok_v2,train,seatbelt121_jpeg_jpg.rf.285809eee67f24b9b686e81c01116af5,train
patok_v2,train,seatbelt123_jpeg_jpg.rf.8743e7b10b3d04ee2c619d4dba940a4a,train
patok_v2,train,seatbelt123_jpeg_jpg.rf.8bd719127356b080e3f657d452973e2f,train
patok_v2,train,seatbelt123_jpeg_jpg.rf.d10daef68de848db6b8058647e88a5f2,train
patok_v2,train,seatbelt123_jpeg_jpg.rf.d8c727e84102955509100607ab0b8615,train
patok_v2,train,seatbelt125_jpeg_jpg.rf.0b6976c973b0505eefa3abb00705e740,train
patok_v2,train,seatbelt125_jpeg_jpg.rf.4cfb0abfe81f179691dd8650b3b23d18,train
patok_v2,train,seatbelt125_jpeg_jpg.rf.b5b91322eaffb13efae6514211d8cc6e,train
patok_v2,train,seatbelt125_jpeg_jpg.rf.cefd0b9a2c736316e8ef7653d1eca4be,train
patok_v2,train,seatbelt12_jpeg_jpg.rf.479dbcc9e213f06f3f472f27fae7b9a4,valid
patok_v2,train,seatbelt12_jpeg_jpg.rf.9a0c2ec06a7014eb42917eaf7f3bfe66,valid
patok_v2,train,seatbelt134_jpeg_jpg.rf.cb66c842b90ae510d52a1ec6fb015c83,train
patok_v2,train,seatbelt134_jpeg_jpg.rf.f5b47614bb3a5e5a8a7ae90da45b5a64,train
patok_v2,train,seatbelt140_jpeg_jpg.rf.e68ddfcccb8c9d96643f45527809210d,train
patok_v2,train,seatbelt140_jpeg_jpg.rf.ed133ebc2d991ba50b67647af01013a8,train
patok_v2,train,seatbelt143_jpeg_jpg.rf.3f7851978bba7621e5f127e595185507,train
patok_v2,train,seatbelt143_jpeg_jpg.rf.99a97ffbafb8ccaa8e0e869b957c8df4,train
patok_v2,train,seatbelt153_jpeg_jpg.rf.1e967a7861a3c7cf9472de7019f92200,train
patok_v2,train,seatbelt153_jpeg_jpg.rf.1f1e54c5974c8e45f9afb571058a84b8,train
patok_v2,train,seatbelt15_jpeg_jpg.rf.04550c5845ebd3849e37aad7c08ba5ce,train
patok_v2,train,seatbelt15_jpeg_jpg.rf.12df7c53dae90d7c4d43e84b04a0283e,train
patok_v2,train,seatbelt161_jpeg_jpg.rf.8a6005550b8fe7664c2f879df3b1ef07,valid
patok_v2,train,seatbelt161_jpeg_jpg.rf.bb5d97dcc0e53bac6ef22489b092dd2f,train
patok_v2,train,seatbelt165_jpeg_jpg.rf.d658f58f6302f30a5aa307ce84e48227,valid
patok_v2,train,seatbelt165_jpeg_jpg.rf.e82dd3659185aabc38dcd106c26999ef,test
patok_v2,train,seatbelt18_jpeg_jpg.rf.4b8da169047b712cc11b83a832129a84,test
patok_v2,train,seatbelt18_jpeg_jpg.rf.884655b288a17a80ee2dde8623c38b3d,train
patok_v2,train,seatbelt18_jpeg_jpg.rf.9a79dd1bbc3ee3cb431027840ed88c7f,train
patok_v2,train,seatbelt18_jpeg_jpg.rf.cb9b3c4b0796bc90c9c3e916cac50462,train
patok_v2,train,seatbelt202_jpeg_jpg.rf.0cc39257c75a6e0d4296bbc4ae14d5d1,valid
patok_v2,train,seatbelt202_jpeg_jpg.rf.46fbd5fe075dfc0a2678e6fe489bd6f4,valid
patok_v2,train,seatbelt202_jpeg_jpg.rf.9c2947f195a13e7923a386400b7e627e,train
patok_v2,train,seatbelt202_jpeg_jpg.rf.d65981d787bc1271b87cf201e530d8dc,valid
patok_v2,train,seatbelt218_jpeg_jpg.rf.291869e96846aed4d25a95510845f323,train
patok_v2,train,seatbelt218_jpeg_jpg.rf.694c54e74397f60d18b8ffa5e75869ea,train
patok_v2,train,seatbelt218_jpeg_jpg.rf.8cb9aafa2088557b85bfc3b0637ea2c1,train
patok_v2,train,seatbelt218_jpeg_jpg.rf.a2f0153f9073c97cabeeacf265190049,train
patok_v2,train,seatbelt21_jpeg_jpg.rf.0bd69e8f177f627004c93a3ba79d1226,train
patok_v2,train,seatbelt21_jpeg_jpg.rf.baf5a1b29224a870bbd2e366b88f45c3,train
patok_v2,train,seatbelt21_jpeg_jpg.rf.c40c4f87ee01eb8e2f16cac1fea5cc2f,train
patok_v2,train,seatbelt21_jpeg_jpg.rf.f4e15653d7960257c9ff0022efcfc12f,train
patok_v2,train,seatbelt22_jpeg_jpg.rf.12ce01778e64d5ec4b0e454e161f4660,train
patok_v2,train,seatbelt22_jpeg_jpg.rf.a349b3fb93d3243134e91b7e987a20e1,train
patok_v2,train,seatbelt22_jpeg_jpg.rf.de0dc618381a14d3e1680027910c0dc9,train
patok_v2,train,seatbelt22_jpeg_jpg.rf.fce3e8ff26d5bd8c304d7652976ce2b3,train
patok_v2,train,seatbelt235_jpeg_jpg.rf.958082c33e5e31584ca4831b3c0515b8,train
patok_v2,train,seatbelt235_jpeg_jpg.rf.e513d457376b798539e5752134f8153f,train
patok_v2,train,seatbelt237_jpeg_jpg.rf.5fd8bcc303f2814ff9885c527a3581e8,test
patok_v2,train,seatbelt237_jpeg_jpg.rf.7f80c2ad1e24a79ce297351554ba87d1,train
patok_v2,train,seatbelt237_jpeg_jpg.rf.a8ad37374ae3133e2a48b4a2e5b16811,train
patok_v2,train,seatbelt237_jpeg_jpg.rf.f723bd36cd650a1e03eb5f643b12946f,valid
patok_v2,train,seatbelt240_jpeg_jpg.rf.0d502df67ccbe937f3173a917f29230c,test
patok_v2,train,seatbelt240_jpeg_jpg.rf.69e55a5f5ba8467c4269b6a4909069e3,train
patok_v2,train,seatbelt240_jpeg_jpg.rf.a93a5f9b755013d63a4d25c990640328,train
patok_v2,train,seatbelt240_jpeg_jpg.rf.b00ae312551e1dd18ea22204781ea2d8,test
patok_v2,train,seatbelt248_jpeg_jpg.rf.380651e2b05062d9f6a3fbd7889c7717,train
patok_v2,train,seatbelt248_jpeg_jpg.rf.5584f7817dd788a07bde83a3a983a771,test
patok_v2,train,seatbelt248_jpeg_jpg.rf.814afc876f1663d051d513b832f1c770,test
patok_v2,train,seatbelt248_jpeg_jpg.rf.a0b9c8e2af7e159f019694a19772a96b,train
patok_v2,train,seatbelt248_jpeg_jpg.rf.b9e39fe8462ec0c41bacd2666deda449,train
patok_v2,train,seatbelt248_jpeg_jpg.rf.e8520c456c962943ad5d2e70f48bd0af,train
patok_v2,train,seatbelt269_jpeg_jpg.rf.1f5cb54a3c44833166deff80fe333cac,train
patok_v2,train,seatbelt269_jpeg_jpg.rf.6a8ba444bf9b77268d2e6bffae4feff5,train
patok_v2,train,seatbelt269_jpeg_jpg.rf.b53a7f5780634ea4dad378dd712532a0,train
patok_v2,train,seatbelt269_jpeg_jpg.rf.c2138a680a5e584eeeaf07112a43cbe9,train
patok_v2,train,seatbelt274_jpeg_jpg.rf.2b1b4c6620e7cf9f0f6ee976ab4d267d,train
patok_v2,train,seatbelt274_jpeg_jpg.rf.589514b0d06ae3f313cedd9e5aedd43a,train
patok_v2,train,seatbelt274_jpeg_jpg.rf.b648592f725ed5a95e4b40b97865f87e,train
patok_v2,train,seatbelt274_jpeg_jpg.rf.ed23ccf169a160e2491832eaef45d3f3,test
patok_v2,train,seatbelt277_jpeg_jpg.rf.7fed99019e45b38ee3b983f509f55c32,test
patok_v2,train,seatbelt277_jpeg_jpg.rf.af154fd54dc52e6365279535e2f21e74,train
patok_v2,train,seatbelt285_jpeg_jpg.rf.229f9311849b10045d4dee91139b5bab,train
patok_v2,train,seatbelt285_jpeg_jpg.rf.27bb5ad649d793a172eaad25cce2d30d,train
patok_v2,train,seatbelt292_jpeg_jpg.rf.4f77d1f8664110d67e6814561979ecd1,train
patok_v2,train,seatbelt292_jpeg_jpg.rf.5353d306499b46988a5a64ea456fba4d,train
patok_v2,train,seatbelt295_jpeg_jpg.rf.0adbd50b235c25f551c161ecf8bd2892,valid
patok_v2,train,seatbelt295_jpeg_jpg.rf.6fe18df066a1470817de9cb23c0b5b88,train
patok_v2,train,seatbelt302_jpeg_jpg.rf.142c1b167e9202f7fe8fcd33837630d8,train
patok_v2,train,seatbelt302_jpeg_jpg.rf.6666293615836d40b730dafe2fc76cfc,train
patok_v2,train,seatbelt302_jpeg_jpg.rf.b1c3a0ed58de163ef46e9b683210d4d9,test
patok_v2,train,seatbelt302_jpeg_jpg.rf.e45613dfd423a08e327509c47e1e31e3,train
patok_v2,train,seatbelt307_jpeg_jpg.rf.a73393490b71fd5614f01dcceb03c26b,test
patok_v2,train,seatbelt307_jpeg_jpg.rf.b207683d7b979eb09eed7f9acfaef4e7,train
patok_v2,train,seatbelt311_jpeg_jpg.rf.56cae0957bf4d9fbbf40ce15ad96d31b,train
patok_v2,train,seatbelt311_jpeg_jpg.rf.6afd5d77b5745541ece59d086592e60d,train
patok_v2,train,seatbelt314_jpeg_jpg.rf.4598a538ca87079ccbb1ce5eeb550cb5,train
patok_v2,train,seatbelt314_jpeg_jpg.rf.4dcfdce5692fd151ad60af84d1a4d0b0,train
patok_v2,train,seatbelt314_jpeg_jpg.rf.7bd6ce2002df5af2f7baebf1d16217ec,train
patok_v2,train,seatbelt314_jpeg_jpg.rf.fb826edf79fe5825b926ae803f1d8b98,train
patok_v2,train,seatbelt31_jpeg_jpg.rf.00fc6ab932848dc3c9de40f65656ac31,train
patok_v2,train,seatbelt31_jpeg_jpg.rf.1b8a05fa5d90ba1979fd74b78b212e27,test
patok_v2,train,seatbelt31_jpeg_jpg.rf.395a720558d68f9b329df8353653013d,train
patok_v2,train,seatbelt31_jpeg_jpg.rf.bc78bf315e0811ed838a88421b5fdfa6,train
patok_v2,train,seatbelt328_jpeg_jpg.rf.a2c5f2d40b2a3bebacec45de93864757,valid
patok_v2,train,seatbelt328_jpeg_jpg.rf.ecf888acc1cb9b8994d7e0ceb04bb8b7,train
patok_v2,train,seatbelt32_jpeg_jpg.rf.483a5ed9f62a0244b29843fe50026bec,valid
patok_v2,train,seatbelt32_jpeg_jpg.rf.9fcbc12a422262560bcafd981846c14e,train
patok_v2,train,seatbelt33_jpeg_jpg.rf.14554aee8600f80a23aafcea3a40010c,train
patok_v2,train,seatbelt33_jpeg_jpg.rf.885d924ebd95a4097d5f7dc9b31dbe3f,train
patok_v2,train,seatbelt352_jpeg_jpg.rf.4b81869964ecf9d4a4014078495470c6,train
patok_v2,train,seatbelt352_jpeg_jpg.rf.54f7e22dfda93e52f2b3926bcb9bab37,train
patok_v2,train,seatbelt352_jpeg_jpg.rf.a2868670b95c156bb41067cdc220a272,train
patok_v2,train,seatbelt352_jpeg_jpg.rf.f651a61d5b3a5c94c29be04206ce3565,train
patok_v2,train,seatbelt358_jpeg_jpg.rf.13966f4904d70617fabc44aa0d7937c0,train
patok_v2,train,seatbelt358_jpeg_jpg.rf.15dfff4a58bee3cfadb463eb926e4676,train
patok_v2,train,seatbelt358_jpeg_jpg.rf.dad89a0c4824edf524c7fc6d3cc7725c,valid
patok_v2,train,seatbelt358_jpeg_jpg.rf.eccd424d80f5bc94c1fdf5cb066b68a6,train
patok_v2,train,seatbelt359_jpeg_jpg.rf.97a1fd9cdf3395082ab767606eca4347,train
patok_v2,train,seatbelt359_jpeg_jpg.rf.dbf134f98fe7d19eb66cf37c10edf4af,train
patok_v2,train,seatbelt38_jpeg_jpg.rf.418576fb723431a42bfb985dd4fb4ae7,test
patok_v2,train,seatbelt38_jpeg_jpg.rf.c9e4b0fa8cea4a640756e83ee2fcdd35,train
patok_v2,train,seatbelt394_jpeg_jpg.rf.36a94e3328e07920488a40ae7a88679d,train
patok_v2,train,seatbelt394_jpeg_jpg.rf.90ca42293e9aa59dcdcc5bb014689123,test
patok_v2,train,seatbelt394_jpeg_jpg.rf.ccdd34c3153ff9af0debd207ccead0dc,train
patok_v2,train,seatbelt394_jpeg_jpg.rf.f18fbc4e698ec678fe46ec93099e9278,train
patok_v2,train,seatbelt40_jpeg_jpg.rf.8f8eaebe34f7a75b3b22e1adfae6ba47,train
patok_v2,train,seatbelt40_jpeg_jpg.rf.fe81bf1b4d26df72f7b2051848597c3f,train
patok_v2,train,seatbelt45_jpeg_jpg.rf.390985508bd52a9542c21cb06f6c6d93,test
patok_v2,train,seatbelt45_jpeg_jpg.rf.7aee0ab772002d3736c94da6ab8a0fc1,valid
patok_v2,train,seatbelt45_jpeg_jpg.rf.8fc07232b0f8d78711c3872e87b82630,train
patok_v2,train,seatbelt45_jpeg_jpg.rf.bf4ccc072aa7f15bb15ca811ba99b1b8,train
patok_v2,train,seatbelt46_jpeg_jpg.rf.24bc83ddd82ca95d23036f577f2df905,train
patok_v2,train,seatbelt46_jpeg_jpg.rf.3dbb46c5b5e11b78942e9f5fbccacdf1,valid
patok_v2,train,seatbelt47_jpeg_jpg.rf.2165197248f91cae2b3f34b373f92dc9,train
patok_v2,train,seatbelt47_jpeg_jpg.rf.8edb5681c658bf3541daf9c68227762c,train
patok_v2,train,seatbelt47_jpeg_jpg.rf.b555faf732ca73f18067624c9ea4982f,train
patok_v2,train,seatbelt47_jpeg_jpg.rf.c0f6a671dadd8739359cef68328e0421,train
patok_v2,train,seatbelt4_jpeg_jpg.rf.4998099a5f59b278cac5ec6365d9885a,train
patok_v2,train,seatbelt4_jpeg_jpg.rf.49da9a73b994d78701a9fc7d08faaf0b,test
patok_v2,train,seatbelt53_jpeg_jpg.rf.6683554a69d3e09e5d343986fdeee022,train
patok_v2,train,seatbelt53_jpeg_jpg.rf.a5298f4bf55ea4a06e16d010e1d2e45a,train
patok_v2,train,seatbelt53_jpeg_jpg.rf.a6538b0569c411ed532f82cb97999c55,train
patok_v2,train,seatbelt53_jpeg_jpg.rf.b520bb9daf9489792da8d21e7d43e650,train
patok_v2,train,seatbelt54_jpeg_jpg.rf.7d7818ade9617006429ffefad58c5ef6,train
patok_v2,train,seatbelt54_jpeg_jpg.rf.f4480454af7452714ea33f83db678972,train
patok_v2,train,seatbelt60_jpeg_jpg.rf.5394431f7ee0ff6330638ef54e06311e,train
patok_v2,train,seatbelt60_jpeg_jpg.rf.64752e2fb009ec5464bfb242c6494a08,train
patok_v2,train,seatbelt60_jpeg_jpg.rf.91f61fc9f9405af435951091250883fd,train
patok_v2,train,seatbelt60_jpeg_jpg.rf.f4ddca6e6d1e08cb02b3bad8dca0aa41,train
patok_v2,train,seatbelt61_jpeg_jpg.rf.0ce20a70269432852a0cd837c5af5bc6,train
patok_v2,train,seatbelt61_jpeg_jpg.rf.cc340564ed12a54bb23b6eca29b411d9,train
patok_v2,train,seatbelt69_jpeg_jpg.rf.2f102d14bb7bd190f903a7fca7572a75,train
patok_v2,train,seatbelt69_jpeg_jpg.rf.5eca8c3be6560352709dafb56e33e2e4,train
patok_v2,train,seatbelt7_jpeg_jpg.rf.371aa3a575925ac0e36f98bf873c936e,train
patok_v2,train,seatbelt7_jpeg_jpg.rf.5fdb5e1ea95d59f1462c7c49923ffb81,train
patok_v2,train,seatbelt7_jpeg_jpg.rf.aff562fc444be8b9e89d622339445d59,train
patok_v2,train,seatbelt7_jpeg_jpg.rf.f8740c9bcfe41270da488fbb51f2d5a3,train
patok_v2,train,seatbelt81_jpeg_jpg.rf.130e16b19de89c6183cd24feb9d931c1,valid
patok_v2,train,seatbelt81_jpeg_jpg.rf.218baa01006d3f679482444307935085,train
patok_v2,train,seatbelt81_jpeg_jpg.rf.33777144570889e401017cd6732b4bef,train
patok_v2,train,seatbelt81_jpeg_jpg.rf.6a5f6eb20b1b8e0daac6ec3e0d5991dd,test
patok_v2,train,seatbelt81_jpeg_jpg.rf.8223b4fc69e6a69eed0f698ec8295b89,train
patok_v2,train,seatbelt81_jpeg_jpg.rf.d2369e756f234ca0411bdeb0fcdca27e,train
patok_v2,train,seatbelt91_jpeg_jpg.rf.4c631c0a29f65e01fba5535983222f8b,train
patok_v2,train,seatbelt91_jpeg_jpg.rf.5697775b290367d0f8996b14cde8026f,train
patok_v2,train,seatbelt91_jpeg_jpg.rf.d3951db64ec5ad1e9b4b252f83091625,test
patok_v2,train,seatbelt91_jpeg_jpg.rf.e23f5884861ba3b48acf2d37fa18bd98,train
patok_v2,train,seatbelt92_jpeg_jpg.rf.6117b4c26b41f39bf9675c436d6b29a4,train
patok_v2,train,seatbelt92_jpeg_jpg.rf.87a50c827fd3f64764e6d7c3ee34c236,train
patok_v2,train,seatbelt97_jpeg_jpg.rf.03460c8cd708c0cb544e21a0ee59af8d,valid
patok_v2,train,seatbelt97_jpeg_jpg.rf.9a9fad532d660fb9fd3474cee565896f,test
patok_v2,train,seatbeltselfie0_jpeg_jpg.rf.0427241625edb49c3e2536b079a29dbd,train
patok_v2,train,seatbeltselfie0_jpeg_jpg.rf.ae8287db446f36179e9520c79a77d838,train
patok_v2,train,seatbeltselfie10_jpeg_jpg.rf.13bee4f58c52429a2206707ae48d0a6c,train
patok_v2,train,seatbeltselfie10_jpeg_jpg.rf.ab93303c88ae7feb4e914fee7fe65472,train
patok_v2,train,seatbeltselfie10_jpeg_jpg.rf.aef5af2a144eb94becf7f72b71796976,valid
patok_v2,train,seatbeltselfie10_jpeg_jpg.rf.c02ff9ddb8d3cc70cb708f1d586a8564,train
patok_v2,train,seatbeltselfie110_jpeg_jpg.rf.15601724e389b5496de92020b19f47cd,train
patok_v2,train,seatbeltselfie110_jpeg_jpg.rf.1849a56995d58d42eb1d142eb88d56ef,valid
patok_v2,train,seatbeltselfie110_jpeg_jpg.rf.951b903cc7401a2836e9d142baea74d7,train
patok_v2,train,seatbeltselfie110_jpeg_jpg.rf.baa0bac4afbdfe4270c96f9f323f116a,train
patok_v2,train,seatbeltselfie116_jpeg_jpg.rf.b839bab1b20f851e04cd8d27702d5f79,train
patok_v2,train,seatbeltselfie116_jpeg_jpg.rf.d961859d03968259b13e287e905c5026,train
patok_v2,train,seatbeltselfie117_jpeg_jpg.rf.313a993f830ff5ab88e33fe660fcb50d,train
patok_v2,train,seatbeltselfie117_jpeg_jpg.rf.77d544b01849f13a6b35aeb50e345f2e,train
patok_v2,train,seatbeltselfie11_jpeg_jpg.rf.3c191d919284ae3af70030f0b109986f,train
patok_v2,train,seatbeltselfie11_jpeg_jpg.rf.73c36f042abcb1fb5f18b00f115bebd4,train
patok_v2,train,seatbeltselfie11_jpeg_jpg.rf.c7023dbad2e11f48e31c3a4efdeb4245,valid
patok_v2,train,seatbeltselfie11_jpeg_jpg.rf.f8335e9e35cce1772b902b18c571fd22,test
patok_v2,train,seatbeltselfie120_jpeg_jpg.rf.9792b368dd12e472b00882c7afbaf314,train
patok_v2,train,seatbeltselfie120_jpeg_jpg.rf.dfdb0ec26055db0535ca678330d24796,train
patok_v2,train,seatbeltselfie122_jpeg_jpg.rf.331dddd77050e06bf8a0d6a14037db52,valid
patok_v2,train,seatbeltselfie122_jpeg_jpg.rf.739f74d9752b0d93e7308fb64b2b9a95,train
patok_v2,train,seatbeltselfie122_jpeg_jpg.rf.9627728781acb8d40726a67241175a21,train
patok_v2,train,seatbeltselfie122_jpeg_jpg.rf.fffcfd4e1ca327629f1beb68ac91dc8a,train
patok_v2,train,seatbeltselfie139_jpeg_jpg.rf.090f6782acd791c66683c4402364b5f4,valid
patok_v2,train,seatbeltselfie139_jpeg_jpg.rf.42ab1e5c1a97c13337e34985839488f8,train
patok_v2,train,seatbeltselfie139_jpeg_jpg.rf.59b036454ca3274f947213c212c121af,train
patok_v2,train,seatbeltselfie139_jpeg_jpg.rf.61b74665bc446e21862348f737a0c773,train
patok_v2,train,seatbeltselfie139_jpeg_jpg.rf.88b2448246a4ecf178c8aaedbd6d286b,valid
patok_v2,train,seatbeltselfie139_jpeg_jpg.rf.ab8a42791c5c91d25d11c8305d39ccc3,train
patok_v2,train,seatbeltselfie13_jpeg_jpg.rf.532b11ddd348ecfde41f37be3ac01353,train
patok_v2,train,seatbeltselfie13_jpeg_jpg.rf.541b76f6d0b69de914679e13c967eab5,train
patok_v2,train,seatbeltselfie147_jpeg_jpg.rf.054a5ae6258c14643a20ec9431fc3905,valid
patok_v2,train,seatbeltselfie147_jpeg_jpg.rf.0f90e6baba0b036634add53fb264f923,train
patok_v2,train,seatbeltselfie147_jpeg_jpg.rf.42496f875b555dc1e610226bf4ba73e9,train
patok_v2,train,seatbeltselfie147_jpeg_jpg.rf.ae6b1133da9064dd607a0048527bfa0e,train
patok_v2,train,seatbeltselfie147_jpeg_jpg.rf.be38cb93c71dc12bbb74b2bec2265568,train
patok_v2,train,seatbeltselfie147_jpeg_jpg.rf.f7d3fdab2bb26056ea41bdb3f64e83ec,train
patok_v2,train,seatbeltselfie14_jpeg_jpg.rf.119b6bb68a9366b11412f9fbf9159c1d,train
patok_v2,train,seatbeltselfie14_jpeg_jpg.rf.4f070a2071c829d998923b0363e244b1,train
patok_v2,train,seatbeltselfie152_jpeg_jpg.rf.047790a71184a924d3f5913d87c9e8f5,train
patok_v2,train,seatbeltselfie152_jpeg_jpg.rf.997563299808f0fdceb07bc23a8c03a1,train
patok_v2,train,seatbeltselfie152_jpeg_jpg.rf.9f8a2993f50a36c6210e65539105e75f,train
patok_v2,train,seatbeltselfie152_jpeg_jpg.rf.c0b187e26219cd7fd4b0f173379a588a,train
patok_v2,train,seatbeltselfie152_jpeg_jpg.rf.cbfa593a97644aafe7a0cf5cff565b03,train
patok_v2,train,seatbeltselfie152_jpeg_jpg.rf.f66b74f4a2ce6d905c32937a5ab2105f,train
patok_v2,train,seatbeltselfie153_jpeg_jpg.rf.18d47e9e5b9a00d4f55e2983a197a210,valid
patok_v2,train,seatbeltselfie153_jpeg_jpg.rf.bec8030a9f4eea1a4001ba20f59df61a,train
patok_v2,train,seatbeltselfie157_jpeg_jpg.rf.584056489de7114a732481a69231dc63,train
patok_v2,train,seatbeltselfie157_jpeg_jpg.rf.89d3a28a2cf212c3d7ba24e7de3b6698,train
patok_v2,train,seatbeltselfie158_jpeg_jpg.rf.57c5f2bd18b7e3947518880fb23daeab,train
patok_v2,train,seatbeltselfie158_jpeg_jpg.rf.add6d7722cbd550c4f26a7abf08e342d,train
patok_v2,train,seatbeltselfie15_jpeg_jpg.rf.283d8a965ffea30bb4d3e46625b8f996,train
patok_v2,train,seatbeltselfie15_jpeg_jpg.rf.70a5cd512c93138724a2a38d6245f509,train
patok_v2,train,seatbeltselfie15_jpeg_jpg.rf.a8f4cf06cc946d8f63c8ff8084c73baf,valid
patok_v2,train,seatbeltselfie15_jpeg_jpg.rf.b2b2e986b42045010d03f872a76a1ec0,train
patok_v2,train,seatbeltselfie15_jpeg_jpg.rf.ef04cc65afc737e052079f50ca9cfc1f,test
patok_v2,train,seatbeltselfie15_jpeg_jpg.rf.f5ca6a22e56152c08cca5b4dcfbb73f8,train
patok_v2,train,seatbeltselfie161_jpeg_jpg.rf.07ec8c2d0c54e750beb522574a919043,test
patok_v2,train,seatbeltselfie161_jpeg_jpg.rf.07f65746055bbb01de8ad8ce0bf3c60c,train
patok_v2,train,seatbeltselfie161_jpeg_jpg.rf.8847ffc579e7bbdb5c02f06647871203,train
patok_v2,train,seatbeltselfie161_jpeg_jpg.rf.ec7e4846ca3946a5a7f06e3b980c832a,train
patok_v2,train,seatbeltselfie166_jpeg_jpg.rf.03db108b09d1a95401463781bdd85822,train
patok_v2,train,seatbeltselfie166_jpeg_jpg.rf.590af8b859771066b52c00e83966202a,valid
patok_v2,train,seatbeltselfie16_jpeg_jpg.rf.3b2ec802e1713d77eee1d6818454996e,train
patok_v2,train,seatbeltselfie16_jpeg_jpg.rf.adf8c0cca35a8b112ae20c3b228f4f33,train
patok_v2,train,seatbeltselfie171_jpeg_jpg.rf.22c1a55d7816856d1c1ec4f25414b4b5,test
patok_v2,train,seatbeltselfie171_jpeg_jpg.rf.7c4d4b7a6647ad3c12d1a0d1b397ae77,train
patok_v2,train,seatbeltselfie171_jpeg_jpg.rf.9b91947e79a8292499dba31a6d0ce201,train
patok_v2,train,seatbeltselfie171_jpeg_jpg.rf.efc7e9ea7dd86602d5f442dba0d7075e,train
patok_v2,train,seatbeltselfie176_jpeg_jpg.rf.5383cded84d58bcd8255191b14af620e,train
patok_v2,train,seatbeltselfie176_jpeg_jpg.rf.545bc319066e7df12c6c4fef5bc28449,train
patok_v2,train,seatbeltselfie176_jpeg_jpg.rf.ae0ba0a24f67d59f545a0395079471b2,train
patok_v2,train,seatbeltselfie176_jpeg_jpg.rf.df192e62adf129696c16b6ea8f2d0ebe,train
patok_v2,train,seatbeltselfie17_jpeg_jpg.rf.38b155f35283fec20d3e5117d7514e2b,train
patok_v2,train,seatbeltselfie17_jpeg_jpg.rf.62e287f9dae09271e06296488f273a8e,valid
patok_v2,train,seatbeltselfie17_jpeg_jpg.rf.b3184a3325e0ab253182cc9e945190ba,train
patok_v2,train,seatbeltselfie17_jpeg_jpg.rf.fe751357bfca21f006e8161b1c985075,train
patok_v2,train,seatbeltselfie189_jpeg_jpg.rf.9a41a68f0309994d74c31877db05d9d3,test
patok_v2,train,seatbeltselfie189_jpeg_jpg.rf.b3081c94d49e52eb10eba4d46246b8e1,train
patok_v2,train,seatbeltselfie18_jpeg_jpg.rf.ae0286868a425c40a5b253bb031eecf3,test
patok_v2,train,seatbeltselfie18_jpeg_jpg.rf.c9bf94920e7a9b0b160d434ba43f0bfe,train
patok_v2,train,seatbeltselfie196_jpeg_jpg.rf.6a213075a3b2d2be5f8dff42d7165874,train
patok_v2,train,seatbeltselfie196_jpeg_jpg.rf.71329359af0a257acea3380e7152e83e,train
patok_v2,train,seatbeltselfie196_jpeg_jpg.rf.d0e735703edbed9b4efb0ffc3a375731,test
patok_v2,train,seatbeltselfie196_jpeg_jpg.rf.fa47807cbfee63c78229ea81c788fbab,train
patok_v2,train,seatbeltselfie1_jpeg_jpg.rf.04ad9e1ee6f8a5a7230b468a62c6fb9f,train
patok_v2,train,seatbeltselfie1_jpeg_jpg.rf.caf76c99863be8a2bb5428d82123c2e0,test
patok_v2,train,seatbeltselfie1_jpeg_jpg.rf.cda4e0f3a2ef350382c9020007cd3b6a,test
patok_v2,train,seatbeltselfie1_jpeg_jpg.rf.ce9b978071c114415cfe8fb002a5cccd,train
patok_v2,train,seatbeltselfie21_jpeg_jpg.rf.bc3213dbc313abdfd309c430fd4faf0d,train
patok_v2,train,seatbeltselfie21_jpeg_jpg.rf.e96ee023dcffdbcc28506b36ee7b63bf,test
patok_v2,train,seatbeltselfie22_jpeg_jpg.rf.0fee4ef62f028e322cba320efa822d1b,train
patok_v2,train,seatbeltselfie22_jpeg_jpg.rf.13125c25910472f45ddec690b11cff69,train
patok_v2,train,seatbeltselfie22_jpeg_jpg.rf.8609b83ba7e5b5a0ec74af19d84bd6b8,train
patok_v2,train,seatbeltselfie22_jpeg_jpg.rf.aa329739456044b68c9dc9839e080e53,train
patok_v2,train,seatbeltselfie23_jpeg_jpg.rf.1da9c2355ac072f56223695fcfb129a3,train
patok_v2,train,seatbeltselfie23_jpeg_jpg.rf.67933590cc8aba77e2dfb1c79c7f58af,train
patok_v2,train,seatbeltselfie23_jpeg_jpg.rf.7ec4515c5787247ba683905bf03b1739,train
patok_v2,train,seatbeltselfie23_jpeg_jpg.rf.f1cf71f76a15bd615f3c6cf53bfc5b2f,train
patok_v2,train,seatbeltselfie24_jpeg_jpg.rf.e3004c3082a3cdf1d5eaa283dcd17e23,train
patok_v2,train,seatbeltselfie24_jpeg_jpg.rf.fcd6f06eb3dcc36b78dd75268711c458,train
patok_v2,train,seatbeltselfie25_jpeg_jpg.rf.0c5b5b34716ee1decaea0bd8d221186a,train
patok_v2,train,seatbeltselfie25_jpeg_jpg.rf.1b8a9761b006c8b8a15fd000af0cf45e,train
patok_v2,train,seatbeltselfie25_jpeg_jpg.rf.1f06b702a28f072420e2dcbb18998880,test
patok_v2,train,seatbeltselfie25_jpeg_jpg.rf.8ab3412dcfb39f78361398194b598499,train
patok_v2,train,seatbeltselfie26_jpeg_jpg.rf.1e2e8c28f6e678dea83564c1d49565c3,train
patok_v2,train,seatbeltselfie26_jpeg_jpg.rf.5a0f541b2f3290ec584b991fe87b9fe1,valid
patok_v2,train,seatbeltselfie28_jpeg_jpg.rf.4310c1a60d77509cd69dc7a014371efa,train
patok_v2,train,seatbeltselfie28_jpeg_jpg.rf.befffb0a009a3ff93c6b9fc0005bcd34,train
patok_v2,train,seatbeltselfie30_jpeg_jpg.rf.49b5008f3ac71e64f28777846fb45aac,valid
patok_v2,train,seatbeltselfie30_jpeg_jpg.rf.e02bf272643541f3650c5cbae1cda69d,train
patok_v2,train,seatbeltselfie31_jpeg_jpg.rf.2cb6033aaa217145030a56f63dc612db,train
patok_v2,train,seatbeltselfie31_jpeg_jpg.rf.99df5d1d97165f29a1f978cbeb1ebbe0,train
patok_v2,train,seatbeltselfie32_jpeg_jpg.rf.098dea5e4b171d01a9f3c162b44d58aa,train
patok_v2,train,seatbeltselfie32_jpeg_jpg.rf.318c289b9690c86691134da29781c06a,train
patok_v2,train,seatbeltselfie33_jpeg_jpg.rf.9de20498131f3856f09773ea8b7ff0eb,train
patok_v2,train,seatbeltselfie33_jpeg_jpg.rf.b8bbb8f8e96fdb637fca37d960c3341d,valid
patok_v2,train,seatbeltselfie33_jpeg_jpg.rf.ddb5bcf20d180f8d3ee53dc12d27ec47,train
patok_v2,train,seatbeltselfie33_jpeg_jpg.rf.ea610e5580c9f9071ac4769b616e69f7,train
patok_v2,train,seatbeltselfie37_jpeg_jpg.rf.3a239aa2f28cde87645d191a14654618,train
patok_v2,train,seatbeltselfie37_jpeg_jpg.rf.4101fffe1586202a087eede75c9c7804,train
patok_v2,train,seatbeltselfie37_jpeg_jpg.rf.8740d1ce105afb4c9efd3e7bcaba8d50,train
patok_v2,train,seatbeltselfie37_jpeg_jpg.rf.eb3590d0a9ae24277a9b4a78592b61bd,train
patok_v2,train,seatbeltselfie38_jpeg_jpg.rf.44177bef941595b4f8402a79162e436f,train
patok_v2,train,seatbeltselfie38_jpeg_jpg.rf.e52ec090e7f6b321e09810fcdeb8556a,test
patok_v2,train,seatbeltselfie3_jpeg_jpg.rf.652064a3ce5fdf4cced6c767ae225974,train
patok_v2,train,seatbeltselfie3_jpeg_jpg.rf.6f268089c6d64d2879c01f4c84340a63,train
patok_v2,train,seatbeltselfie3_jpeg_jpg.rf.8e36aacb13be1931259b78ff8f90132b,train
patok_v2,train,seatbeltselfie3_jpeg_jpg.rf.b08d86ca34524855ebee60bb6f8b6638,train
patok_v2,train,seatbeltselfie40_jpeg_jpg.rf.90ae6958ebe30a1e6e135acbf4ade1a3,train
patok_v2,train,seatbeltselfie40_jpeg_jpg.rf.968b2ca0798ec3245c2602209b2f402c,test
patok_v2,train,seatbeltselfie41_jpeg_jpg.rf.1e8e804a1f7431569212bf42008683cb,train
patok_v2,train,seatbeltselfie41_jpeg_jpg.rf.66725a0f6ad9d8fad097ce152ab0fba8,valid
patok_v2,train,seatbeltselfie41_jpeg_jpg.rf.95e35cefdc0cf908652f5478ef5c662c,train
patok_v2,train,seatbeltselfie41_jpeg_jpg.rf.bae3b5496f0683a366f07c3d282a9927,valid
patok_v2,train,seatbeltselfie44_jpeg_jpg.rf.0ad00d7f15982db3a1b2810591713cfe,train
patok_v2,train,seatbeltselfie44_jpeg_jpg.rf.3806eb28f01adb64a3d97963e1d05ebb,train
patok_v2,train,seatbeltselfie44_jpeg_jpg.rf.3f86f5cdda658fe31238ff7370c72563,train
patok_v2,train,seatbeltselfie44_jpeg_jpg.rf.6abcf2e0c7bc77151f0614feab2dbe64,train
patok_v2,train,seatbeltselfie45_jpeg_jpg.rf.7c996b6c3bf2cb0571e7da467a30dfd8,train
patok_v2,train,seatbeltselfie45_jpeg_jpg.rf.e7ac5a4259de85c7463b75649a4d6e16,train
patok_v2,train,seatbeltselfie46_jpeg_jpg.rf.2f3c95dd4e7e71282b3c012e7820c2a9,test
patok_v2,train,seatbeltselfie46_jpeg_jpg.rf.4d84be10f68629ad3898628c922092c5,test
patok_v2,train,seatbeltselfie46_jpeg_jpg.rf.afefca7b4627a7af08ac3ec86f21c869,train
patok_v2,train,seatbeltselfie46_jpeg_jpg.rf.f976e1d65523b81f397598c285cb2657,valid
patok_v2,train,seatbeltselfie47_jpeg_jpg.rf.a158abdff834ec86073a054c407768e9,valid
patok_v2,train,seatbeltselfie47_jpeg_jpg.rf.a5eb958b9af35b524c214f7683a2e865,train
patok_v2,train,seatbeltselfie50_jpeg_jpg.rf.7c383b759ee547bb1af8b9d7187348e8,train
patok_v2,train,seatbeltselfie50_jpeg_jpg.rf.fa15fc323cbfe8b98dd27f24a8cc0f0b,train
patok_v2,train,seatbeltselfie55_jpeg_jpg.rf.084dcbae721a1be1522ca5f29cda0027,train
patok_v2,train,seatbeltselfie55_jpeg_jpg.rf.5e42072ab423e179a0a8216e545bdef5,valid
patok_v2,train,seatbeltselfie5_jpeg_jpg.rf.4dd8a5c41cd4d15019454b781a15003d,train
patok_v2,train,seatbeltselfie5_jpeg_jpg.rf.9ba2a88bcb835a81d0a4332f1938932f,test
patok_v2,train,seatbeltselfie5_jpeg_jpg.rf.a94a98754edc37f6e2fd849940bc3fcf,train
patok_v2,train,seatbeltselfie5_jpeg_jpg.rf.cb65838d93f01d166593fc83afffa86c,test
patok_v2,train,seatbeltselfie60_jpeg_jpg.rf.4644267cbd0c65ed6b2d23b5722f93bc,train
patok_v2,train,seatbeltselfie60_jpeg_jpg.rf.5c257827b931b4b4302108425e05ac97,train
patok_v2,train,seatbeltselfie63_jpeg_jpg.rf.3daf1d4b5d02f809bb937801cc6ce492,train
patok_v2,train,seatbeltselfie63_jpeg_jpg.rf.db2240142c1303da8238e6acd88b3eda,train
patok_v2,train,seatbeltselfie82_jpeg_jpg.rf.715572d889894ebe8fcbb5eb475acb84,train
patok_v2,train,seatbeltselfie82_jpeg_jpg.rf.b08d28d0645f65ff2123a8c0fab0fcda,train
patok_v2,train,seatbeltselfie82_jpeg_jpg.rf.d820555476b47a42a4d23b9e8acf9bbe,train
patok_v2,train,seatbeltselfie82_jpeg_jpg.rf.fb3b7b8de89475616bfd708383fa197e,train
patok_v2,train,seatbeltselfie85_jpeg_jpg.rf.17edaae9f519ce074c05c604393736e4,train
patok_v2,train,seatbeltselfie85_jpeg_jpg.rf.2bb8b9f7ad36af96bade39e29c91ea5c,train
patok_v2,train,seatbeltselfie85_jpeg_jpg.rf.520c4b50733eb0c49027653e2d674b07,train
patok_v2,train,seatbeltselfie85_jpeg_jpg.rf.632b01126ae55cf895ec6141818f8754,train
patok_v2,train,seatbeltselfie85_jpeg_jpg.rf.b8738e0057e7be64802dcb5999f03b78,train
patok_v2,train,seatbeltselfie85_jpeg_jpg.rf.e49f7af4308e584a280521cacea0e1b0,train
patok_v2,train,seatbeltselfie8_jpeg_jpg.rf.2b2cfa09475338b3634efd4c6751b899,train
patok_v2,train,seatbeltselfie8_jpeg_jpg.rf.58b6a21fb36c171d1af94ea2357bab8e,train
patok_v2,train,seatbeltselfie8_jpeg_jpg.rf.6a317e1dfc8f26cc43fb746822ac43ea,train
patok_v2,train,seatbeltselfie8_jpeg_jpg.rf.929f6027bdcdccfcd42226be32741760,train
patok_v2,train,seatbeltselfie96_jpeg_jpg.rf.3822fc5f2502f01285f6bd9a3260c047,train
patok_v2,train,seatbeltselfie96_jpeg_jpg.rf.8e8ed79e4e6a5f582454e11dd07a540d,train
patok_v2,train,seatbeltselfie9_jpeg_jpg.rf.1ca2a42a6fae10ea69ddb776f6b5bfb5,train
patok_v2,train,seatbeltselfie9_jpeg_jpg.rf.8ea4be6ee1bcfb3503f8b921c81cad92,train
patok_v2,train,seatbeltselfie9_jpeg_jpg.rf.b889c1883d908f934d75b718bc19eb04,train
patok_v2,train,seatbeltselfie9_jpeg_jpg.rf.e2da8bd7b7e7cb3de3b1fe386f3bb967,valid
patok_v2,train,selfieincar100_jpeg_jpg.rf.22420d2f3764fffe44f09cbbe442230b,train
patok_v2,train,selfieincar100_jpeg_jpg.rf.a0f4d67c0d55e5093240b282166b5f26,test
patok_v2,train,selfieincar100_jpeg_jpg.rf.b7d434b24c974fceb0fe0a4abd5d9288,train
patok_v2,train,selfieincar100_jpeg_jpg.rf.cbd8eac9edb97125baf8deaabf5dcc1d,test
patok_v2,train,selfieincar101_jpeg_jpg.rf.94e1bb072bb858534ae5acbba21affbf,train
patok_v2,train,selfieincar101_jpeg_jpg.rf.b0a9f999086b0b7c5620e5d4ab034080,train
patok_v2,train,selfieincar103_jpeg_jpg.rf.0ec04ec8ffcbdea28ef029f8212dbbe5,train
patok_v2,train,selfieincar103_jpeg_jpg.rf.489a050dafd2997c43f010b20bf2a8fb,train
patok_v2,train,selfieincar103_jpeg_jpg.rf.b9bf19e71efba2486779c8052072cc4b,train
patok_v2,train,selfieincar103_jpeg_jpg.rf.bc2d8493ffb35ed6d7579b24edda4b29,train
patok_v2,train,selfieincar103_jpeg_jpg.rf.ca41f1bb2c62bd1879dae7d6e16c2e57,train
patok_v2,train,selfieincar103_jpeg_jpg.rf.db05e10f7a0cc4ef67e88b3a3a5019d3,train
patok_v2,train,selfieincar104_jpeg_jpg.rf.5d72d70928ac52322f87119948c5aa03,valid
patok_v2,train,selfieincar104_jpeg_jpg.rf.6319de0e4ec06bae69d044e8b1bf6847,train
patok_v2,train,selfieincar106_jpeg_jpg.rf.9d77110615f896ecf65d67333eb19c5c,test
patok_v2,train,selfieincar106_jpeg_jpg.rf.a7ab0697468bd2bbd81f1fc89c06ee60,train
patok_v2,train,selfieincar109_jpeg_jpg.rf.8439bbfd282bbd770a13fcdc616b5c10,test
patok_v2,train,selfieincar109_jpeg_jpg.rf.f8add2769df29a5ebb870b9d91ab26c3,train
patok_v2,train,selfieincar10_jpeg_jpg.rf.5247ebf6f348a59c6abdfeefc3e9fb31,train
patok_v2,train,selfieincar10_jpeg_jpg.rf.5f3b57d18c1c381915f6c029ea20ced4,train
patok_v2,train,selfieincar10_jpeg_jpg.rf.6192c3a815e88dd6ceac3af800c7bed3,train
patok_v2,train,selfieincar10_jpeg_jpg.rf.6e1febc74e9a9653600266a4cbe21efd,train
patok_v2,train,selfieincar10_jpeg_jpg.rf.9c76aba940be4aa5daf20d64fa3dfe1f,train
patok_v2,train,selfieincar10_jpeg_jpg.rf.acb2a4f5ab6fff6684e8bbcb1d82dd8a,train
patok_v2,train,selfieincar112_jpeg_jpg.rf.2d19f749f8a00db74e64ea5ba2825592,train
patok_v2,train,selfieincar112_jpeg_jpg.rf.2d242270ba7aca57a6f5d41bc2264b4d,train
patok_v2,train,selfieincar113_jpeg_jpg.rf.23a80c873b9fcedc486d34ea4f5470be,train
patok_v2,train,selfieincar113_jpeg_jpg.rf.31cd77830f35d36c1ad626d7371ed8d8,train
patok_v2,train,selfieincar113_jpeg_jpg.rf.56d8096b367f5f865784ddbbcd8592a5,train
patok_v2,train,selfieincar113_jpeg_jpg.rf.7c3accbdbde60c79f15cad35f799eb06,train
patok_v2,train,selfieincar113_jpeg_jpg.rf.839c35a694d85754f4581f4f4e3086cd,test
patok_v2,train,selfieincar113_jpeg_jpg.rf.be2ff25c5fb59fdccd631bd655b47820,test
patok_v2,train,selfieincar118_jpeg_jpg.rf.50e5748fc3120b8a04febc76bb9c1688,train
patok_v2,train,selfieincar118_jpeg_jpg.rf.552d497c60c51bae2f4c666a444d393d,train
patok_v2,train,selfieincar118_jpeg_jpg.rf.84aca2fd4d2c68775581ffb934141351,train
patok_v2,train,selfieincar118_jpeg_jpg.rf.a942896a23e09bf717e8d5d861729d7f,train
patok_v2,train,selfieincar118_jpeg_jpg.rf.ac59c407e974ca00b792e0a572e2bd4d,train
patok_v2,train,selfieincar118_jpeg_jpg.rf.dff5a05a341cef4283873ffb7ed45ab7,train
patok_v2,train,selfieincar119_jpeg_jpg.rf.a5ce977866ad5c0acba42e86e968d8fb,train
patok_v2,train,selfieincar119_jpeg_jpg.rf.b63071b2e03c8e9f3ee05bb1b9c191f2,train
patok_v2,train,selfieincar119_jpeg_jpg.rf.c8ae36a5f144e7503ef86ff69d22953d,train
patok_v2,train,selfieincar119_jpeg_jpg.rf.d62165dad525d08b0f7eb12fd05aa75b,train
patok_v2,train,selfieincar11_jpeg_jpg.rf.1f12d24ddb2b5d4f4a16db5df6a4ff21,train
patok_v2,train,selfieincar11_jpeg_jpg.rf.dfa2167ea0c4267164343b0eb3e2fb93,train
patok_v2,train,selfieincar120_jpeg_jpg.rf.8790cb7c6506f27fecc289e06f92d5ed,train
patok_v2,train,selfieincar120_jpeg_jpg.rf.e0d6123cd1b3e43f12baabcce2e42a29,valid
patok_v2,train,selfieincar126_jpeg_jpg.rf.ff4b18a8cadac5a0e10633c28aa3375f,valid
patok_v2,train,selfieincar126_jpeg_jpg.rf.ffad44b1b5e081a53d58229fdf32893a,valid
patok_v2,train,selfieincar130_jpeg_jpg.rf.320078a5d717da51c9f2c4468c30602b,train
patok_v2,train,selfieincar130_jpeg_jpg.rf.e7314b7e70d8127869b058e55cd13413,train
patok_v2,train,selfieincar132_jpeg_jpg.rf.00552e34f88f181d2f72fc1c139701b3,train
patok_v2,train,selfieincar132_jpeg_jpg.rf.bd9675d797601165a89a80d34373a7ce,train
patok_v2,train,selfieincar132_jpeg_jpg.rf.c4fad2ddbe630bab30827921efd41ebc,train
patok_v2,train,selfieincar132_jpeg_jpg.rf.ff82a679cee8cbc76dcb11880621b883,valid
patok_v2,train,selfieincar13_jpeg_jpg.rf.3009061f37197cc8054b667e2764d5b8,train
patok_v2,train,selfieincar13_jpeg_jpg.rf.b0418095db81a4240c888afd6b223116,train
patok_v2,train,selfieincar142_jpeg_jpg.rf.217cb84dffdeced9c45e3cbfd7c89334,train
patok_v2,train,selfieincar142_jpeg_jpg.rf.3947e55dc94faaf0a0dde55505081ea1,train
patok_v2,train,selfieincar142_jpeg_jpg.rf.c6716121f88646f48ae8543340d0de68,train
patok_v2,train,selfieincar142_jpeg_jpg.rf.e543ff4a64da81414ffc73bc9ba0f2f6,train
patok_v2,train,selfieincar151_jpeg_jpg.rf.22bf99f8164362ae86300bd7e8341677,train
patok_v2,train,selfieincar151_jpeg_jpg.rf.2e8c39c11a92a39cc014d997818b4bbe,test
patok_v2,train,selfieincar151_jpeg_jpg.rf.41c5dbaac5da7b03e82358cc384bd677,train
patok_v2,train,selfieincar151_jpeg_jpg.rf.43c24079adb6127a554586f219cb24d4,train
patok_v2,train,selfieincar151_jpeg_jpg.rf.7f4682fb842576538700447bedeb2f50,test
patok_v2,train,selfieincar151_jpeg_jpg.rf.bdf90670b70e3112bc038fbac2f3727d,train
patok_v2,train,selfieincar151_jpeg_jpg.rf.de340d8a055d110d02d0186c2b70090c,train
patok_v2,train,selfieincar151_jpeg_jpg.rf.fce90e01ba92378ddb2a88183111c37c,valid
patok_v2,train,selfieincar152_jpeg_jpg.rf.3b1d0a1667e44f4e2018e25de096f20c,train
patok_v2,train,selfieincar152_jpeg_jpg.rf.e0c0b568ad470ee84512165a79ff5cf0,train
patok_v2,train,selfieincar159_jpeg_jpg.rf.00f6348fe12d09443445776ec9157801,train
patok_v2,train,selfieincar159_jpeg_jpg.rf.694ef666a92a6d700031febb243b3188,train
patok_v2,train,selfieincar159_jpeg_jpg.rf.84d5f34dbcbc41890f5ad1d9a5bd7924,test
patok_v2,train,selfieincar159_jpeg_jpg.rf.ada0921cbbbc34954223a3052652a138,train
patok_v2,train,selfieincar15_jpeg_jpg.rf.9e4f4d45ff18660569d6c75ebcd6a4d8,train
patok_v2,train,selfieincar15_jpeg_jpg.rf.b272f445e3ed287b7cf87a0fea0d2d07,train
patok_v2,train,selfieincar15_jpeg_jpg.rf.d5030385f05b38342e1d479f464d68ac,train
patok_v2,train,selfieincar15_jpeg_jpg.rf.e4711114c80fdde033d0759f47f7e401,train
patok_v2,train,selfieincar160_jpeg_jpg.rf.2a3c34cd80863fcc603579c438f71229,train
patok_v2,train,selfieincar160_jpeg_jpg.rf.c012246b70793d0c5e9af8fcd38d272e,train
patok_v2,train,selfieincar161_jpeg_jpg.rf.90d861c4020b20a915dee03529b6e594,train
patok_v2,train,selfieincar161_jpeg_jpg.rf.a2519d1980eb8519d41ead01987895c6,train
patok_v2,train,selfieincar161_jpeg_jpg.rf.bd2d36b7941ec013a1ded28f7d50424b,train
patok_v2,train,selfieincar161_jpeg_jpg.rf.da60d845436b04ab849bac0134310242,train
patok_v2,train,selfieincar161_jpeg_jpg.rf.ef39da4738a596704adbd2cdf58c9e47,train
patok_v2,train,selfieincar161_jpeg_jpg.rf.f1b17345a6cfc180eb4a3fb3222fa310,valid
patok_v2,train,selfieincar163_jpeg_jpg.rf.041d0a7e888e33f5121a21c10f1cbb5d,train
patok_v2,train,selfieincar163_jpeg_jpg.rf.1d3258c29cea80e5365541cd738a5460,train
patok_v2,train,selfieincar163_jpeg_jpg.rf.7f4d03fdeba5c8bdd5d8d369f50e70a5,train
patok_v2,train,selfieincar163_jpeg_jpg.rf.98c82351c4d643bbfde9532a657930fb,train
patok_v2,train,selfieincar165_jpeg_jpg.rf.2d0696ffbbed8a6b027fff18bd5c95fc,train
patok_v2,train,selfieincar165_jpeg_jpg.rf.44f266c56f222f6fcbbba28be3a1ef9f,train
patok_v2,train,selfieincar165_jpeg_jpg.rf.8472e71abcca125c95d05d08956d1138,train
patok_v2,train,selfieincar165_jpeg_jpg.rf.d5884d6a0862dfcab3701514e0454ace,valid
patok_v2,train,selfieincar166_jpeg_jpg.rf.85ad29cae80a037f9583b7f594bf1bd3,valid
patok_v2,train,selfieincar166_jpeg_jpg.rf.8a526bc13e63f1f48f72747a4c46a580,train
patok_v2,train,selfieincar166_jpeg_jpg.rf.a07da4c2b128368de2788e495498ae4a,train
patok_v2,train,selfieincar166_jpeg_jpg.rf.f0d5b2118f569f8a1f69de91bd08499a,train
patok_v2,train,selfieincar167_jpeg_jpg.rf.33699e6b299cdb5106945df578435084,train
patok_v2,train,selfieincar167_jpeg_jpg.rf.c75c25c38ad961ef7a51ccc804db4440,train
patok_v2,train,selfieincar168_jpeg_jpg.rf.4f252d04f944747c1a5181cca1028c38,train
patok_v2,train,selfieincar168_jpeg_jpg.rf.6cf72208fd4fb4967b04e36ccb443cf0,train
patok_v2,train,selfieincar168_jpeg_jpg.rf.9481d6394ee776e5bcaf54422849fa32,train
patok_v2,train,selfieincar168_jpeg_jpg.rf.f7179eb875c6091b6e62a3c3f0ca0e60,train
patok_v2,train,selfieincar169_jpeg_jpg.rf.01e0a2ddbeb7ed33822e7c75d65b1f96,train
patok_v2,train,selfieincar169_jpeg_jpg.rf.211970301d98272afe77e59dd8cd2a93,train
patok_v2,train,selfieincar169_jpeg_jpg.rf.43fab535a8c4be2e3d34c95c069ade78,train
patok_v2,train,selfieincar169_jpeg_jpg.rf.bc8051143a9f8b13832a85575f24226f,train
patok_v2,train,selfieincar176_jpeg_jpg.rf.117b825522c9a1653d75ad3b6dfdda20,train
patok_v2,train,selfieincar176_jpeg_jpg.rf.310635df632507ddfc48b6972bac3542,train
patok_v2,train,selfieincar179_jpeg_jpg.rf.7fdfafd44d267df8bc7d06d6f06fde18,train
patok_v2,train,selfieincar179_jpeg_jpg.rf.90750b7eb9fd22d61e0a4e8062091e12,train
patok_v2,train,selfieincar179_jpeg_jpg.rf.95a3fa4a0550a4016f0e00b35999e6b7,train
patok_v2,train,selfieincar179_jpeg_jpg.rf.b4a1b83eae160f93747278cd6b9d8ad0,train
patok_v2,train,selfieincar185_jpeg_jpg.rf.05fe3502bf48ab8c9e9f78eda53f1451,train
patok_v2,train,selfieincar185_jpeg_jpg.rf.3e97e6414166dd4a031b973f82b1174f,train
patok_v2,train,selfieincar185_jpeg_jpg.rf.a56b63bb30d37ffc70dcb6100b5ffc11,train
patok_v2,train,selfieincar185_jpeg_jpg.rf.c24d27793f449fd54aff85cd7b576f4b,test
patok_v2,train,selfieincar187_jpeg_jpg.rf.21552a85f8d86b075481401c75048615,train
patok_v2,train,selfieincar187_jpeg_jpg.rf.2673df462b5f2febc2b90275893d475a,train
patok_v2,train,selfieincar187_jpeg_jpg.rf.380b3ee5aa4ca06116131f24466adced,train
patok_v2,train,selfieincar187_jpeg_jpg.rf.720df846fc4ca49c8cec8266dd9e3251,test
patok_v2,train,selfieincar187_jpeg_jpg.rf.88f15a9511e7e0c746b8fdcdad80157f,train
patok_v2,train,selfieincar187_jpeg_jpg.rf.b99cd08584c00def8b08c529c5558744,train
patok_v2,train,selfieincar194_jpeg_jpg.rf.6ee840dbb29610eaf828cbf0f74d551a,train
patok_v2,train,selfieincar194_jpeg_jpg.rf.e457ba5eb68b91a01a72f71de00e9175,train
patok_v2,train,selfieincar197_jpeg_jpg.rf.6719ea96191dcfc7783734ec93cd8617,train
patok_v2,train,selfieincar197_jpeg_jpg.rf.d028eee44256fb4e77b85649df989f6c,train
patok_v2,train,selfieincar198_jpeg_jpg.rf.9a2df102e9acf472a261a18db64b58e5,valid
patok_v2,train,selfieincar198_jpeg_jpg.rf.e643d220e1d2445a62b9294a4d56054b,train
patok_v2,train,selfieincar1_jpeg_jpg.rf.02323d5ed7249b1ec22436f7d1b36a56,train
patok_v2,train,selfieincar1_jpeg_jpg.rf.1c948484d041054bbd3825214a134d1b,train
patok_v2,train,selfieincar1_jpeg_jpg.rf.46ad4c6ecd2251b43df117354bd594bc,train
patok_v2,train,selfieincar1_jpeg_jpg.rf.d57c4f5bd9e100bc74062cb13f66383d,train
patok_v2,train,selfieincar1_jpeg_jpg.rf.d75074bcb59374862f0674730f0f3e6c,train
patok_v2,train,selfieincar1_jpeg_jpg.rf.f1cbeece3696938017e1173121001c40,train
patok_v2,train,selfieincar23_jpeg_jpg.rf.2f87d2be02ff397adac13a05ef2bb5fe,train
patok_v2,train,selfieincar23_jpeg_jpg.rf.32c5f211bb7da3ec63d31fe06c65572b,train
patok_v2,train,selfieincar23_jpeg_jpg.rf.496593eb327dccb0e6ac233d57e61f53,train
patok_v2,train,selfieincar23_jpeg_jpg.rf.bc20b193bdd4f010f6a53432d6504f47,train
patok_v2,train,selfieincar25_jpeg_jpg.rf.188827c6fddee41eca0dae8294d565b8,test
patok_v2,train,selfieincar25_jpeg_jpg.rf.5e9fed56bed6bb8598a51daf52b11567,train
patok_v2,train,selfieincar25_jpeg_jpg.rf.832160da531cdeb5f868524733f18011,train
patok_v2,train,selfieincar25_jpeg_jpg.rf.a72a3c39b16fc0331971f02b3572649e,train
patok_v2,train,selfieincar27_jpeg_jpg.rf.a3bc620aa84062dfb9ec856c4c2bd1c9,train
patok_v2,train,selfieincar27_jpeg_jpg.rf.d483d39a033e203e87b735de35ff8f8c,train
patok_v2,train,selfieincar28_jpeg_jpg.rf.297e7a9b13f8064752861e5eca553198,train
patok_v2,train,selfieincar28_jpeg_jpg.rf.c76c3fee1894c36e3211add28faad234,train
patok_v2,train,selfieincar29_jpeg_jpg.rf.42c136a7c2e5577fc74a53efd72d7105,train
patok_v2,train,selfieincar29_jpeg_jpg.rf.a8b0d3ab19b5987971273c33637e3192,train
patok_v2,train,selfieincar2_jpeg_jpg.rf.6fa1b49abdb45f3facf487cab82e2380,train
patok_v2,train,selfieincar2_jpeg_jpg.rf.8dfb29278e64d3b81b0bd28ba3a3b8d3,train
patok_v2,train,selfieincar32_jpeg_jpg.rf.09606d6cf8e551e459776c42819766c3,train
patok_v2,train,selfieincar32_jpeg_jpg.rf.aa9ef109496a86aeaa42c33a428ef2d9,train
patok_v2,train,selfieincar33_jpeg_jpg.rf.3adf2161bcadd58cbb02529677f51dc6,train
patok_v2,train,selfieincar33_jpeg_jpg.rf.7e32ce70231629ef25d451c7b1cbd391,train
patok_v2,train,selfieincar33_jpeg_jpg.rf.81244ed0b7ffa91d9f2a83a8cc2febfe,test
patok_v2,train,selfieincar33_jpeg_jpg.rf.eedebbeae6981d57c36cb81e96bb6009,train
patok_v2,train,selfieincar34_jpeg_jpg.rf.1fd57643966b461aa2ef1e7dcef255b3,test
patok_v2,train,selfieincar34_jpeg_jpg.rf.2bd1a3c1114f16990d55bdf9353a956a,train
patok_v2,train,selfieincar34_jpeg_jpg.rf.3a049f00b1ffb93aeb629988a800155c,train
patok_v2,train,selfieincar34_jpeg_jpg.rf.71e10b6aa42e1165095bfe9a9d8c93fc,train
patok_v2,train,selfieincar36_jpeg_jpg.rf.1694003f2a86f6c3937d8cbdf17a8f1a,valid
patok_v2,train,selfieincar36_jpeg_jpg.rf.445785e268ddfe18be53cf6149c75d2a,valid
patok_v2,train,selfieincar36_jpeg_jpg.rf.824707383abc98021a7753891f547c0e,train
patok_v2,train,selfieincar36_jpeg_jpg.rf.a7849fa482acd059dc5c55a411248116,train
patok_v2,train,selfieincar3_jpeg_jpg.rf.06cba17253d74bda2c9c00e2ca3a8970,valid
patok_v2,train,selfieincar3_jpeg_jpg.rf.162accda107fd9a127493025685182f1,train
patok_v2,train,selfieincar3_jpeg_jpg.rf.ae98a179df202d3433f4f67c75efda62,train
patok_v2,train,selfieincar3_jpeg_jpg.rf.dab67f58ed7be8b1fd755c2f73ac2daa,test
patok_v2,train,selfieincar41_jpeg_jpg.rf.94e16a5fa396d3c790685dccf3985093,train
patok_v2,train,selfieincar41_jpeg_jpg.rf.caac73477898bec84c474134a8bf3fbd,train
patok_v2,train,selfieincar44_jpeg_jpg.rf.17ce5d2f44870f02a1198118c6c2067a,test
patok_v2,train,selfieincar44_jpeg_jpg.rf.22e437d6a90c323181b9fbddfc0bc45e,train
patok_v2,train,selfieincar44_jpeg_jpg.rf.7180b4567cbdaf86f08bb900e5dbe8e3,train
patok_v2,train,selfieincar44_jpeg_jpg.rf.a6a8b7bb285ec6ff1e379fe7a0e2a64e,train
patok_v2,train,selfieincar45_jpeg_jpg.rf.068742d88f24838c49b23fe8577f821e,train
patok_v2,train,selfieincar45_jpeg_jpg.rf.1aefa91b0787119f676423bf8039b3fd,train
patok_v2,train,selfieincar45_jpeg_jpg.rf.284f60e7f969da07c9d1f00c1bcd170a,train
patok_v2,train,selfieincar45_jpeg_jpg.rf.5448f1ad1d5eae462eb773095c3582aa,train
patok_v2,train,selfieincar48_jpeg_jpg.rf.0a632471c8d7f0165a8db4642298d53c,train
patok_v2,train,selfieincar48_jpeg_jpg.rf.a1b1a2fb31d6dcebbc97c0ea21594e8c,valid
patok_v2,train,selfieincar48_jpeg_jpg.rf.a23df1804328069d6bb7d5dbb1ec020c,train
patok_v2,train,selfieincar48_jpeg_jpg.rf.c2a5129f91f54cc302dae8616622c99b,train
patok_v2,train,selfieincar4_jpeg_jpg.rf.577fe4d06ce68362dcd550260d3606ee,train
patok_v2,train,selfieincar4_jpeg_jpg.rf.bf420fc19402c3f7961604f335ba3abe,train
patok_v2,train,selfieincar4_jpeg_jpg.rf.c3640eacab14cabd2ca973584264fb13,train
patok_v2,train,selfieincar4_jpeg_jpg.rf.e25a532422638032e6e6f9e107513586,test
patok_v2,train,selfieincar51_jpeg_jpg.rf.3ada8eafe7ca73fd8282d23875400a12,train
patok_v2,train,selfieincar51_jpeg_jpg.rf.a40cf7ea72aaca9fad6ab53faa1c762f,train
patok_v2,train,selfieincar52_jpeg_jpg.rf.2f1402b741d260fb666ece9a10e17320,train
patok_v2,train,selfieincar52_jpeg_jpg.rf.66e3a587ed785ac44c8dddbce044f360,train
patok_v2,train,selfieincar52_jpeg_jpg.rf.6848ba30bf04b740fe4d0def733fa07d,train
patok_v2,train,selfieincar52_jpeg_jpg.rf.688df31839d4fece77d6ba1936a39e87,train
patok_v2,train,selfieincar54_jpeg_jpg.rf.3a80a31f0c12477f64e17badacc2da29,valid
patok_v2,train,selfieincar54_jpeg_jpg.rf.5cbfe690eb54445bce2e207533f5bdaa,train
patok_v2,train,selfieincar54_jpeg_jpg.rf.6c4a600dce9cc800fc6b474f48604bad,test
patok_v2,train,selfieincar54_jpeg_jpg.rf.e6a755f92ec5836d2412ab1e8180aab6,train
patok_v2,train,selfieincar55_jpeg_jpg.rf.431710b6e83c74e6abef4aaa7a38b571,train
patok_v2,train,selfieincar55_jpeg_jpg.rf.9424a3b5d2cb6416b410e324bce48920,train
patok_v2,train,selfieincar59_jpeg_jpg.rf.18903ec4f156494fa735ae588e4f05e6,test
patok_v2,train,selfieincar59_jpeg_jpg.rf.3bb2e209059f3b9552207bb3e11ae07c,train
patok_v2,train,selfieincar59_jpeg_jpg.rf.3bd75fe4db95343649bc5e5ce51cd45a,train
patok_v2,train,selfieincar59_jpeg_jpg.rf.3ebfc00e471943c693de5904782e6f15,train
patok_v2,train,selfieincar59_jpeg_jpg.rf.863ed8936b83fabcb5914dc0b64aabf9,train
patok_v2,train,selfieincar59_jpeg_jpg.rf.f7b869a9154592141cc7c358ca6409c8,test
patok_v2,train,selfieincar61_jpeg_jpg.rf.3cc093a64dbb41057da3181cfd883a78,train
patok_v2,train,selfieincar61_jpeg_jpg.rf.5db5bba06b092ce0d2da26cf66565074,train
patok_v2,train,selfieincar66_jpeg_jpg.rf.295e04f319e45c22f5dcb637ef91aab4,valid
patok_v2,train,selfieincar66_jpeg_jpg.rf.38ff3bb8cecf84647cae0ff14911e123,train
patok_v2,train,selfieincar66_jpeg_jpg.rf.7c0f31f8f6826d16d1f824c28d7e2119,train
patok_v2,train,selfieincar66_jpeg_jpg.rf.a4c73b05b311448709104eae48106393,train
patok_v2,train,selfieincar67_jpeg_jpg.rf.29c60c8c1e9d77960af488b6c3f19daf,test
patok_v2,train,selfieincar67_jpeg_jpg.rf.4d1ac971f42b4dfb78f5ea652e97268c,train
patok_v2,train,selfieincar67_jpeg_jpg.rf.590813b84d178fba0a61754796518f71,train
patok_v2,train,selfieincar67_jpeg_jpg.rf.aad79bc7bb469949f08cdf2221477dbb,valid
patok_v2,train,selfieincar69_jpeg_jpg.rf.1899e3693aef21b80dbf52f4931f0f9c,train
patok_v2,train,selfieincar69_jpeg_jpg.rf.5d1860472302f6afe39f67824be0946e,train
patok_v2,train,selfieincar69_jpeg_jpg.rf.add6b62ef2a7b2e7af878d324b1d52b5,train
patok_v2,train,selfieincar69_jpeg_jpg.rf.b4730d2a324bd81dd195b45546c424ad,train
patok_v2,train,selfieincar72_jpeg_jpg.rf.036c0bda675c284931066d81a09a7d3c,train
patok_v2,train,selfieincar72_jpeg_jpg.rf.e2beec211471b47c8b273a353319897a,train
patok_v2,train,selfieincar74_jpeg_jpg.rf.19a2a089c8045d0f7d5a8a097c8c639b,train
patok_v2,train,selfieincar74_jpeg_jpg.rf.409517cb7c682d2aea3a0e07a24a537c,train
patok_v2,train,selfieincar76_jpeg_jpg.rf.0ccf8e82f43352f190a6b2b8fdc92f0f,valid
patok_v2,train,selfieincar76_jpeg_jpg.rf.a753d47a89a3cf1f6c631841a6a77ce3,train
patok_v2,train,selfieincar76_jpeg_jpg.rf.e36ee4de9cdf610c588fd3b2bba7dfc3,valid
patok_v2,train,selfieincar76_jpeg_jpg.rf.ff0bc2e1c5f5be32f591e8525bfe095e,train
patok_v2,train,selfieincar7_jpeg_jpg.rf.38b7f33a12666ead4e4e529808637dc7,test
patok_v2,train,selfieincar7_jpeg_jpg.rf.b6db79942f625c37fade159cb228972d,train
patok_v2,train,selfieincar82_jpeg_jpg.rf.65109d07212dac4c8e0620a4141fbc20,train
patok_v2,train,selfieincar82_jpeg_jpg.rf.848d5ca46eaa92bcc529833b5ae01576,test
patok_v2,train,selfieincar83_jpeg_jpg.rf.4a95468bcc971a30c4105d34abd6eec7,train
patok_v2,train,selfieincar83_jpeg_jpg.rf.dfb2c15c21aed68f041ea0d5e7044034,train
patok_v2,train,selfieincar85_jpeg_jpg.rf.0ef1f15a5e432e1cf3a32989b1ca4a3e,train
patok_v2,train,selfieincar85_jpeg_jpg.rf.3597fe0adf41b98399ce8ffe6c7c5f19,train
patok_v2,train,selfieincar87_jpeg_jpg.rf.254d3f8ec95a4a24abfebe86e1018a2e,train
patok_v2,train,selfieincar87_jpeg_jpg.rf.54b91e334df052e69084896f52041e13,train
patok_v2,train,selfieincar87_jpeg_jpg.rf.54f0cb0e30a17aeb44336f5eb938605c,train
patok_v2,train,selfieincar87_jpeg_jpg.rf.92cfb50542ec3f10d0cd7dc45dec339d,train
patok_v2,train,selfieincar87_jpeg_jpg.rf.9e16be956dc50f6687b608537c294f87,train
patok_v2,train,selfieincar87_jpeg_jpg.rf.bec8fff3d1bb18a447f06daf53ea0fa9,train
patok_v2,train,selfieincar87_jpeg_jpg.rf.d1f4ca9428a5c7ecba73f17fb9ff321b,train
patok_v2,train,selfieincar87_jpeg_jpg.rf.f04f917d9a4fc0c7399b7f8a0da7a479,train
patok_v2,train,selfieincar93_jpeg_jpg.rf.7e853f2c2d18daac2e4761912ec8fb26,train
patok_v2,train,selfieincar93_jpeg_jpg.rf.80a0fbe2d40fa6010f46717e1359ce3d,train
patok_v2,train,selfieincar93_jpeg_jpg.rf.88ee4df927142e79c05891cbcf406d80,train
patok_v2,train,selfieincar93_jpeg_jpg.rf.a5bf18fabbd23be694a1c97c99a3a1b1,test
patok_v2,train,selfieincar93_jpeg_jpg.rf.a9c6f810ff7192c9a91a91f999f1f427,valid
patok_v2,train,selfieincar93_jpeg_jpg.rf.b4065d676411ceb6be15a5632069c0c7,train
patok_v2,train,selfieincar93_jpeg_jpg.rf.c2270ff20bb8b460eeea0f410c433ff3,train
patok_v2,train,selfieincar93_jpeg_jpg.rf.e6ba9117d7f5d7fab09aca85252063df,test
patok_v2,train,selfieincar94_jpeg_jpg.rf.cf5b426bd895f080e6e064d68792e146,train
patok_v2,train,selfieincar94_jpeg_jpg.rf.d24461c56f15eb05470d7073b5ffb709,train
patok_v2,train,unsafedriver112_jpeg_jpg.rf.5988cb1b852f8030376c4ce966a71b8a,train
patok_v2,train,unsafedriver112_jpeg_jpg.rf.67002e9b1a28ded91ed85e11e11c6337,train
patok_v2,train,unsafedriver128_jpeg_jpg.rf.057ff52d9da14bc6220a796e16065aaa,train
patok_v2,train,unsafedriver128_jpeg_jpg.rf.b14e45c71c04301a6897dc2205300570,train
patok_v2,train,unsafedriver135_jpeg_jpg.rf.b102f7f2dde14b62dd908f592df733b4,valid
patok_v2,train,unsafedriver135_jpeg_jpg.rf.e307c5397a9339d6a2973fdb682f51b3,train
patok_v2,train,unsafedriver139_jpeg_jpg.rf.08637c7f5a150f5fcef5130fda93f412,train
patok_v2,train,unsafedriver139_jpeg_jpg.rf.0fcbcdcb06d078ab9483da2c2188f9c0,train
patok_v2,train,unsafedriver139_jpeg_jpg.rf.4884a7a20531ab7b4d9a63316fc0a535,train
patok_v2,train,unsafedriver139_jpeg_jpg.rf.93f04498f3fcb65f195aa3936aaa77b1,train
patok_v2,train,unsafedriver159_jpeg_jpg.rf.0b64087de67bac6baf531b9813d5daf7,train
patok_v2,train,unsafedriver159_jpeg_jpg.rf.544130068e2f42f1c2fe04b88df6cc51,train
patok_v2,train,unsafedriver159_jpeg_jpg.rf.d51c1f0d8ed73f1f96f444379b5316bd,valid
patok_v2,train,unsafedriver159_jpeg_jpg.rf.eeb319abd890dc99418c230892d2b37c,test
patok_v2,train,unsafedriver15_jpeg_jpg.rf.05ff093892577465a339371c489c6ae8,train
patok_v2,train,unsafedriver15_jpeg_jpg.rf.2706a2c5b71fdbb6084dc95d67059fd2,train
patok_v2,train,unsafedriver15_jpeg_jpg.rf.760cf0f4314b87979ebd32c42435bfe7,valid
patok_v2,train,unsafedriver15_jpeg_jpg.rf.9a826058ac8d941587af86e12e6389a4,train
patok_v2,train,unsafedriver188_jpeg_jpg.rf.8e33a3d79e62abd17cd137c31c274be4,train
patok_v2,train,unsafedriver188_jpeg_jpg.rf.e81698abed0e30ee04483da3daaa9529,train
patok_v2,train,unsafedriver190_jpeg_jpg.rf.11bb8fba445c2104c794adb038d0c2b2,train
patok_v2,train,unsafedriver190_jpeg_jpg.rf.c75204ac4e269e658e796fdde365675f,train
patok_v2,train,unsafedriver22_jpeg_jpg.rf.0fced592df65daa273087476cf82a8f0,test
patok_v2,train,unsafedriver22_jpeg_jpg.rf.710697c275061c24c5cc7d38e3b1bacc,train
patok_v2,train,unsafedriver22_jpeg_jpg.rf.9fa038d5a389044b24c0e4eedf27a3c0,train
patok_v2,train,unsafedriver22_jpeg_jpg.rf.d591a69891e43c6897c8b107abe0345a,train
patok_v2,train,unsafedriver28_jpeg_jpg.rf.9d0696c8d35b8db2243dca09c93a48b4,train
patok_v2,train,unsafedriver28_jpeg_jpg.rf.fda48e2767e0359cfe19becc1c63e2b3,train
patok_v2,train,unsafedriver3_jpeg_jpg.rf.25f8fbd9b413c3097c794cceb9db86e2,train
patok_v2,train,unsafedriver3_jpeg_jpg.rf.2b93e8855544f5de5877236113404e3e,train
patok_v2,train,unsafedriver43_jpeg_jpg.rf.478e67212f6a68008f490b1268a9b9f0,train
patok_v2,train,unsafedriver43_jpeg_jpg.rf.b98ca37c60bf5499adfb5bfa5b6593c7,train
patok_v2,train,unsafedriver43_jpeg_jpg.rf.db302c4fc23f9ba77d37da8c874c327a,train
patok_v2,train,unsafedriver43_jpeg_jpg.rf.e7d255b2368644ced74fa2cc5a5cd49f,train
patok_v2,train,unsafedriver44_jpeg_jpg.rf.0c1b057d857e5e9243d16614bed79261,train
patok_v2,train,unsafedriver44_jpeg_jpg.rf.e3ce56fa02d0ecb4b33ef9490378df47,train
patok_v2,train,unsafedriver5_jpeg_jpg.rf.1196f541ffde17f49fc0c837142d7778,train
patok_v2,train,unsafedriver5_jpeg_jpg.rf.1432f13f115c67bbd942eb73a53309d6,train
patok_v2,train,unsafedriver6_jpeg_jpg.rf.0c91720990f5374ee8bd522af4161aad,train
patok_v2,train,unsafedriver6_jpeg_jpg.rf.36e4a68aaa5f9d62b836cae0fc86eb9a,train
patok_v2,train,unsafedriver6_jpeg_jpg.rf.6e851f68c1ba5d8ab239c4bfe6aabda5,valid
patok_v2,train,unsafedriver6_jpeg_jpg.rf.ed8d4a9355cbffbb21f404557e60b9aa,train
patok_v2,train,unsafedriver72_jpeg_jpg.rf.86ee49ae7f12d825272ca8434b049170,valid
patok_v2,train,unsafedriver72_jpeg_jpg.rf.8ea840ce0b11c74ec1bab18850b2dbfc,test
patok_v2,train,unsafedriver81_jpeg_jpg.rf.138c400cab16d79aefb5cc69a7c205ac,train
patok_v2,train,unsafedriver81_jpeg_jpg.rf.97375c3d00292d457d7aea5679800ff1,train
patok_v2,train,unsafedriver81_jpeg_jpg.rf.d241aded31218baeb1be6cce16793f90,train
patok_v2,train,unsafedriver81_jpeg_jpg.rf.e534c2d8291f059f5065db8139dec576,train
patok_v2,train,unsafedriver86_jpeg_jpg.rf.7160e1bef42e140abbc6e354b36e3b8e,train
patok_v2,train,unsafedriver86_jpeg_jpg.rf.8c2534880d3d3e87f75cd570d0f67949,train
patok_v2,train,unsafedriver86_jpeg_jpg.rf.9915359bb6d86d8cdb8f05241a9180c8,train
patok_v2,train,unsafedriver86_jpeg_jpg.rf.be8b0a16f4fed92b7efcde54b0b9ccbb,train
patok_v2,train,unsafedriver8_jpeg_jpg.rf.1af83ed9ca346fc450561fd0dfc6e330,train
patok_v2,train,unsafedriver8_jpeg_jpg.rf.8987995eed0e6a861400f86832e5a3f6,train
patok_v2,train,unsafedriver8_jpeg_jpg.rf.8e1b82051cd3556c2140419ad74308d7,valid
patok_v2,train,unsafedriver8_jpeg_jpg.rf.f5024045bd887961e853c10925c8efb2,train
patok_v2,valid,cardriver112_jpeg_jpg.rf.0e169f8936105eb527e458fc2018034e,train
patok_v2,valid,cardriver112_jpeg_jpg.rf.21b0f51f1ab53537d270d377ed8bfbf1,train
patok_v2,valid,cardriver112_jpeg_jpg.rf.30d285c22ae8f773a350ba698c91b2be,train
patok_v2,valid,cardriver112_jpeg_jpg.rf.4c8e0d0bbe950602c1669a2cdcd82d25,train
patok_v2,valid,cardriver120_jpeg_jpg.rf.1bfc40afd355786be9e876e23e1bfae8,test
patok_v2,valid,cardriver120_jpeg_jpg.rf.212dd6e9329a4026140d9fb4ab9ebafc,train
patok_v2,valid,cardriver120_jpeg_jpg.rf.61a12c49869b2c690e2795e59ae5a787,test
patok_v2,valid,cardriver120_jpeg_jpg.rf.789d08d8f343bab557ed1c944e998490,train
patok_v2,valid,cardriver120_jpeg_jpg.rf.e53173b2afc2a6fd8e04b494cb1d2175,test
patok_v2,valid,cardriver120_jpeg_jpg.rf.e744e9a2f4b36f59ee1ea99e598a59b1,train
patok_v2,valid,cardriver131_jpeg_jpg.rf.4d7b3f212356754261adf460b73af727,train
patok_v2,valid,cardriver152_jpeg_jpg.rf.0e9d57cd1e4d7f16c58259b6588de4c3,valid
patok_v2,valid,cardriver152_jpeg_jpg.rf.ada3ecce48a413da1d80e00897cf9949,train
patok_v2,valid,cardriver162_jpeg_jpg.rf.17dc058140086bf7ac087bdbbeaa905d,valid
patok_v2,valid,cardriver162_jpeg_jpg.rf.dae36c39c035be2da994851dc5ac7cd5,train
patok_v2,valid,cardriver21_jpeg_jpg.rf.510837d8fbd06391dfefda4480be8831,valid
patok_v2,valid,cardriver3_jpeg_jpg.rf.5864957ccfee0ba6ceea0af337062e68,train
patok_v2,valid,cardriver3_jpeg_jpg.rf.67e5ff83825c39a8766700f2adc724ef,train
patok_v2,valid,cardriver3_jpeg_jpg.rf.e1cd7bb5ac9cd507ebbb3501c91cf3c6,train
patok_v2,valid,cardriver4_jpeg_jpg.rf.b5d8da42974c13347744ab6ba52f3d01,valid
patok_v2,valid,cardriver4_jpeg_jpg.rf.d7fe476635097ec5e7c09d8c6301e223,valid
patok_v2,valid,cardriver64_jpeg_jpg.rf.159479b86ee87c22c241734d0e1dfa31,train
patok_v2,valid,cardriver78_jpeg_jpg.rf.a52ef3c19ac4bdc3c92f258d7a105c11,train
patok_v2,valid,cardriver85_jpeg_jpg.rf.ebea51da9af4f4701c0ab87e1233af2b,train
patok_v2,valid,cardriver92_jpeg_jpg.rf.89979cee550882cd8270e660e66cc52b,test
patok_v2,valid,cardriver92_jpeg_jpg.rf.98487324266ffadc45be464afa15a21a,test
patok_v2,valid,cardriver92_jpeg_jpg.rf.a2fae8327bc99026041865b323b79758,valid
patok_v2,valid,cardriver92_jpeg_jpg.rf.d1af6481ec82f99374ebe7c049ead42a,valid
patok_v2,valid,carpassenger111_jpeg_jpg.rf.b738333c4e6e536d727a8eab95eb2fa8,train
patok_v2,valid,carpassenger112_jpeg_jpg.rf.a5b3a38ab291cf2f6c6bcac2e445ebf9,train
patok_v2,valid,carpassenger112_jpeg_jpg.rf.be5d3e2c34170cf76ca49056eb945987,train
patok_v2,valid,carpassenger112_jpeg_jpg.rf.d75b29f49b5099c8c78ee15e372262f3,train
patok_v2,valid,carpassenger112_jpeg_jpg.rf.fa232dc42e6da185bd4b6dc03ac02e2a,train
patok_v2,valid,carpassenger115_jpeg_jpg.rf.883923e59bb16f8c4c302eb0d159ecbd,train
patok_v2,valid,carpassenger116_jpeg_jpg.rf.2f7b9704f3ba5378a61eab26de005c03,train
patok_v2,valid,carpassenger116_jpeg_jpg.rf.8e8d8965e8c520d1ebc26d8df4430dba,train
patok_v2,valid,carpassenger116_jpeg_jpg.rf.e6f63d7366980fdbb16572fadfc5bef3,train
patok_v2,valid,carpassenger116_jpeg_jpg.rf.eb57c09370409533543d8340040e8da8,test
patok_v2,valid,carpassenger116_jpeg_jpg.rf.f8c63b1e2752e1b5f1c9bf60525f015e,train
patok_v2,valid,carpassenger117_jpeg_jpg.rf.1a0389ec295706fcff7e7996cd617138,valid
patok_v2,valid,carpassenger12_jpeg_jpg.rf.b7203d139d7b186f37ddce48090ca91d,train
patok_v2,valid,carpassenger137_jpeg_jpg.rf.01a2bc68a485775577ae82005508a649,train
patok_v2,valid,carpassenger137_jpeg_jpg.rf.6f50533c0b92a29660f0e04e71252f24,train
patok_v2,valid,carpassenger137_jpeg_jpg.rf.8fb9f4d64196748d827e830879a02cdc,train
patok_v2,valid,carpassenger143_jpeg_jpg.rf.af7f3cbdc0c6507eba549292e023a12c,train
patok_v2,valid,carpassenger148_jpeg_jpg.rf.a0108f3e909046177dd4004ba18e10fd,train
patok_v2,valid,carpassenger161_jpeg_jpg.rf.19f89b0526eab4e4cbccec248aa2e59c,train
patok_v2,valid,carpassenger162_jpeg_jpg.rf.46c0ce75aff83ae22b5db537a9488793,train
patok_v2,valid,carpassenger162_jpeg_jpg.rf.c3f471bbae1bbeb74038426abfee8684,train
patok_v2,valid,carpassenger163_jpeg_jpg.rf.ff8544ae88c45b9cfa9bba66fc5ebdd7,train
patok_v2,valid,carpassenger185_jpeg_jpg.rf.4fa237b6e5630c87c7c45210d103988e,train
patok_v2,valid,carpassenger185_jpeg_jpg.rf.92ac489eeb5acac1e041ea2e1b4a5edd,train
patok_v2,valid,carpassenger185_jpeg_jpg.rf.aeaa5e7c1c92d4410965eb0911b38ccf,train
patok_v2,valid,carpassenger185_jpeg_jpg.rf.c3e8a381e408501041cfd13e0babe35b,valid
patok_v2,valid,carpassenger185_jpeg_jpg.rf.fc7faf63ae93964acd930c6b118c8ae4,train
patok_v2,valid,carpassenger19_jpeg_jpg.rf.bb8c800a597b463f76edd62a08bc40df,train
patok_v2,valid,carpassenger22_jpeg_jpg.rf.e3eb3cc6dd0f2f0194df0bd71e8fd68e,train
patok_v2,valid,carpassenger25_jpeg_jpg.rf.fd132a9623d377cc40425fdf676f683b,train
patok_v2,valid,carpassenger32_jpeg_jpg.rf.a7a17b57f510b51f29d324cd6b391398,train
patok_v2,valid,carpassenger38_jpeg_jpg.rf.2cb3e75970570ffe3b73543f876a35a5,train
patok_v2,valid,carpassenger38_jpeg_jpg.rf.466769e810c75b3323d778f9e9a81848,train
patok_v2,valid,carpassenger38_jpeg_jpg.rf.b6deae51bc86615754a5f99e81a3af36,train
patok_v2,valid,carpassenger45_jpeg_jpg.rf.5b8002ecc8732a8be50dfb19f817b48d,train
patok_v2,valid,carpassenger45_jpeg_jpg.rf.8040c6d1fdbeb9cbece07e9327108194,train
patok_v2,valid,carpassenger45_jpeg_jpg.rf.bebd276726c5a9e8b474db61a0d87c36,train
patok_v2,valid,carpassenger45_jpeg_jpg.rf.db50880ad16010fe6dae0d551c0fb11f,train
patok_v2,valid,carpassenger50_jpeg_jpg.rf.6ba3908b2a1c1443d9db4afb4b1a501e,train
patok_v2,valid,carpassenger50_jpeg_jpg.rf.9d6e177ab9f54155fdc5836318b5e569,valid
patok_v2,valid,carpassenger62_jpeg_jpg.rf.a81030b851553186a1384e2051c73747,train
patok_v2,valid,carpassenger68_jpeg_jpg.rf.fbd7e146381da33abd09c3db374978eb,train
patok_v2,valid,carpassenger72_jpeg_jpg.rf.0f2a190110710a00d8ce526fe4a00556,train
patok_v2,valid,carpassenger75_jpeg_jpg.rf.567dcc55b03c600b62e0d856f6411c08,train
patok_v2,valid,carpassenger75_jpeg_jpg.rf.8c341cc755675d29436accbf55b8fa71,train
patok_v2,valid,carpassenger75_jpeg_jpg.rf.98b46dee5b3b9dc8470702565c42540b,train
patok_v2,valid,carpassenger75_jpeg_jpg.rf.b61b7442ae08878c702254723ff3fb50,train
patok_v2,valid,carpassenger75_jpeg_jpg.rf.cb818e55333c94d9d012a6811a4590a5,test
patok_v2,valid,carpassenger80_jpeg_jpg.rf.2863d0a3e23950727097cedb20eb5ea7,train
patok_v2,valid,carpassenger80_jpeg_jpg.rf.2c92c81ea5b11d29ebb63a0bbcd90e24,train
patok_v2,valid,carpassenger84_jpeg_jpg.rf.43d7d4a1570ad492cd1c5112e7789ae9,train
patok_v2,valid,carpassenger84_jpeg_jpg.rf.51505b576929dd89d979d50e5c26700d,train
patok_v2,valid,carpassenger84_jpeg_jpg.rf.b832d36e407355efdc0ec5ae1cefbc72,train
patok_v2,valid,carpassenger84_jpeg_jpg.rf.da4f2515686751a2fcbd5f70f0fdf018,train
patok_v2,valid,carpassenger89_jpeg_jpg.rf.dbc90f21ae6942cdef7f056cd9066672,train
patok_v2,valid,carpassenger93_jpeg_jpg.rf.494da9f5a5db96c56248cabd7c503ce6,train
patok_v2,valid,carpassenger93_jpeg_jpg.rf.7276cb235eb724e85f9170f647096c29,train
patok_v2,valid,carpassenger93_jpeg_jpg.rf.99e45e7c680b5f1dc6d6521d7b48a50a,train
patok_v2,valid,carpassenger93_jpeg_jpg.rf.ef2fccd9f0e31de6bbb15c9c5ee32a6f,valid
patok_v2,valid,carpassenger97_jpeg_jpg.rf.85944f888c75cf15d3836c7239eac00c,train
patok_v2,valid,carpassenger9_jpeg_jpg.rf.568262208929492c48ca86b9a04a6b2d,train
patok_v2,valid,distracteddriver103_jpeg_jpg.rf.1e63db36a297cb3b2beafe0a45ac0213,train
patok_v2,valid,distracteddriver103_jpeg_jpg.rf.e80ecf8300305a9e86a0926ae300fe13,train
patok_v2,valid,distracteddriver132_jpeg_jpg.rf.659ec783192fdaa3e901cad08e366b90,train
patok_v2,valid,distracteddriver149_jpeg_jpg.rf.0ebef6072fa7984b75b8bbcb69436f52,train
patok_v2,valid,distracteddriver149_jpeg_jpg.rf.aba41a5026c2c31bd530324912218129,train
patok_v2,valid,distracteddriver149_jpeg_jpg.rf.c9e6c2e4c5af1611509c65b0d5c7ee15,train
patok_v2,valid,distracteddriver150_jpeg_jpg.rf.0a3586571e4ff05f4fa3a1fb5e77e5f9,train
patok_v2,valid,distracteddriver151_jpeg_jpg.rf.78a15400faba9c119ad711c6ccb71fe3,train
patok_v2,valid,distracteddriver162_jpeg_jpg.rf.b26083da097b5dd3ec045f9d5db410d3,train
patok_v2,valid,distracteddriver162_jpeg_jpg.rf.db40fe93751468b36701054d54d025f7,train
patok_v2,valid,distracteddriver166_jpeg_jpg.rf.2c03809960a4e309139e2fa54febbc6f,train
patok_v2,valid,distracteddriver166_jpeg_jpg.rf.8728bf36c96e392516224919f6a16407,train
patok_v2,valid,distracteddriver166_jpeg_jpg.rf.ffceee30ec9bbc947644b4873e74aae7,valid
patok_v2,valid,distracteddriver3_png_jpg.rf.a5ec882a928b5be7ed3a95ed9fcc30c5,train
patok_v2,valid,distracteddriver3_png_jpg.rf.f8ff4eb49e289b44bdd3210b394f88a3,train
patok_v2,valid,distracteddriver42_jpeg_jpg.rf.2f52fd799fcb186f51fe1e263dbc14ad,train
patok_v2,valid,distracteddriver42_jpeg_jpg.rf.8ecd809ac9c50173cded9ea01f1f2ee6,train
patok_v2,valid,distracteddriver42_jpeg_jpg.rf.db789cace98065d8ac832fc8608449af,train
patok_v2,valid,distracteddriver46_jpeg_jpg.rf.25e61ab66df04cbb091578d9fdc420f8,train
patok_v2,valid,distracteddriver46_jpeg_jpg.rf.81180ca6a4792c082eda6f22bb825816,test
patok_v2,valid,distracteddriver51_jpeg_jpg.rf.900ea9b2b59eab6e1fdb5ca2b884eed8,train
patok_v2,valid,distracteddriver61_jpeg_jpg.rf.15cae8e2794a98465e0644fc79e8f6ca,test
patok_v2,valid,distracteddriver61_jpeg_jpg.rf.23cac1c99c6ac49f143d743319fd6b26,train
patok_v2,valid,distracteddriver61_jpeg_jpg.rf.6988cf5ecc22bf48536f377409288de1,train
patok_v2,valid,distracteddriver61_jpeg_jpg.rf.771df5f06d286d872ced746f90b6fa41,test
patok_v2,valid,distracteddriver61_jpeg_jpg.rf.851f68563e91559d47ca580e338446ac,train
patok_v2,valid,distracteddriver61_jpeg_jpg.rf.9a610e4666b197f1b8be403f2e51473c,train
patok_v2,valid,distracteddriver74_jpeg_jpg.rf.1e9c7e546ad01bc920ab95007da0c742,train
patok_v2,valid,distracteddriver74_jpeg_jpg.rf.45a44c1c777d4985192bcb5f009fd7dd,train
patok_v2,valid,distracteddriver74_jpeg_jpg.rf.4e1758b503870311e4a0660e833402d4,test
patok_v2,valid,distracteddriver74_jpeg_jpg.rf.7414f5a86dd97b4b5177d789273297bd,train
patok_v2,valid,frame0014_jpg.rf.acc8b1e04c893edbaccf61b8ecec30da,train
patok_v2,valid,frame0064_jpg.rf.8d43668d8a9b3c993a65109af7c62025,train
patok_v2,valid,frame0271_jpg.rf.340e8f0a6d706ad0eca065f4e32eb3eb,train
patok_v2,valid,frame0271_jpg.rf.d8af3e9efac123cedb912478d12f3634,train
patok_v2,valid,frame0322_jpg.rf.bf14cd3bbc0b89e0b048eba7b038e403,train
patok_v2,valid,frame0330_jpg.rf.a5cbd49c041451fae3e129ab77c048e7,train
patok_v2,valid,frame0410_jpg.rf.c69522749caace5dcb3be99fa3b7e04f,train
patok_v2,valid,frame0410_jpg.rf.e6d08647c06ac059b2f6a1dab583989e,train
patok_v2,valid,frame0430_jpg.rf.714d60a58d7de546b7b18de1acf58c01,train
patok_v2,valid,frame0440_jpg.rf.73d65835a9b8ebb9b06bcb26571e7541,train
patok_v2,valid,frame0538_jpg.rf.06a4c99528407b0970b08336afb40865,train
patok_v2,valid,frame0538_jpg.rf.4541652bd270c07f228edf2bbe8f2b74,valid
patok_v2,valid,frame0550_jpg.rf.abd032cf3b9f17d14f692bccf0d1e42e,train
patok_v2,valid,frame0550_jpg.rf.daa901bc8963ee136ba723cb7ca9ac9c,train
patok_v2,valid,frame0718_jpg.rf.30c33f98bdca821b0cf0327262dfb363,test
patok_v2,valid,frame10120_jpg.rf.15d29eb6315d79429d1a61312d80a45b,train
patok_v2,valid,frame10646_jpg.rf.7a6d55ae701008fdc56262bb853f509b,train
patok_v2,valid,frame1093_jpg.rf.59ba35e1ab66ca92b5ca5accee86848b,train
patok_v2,valid,frame11319_jpg.rf.3266dffcb7c927cec4c96b5cb666a7e4,train
patok_v2,valid,frame11319_jpg.rf.8132579fd2ca53b1567ccfbd43c12040,train
patok_v2,valid,frame13343_jpg.rf.14d8cfe547c283bb6a977535c58016a5,train
patok_v2,valid,frame13343_jpg.rf.f4df05863ff74a20e851758d353e4bbf,train
patok_v2,valid,frame13806_jpg.rf.354285ce25d378acb05b643957324198,train
patok_v2,valid,frame1402_jpg.rf.4b0d51c57747aac95798a8ddf5ed4815,train
patok_v2,valid,frame1402_jpg.rf.585e2d1eca7a4f741ffae69527ee22a4,train
patok_v2,valid,frame14478_jpg.rf.d3733340596243fcb703a6cd5123faa8,train
patok_v2,valid,frame14496_jpg.rf.677caf129c4155406b8387ddc99a2e8a,train
patok_v2,valid,frame14768_jpg.rf.1d540ff5bde0d47b154d8b4ba8a62871,valid
patok_v2,valid,frame15859_jpg.rf.66c771949d394d683a0ffe89a2cd5392,train
patok_v2,valid,frame15953_jpg.rf.cefda9291b1658cb386fc29f687cf637,train
patok_v2,valid,frame16029_jpg.rf.7e70188e24f6b423f70159f3f64d182f,train
patok_v2,valid,frame1604_jpg.rf.ca83f1021b40580ef83ffc0006c7efe5,train
patok_v2,valid,frame16886_jpg.rf.0ccb19f25f9d3bd50fa8c80684d8432f,train
patok_v2,valid,frame16886_jpg.rf.ed1e477a1c3008fbd471f9658c2e1238,train
patok_v2,valid,frame17832_jpg.rf.705615b1d0751d254c6854ef49c3fc5f,train
patok_v2,valid,frame17832_jpg.rf.896fd4fc272dc7621c460a45f6617c2e,train
patok_v2,valid,frame18891_jpg.rf.1322bf99eeee4ca37e3fe3bc57165b8e,train
patok_v2,valid,frame2000_jpg.rf.7b0a09cec4ef5dc3d50d7accb7591cae,train
patok_v2,valid,frame2172_jpg.rf.fdf07baf446c0a09a597e74dbe3ba18a,train
patok_v2,valid,frame3112_jpg.rf.5430c0d64ab1482ff8c70c3671731cb6,train
patok_v2,valid,frame3290_jpg.rf.234d09c8efecc2be816869aa4b9740ce,train
patok_v2,valid,frame3290_jpg.rf.6b90f424d17b8028e14b0d2449b07765,train
patok_v2,valid,frame3610_jpg.rf.4d99b8f700b06ad82284cb1f85ca6277,train
patok_v2,valid,frame3610_jpg.rf.5235d252e8bc57b8c408528fb7448246,train
patok_v2,valid,frame4669_jpg.rf.cde7264814112fe098e5c263737c20d1,train
patok_v2,valid,frame4803_jpg.rf.843a4736ef58f9a8ac4b73598b31d389,train
patok_v2,valid,frame4818_jpg.rf.3f0fe7d0778364bfdbb82c296325f6d2,train
patok_v2,valid,frame4910_jpg.rf.77ff385329a77e13263f5570ef6f37e9,train
patok_v2,valid,frame4956_jpg.rf.8d7a882e9dd957b1e85a31ed5febaebf,valid
patok_v2,valid,frame4956_jpg.rf.e0ef62cec426a764697e32eedbe9cbc5,train
patok_v2,valid,frame5028_jpg.rf.c43a93243a5cceb8b654ca09418d0fa6,train
patok_v2,valid,frame5632_jpg.rf.e505abe7caf0f52121827d640257b8d3,train
patok_v2,valid,frame5905_jpg.rf.0aa00e9f0d93c9daefed96656cecc27f,train
patok_v2,valid,frame5905_jpg.rf.85dd7b2899835ece714c83149ff6280c,train
patok_v2,valid,frame5966_jpg.rf.1de61afb10ae9a718e2a106a1356ecb7,test
patok_v2,valid,frame5966_jpg.rf.e126b11500555133abf68ce2c1a51e9b,train
patok_v2,valid,frame6046_jpg.rf.97284a13e4ac0485192d41a9a9710690,train
patok_v2,valid,frame7080_jpg.rf.73749ec01dfc90fc6998f426e7de918e,train
patok_v2,valid,frame7476_jpg.rf.7a0113d639a01758bacef9172f10b31d,train
patok_v2,valid,frame7752_jpg.rf.6c1495195a751b8d1507ce2dcfbf4ebe,train
patok_v2,valid,frame8027_jpg.rf.f0d0111c320ce63d334667319a3ebb8a,train
patok_v2,valid,frame8284_jpg.rf.29d47125c07d683a82874f82ee41938e,test
patok_v2,valid,frame8284_jpg.rf.a5b075d15a01de7edd969efbb9914755,train
patok_v2,valid,frame8323_jpg.rf.a61e7d6cb33824d906f545cc204f6a02,train
patok_v2,valid,frame8323_jpg.rf.a8cf90dd73dc70b4c4b6335dda103527,train
patok_v2,valid,frame8423_jpg.rf.6d666cacf13cd0919db64d7d800dab0e,train
patok_v2,valid,frame8526_jpg.rf.98675f6435170b28e7617ce1444df7ce,train
patok_v2,valid,frame8608_jpg.rf.01331d9f4a536d55bfe6f429bc8061b8,train
patok_v2,valid,frame9086_jpg.rf.56e5a2d5a5cdda8976a59d161c3bb59f,train
patok_v2,valid,frame9404_jpg.rf.05552c797fe0a8bddc382d8db229e5a1,train
patok_v2,valid,frameseatbelt_1_00000_jpg.rf.80b290be2c0df95af61b93805f8bd0c6,train
patok_v2,valid,frameseatbelt_1_00003_jpg.rf.e1cbd4435af99736ed8358768f4469a0,train
patok_v2,valid,frameseatbelt_1_00004_jpg.rf.bb96adfdbf1349cbf14157ecdb28ab0d,train
patok_v2,valid,frameseatbelt_1_00005_jpg.rf.c3da44f79839463b56c0c4a37da04758,train
patok_v2,valid,frameseatbelt_1_00009_jpg.rf.0d12ef699e1cae92c380b57d34568f79,train
patok_v2,valid,frameseatbelt_1_00012_jpg.rf.22fdd60c6f24deaf0e5b3dba36033872,train
patok_v2,valid,frameseatbelt_1_00016_jpg.rf.ef9cee20f903318a8339247a0621dba7,train
patok_v2,valid,frameseatbelt_2_00004_jpg.rf.a8647c10785070077616d4cca1c70215,train
patok_v2,valid,frameseatbelt_2_00009_jpg.rf.e843df81715c6beda4c0bb0dae18179b,valid
patok_v2,valid,frameseatbelt_2_00010_jpg.rf.e5733e4b9280f3b730d9e3b14d4bcc69,train
patok_v2,valid,frameseatbelt_2_00012_jpg.rf.a2aa011f001da91889e08d35c634e981,train
patok_v2,valid,frameseatbelt_2_00016_jpg.rf.5728993b2ef3b838efcb3b9e94710b13,train
patok_v2,valid,frameseatbelt_2_00023_jpg.rf.be61ce493059227103119d0ddc64cfee,train
patok_v2,valid,frameseatbelt_2_00024_jpg.rf.b3479daea18071f13e60f63a8993a794,train
patok_v2,valid,gambar-135_jpg.rf.28866fa03097aa1fe3ca6ff2d1bacfaa,train
patok_v2,valid,gambar-15_jpg.rf.87ffe87931a87e70d0541e72a8ff7cfa,train
patok_v2,valid,gambar-174_jpg.rf.84caecd33fa1644c88df541de0f49740,train
patok_v2,valid,gambar-202_jpg.rf.221f61105e5dda64f5f154790761f6bf,train
patok_v2,valid,gambar-208_jpg.rf.dcf8b7fa60d0b867f9e9be31ffd1a7c1,train
patok_v2,valid,gambar-225_jpg.rf.bc5da4adb73877da0947ed19d8610779,train
patok_v2,valid,gambar-22_jpg.rf.71046aa2774b6af7f273674b54ab2b60,train
patok_v2,valid,gambar-237_jpg.rf.9ff574213b266cdb96645baf4ca19157,train
patok_v2,valid,gambar-243_jpg.rf.978538e78582e78e7bfd94b6b45d2df6,train
patok_v2,valid,gambar-245_jpg.rf.e961e6b0707efe164cefa8080ffdc848,train
patok_v2,valid,gambar-253_jpg.rf.7370bdb3db80458951058ab329aa1223,train
patok_v2,valid,gambar-257_jpg.rf.32d55b9bd689cff2e90bc2e691ceaca5,train
patok_v2,valid,gambar-275_jpg.rf.991a47c2cfca2b5c05cd3629300df027,train
patok_v2,valid,gambar-289_jpg.rf.393b91cb8e72f3d9dcf9e01a4b724b8e,train
patok_v2,valid,gambar-309_jpg.rf.5531e452bd0792c8a0628e92441a5078,train
patok_v2,valid,gambar-333_jpg.rf.e905fc91a3a79dadf6b33f629eb07d2c,train
patok_v2,valid,gambar-369_jpg.rf.d83707b773c19bae9e94a01a33d5e15c,train
patok_v2,valid,gambar-37_jpg.rf.c79a03fd749061f7e5725241eeec882e,test
patok_v2,valid,gambar-393_jpg.rf.915fd15984b3cdc0ba169cb30ad8b497,train
patok_v2,valid,gambar-3_jpg.rf.c3d4c6069527a90fa616a27edc2ff4e3,train
patok_v2,valid,gambar-402_jpg.rf.bb280e386e5d263c7ea6a2bf18045066,train
patok_v2,valid,gambar-408_jpg.rf.d738c2cc15e51e850a2e112d48688399,train
patok_v2,valid,gambar-415_jpg.rf.80151bd494796c0d3f2eed4581ccf92d,train
patok_v2,valid,gambar-43_jpg.rf.7c5979e1c9705e0f7ad3816fb51e2674,valid
patok_v2,valid,gambar-501_jpg.rf.4c6df02bb6229e45b4268a4a9b328e6d,valid
patok_v2,valid,gambar-50_jpg.rf.c40bb1dcecb07351bf05025dafdc352e,train
patok_v2,valid,gambar-512_jpg.rf.68cfe95a5e3019153beafac20a1509c8,train
patok_v2,valid,gambar-519_jpg.rf.ac27d761dfacdebd59e502b86e7af839,train
patok_v2,valid,gambar-523_jpg.rf.a8c4dc8c71fe65bdf0fb34b2eb759826,test
patok_v2,valid,gambar-524_jpg.rf.1481f17036c811a09542a109e4d89afd,train
patok_v2,valid,gambar-528_jpg.rf.2046b2ccb772f90277f7614d45962934,train
patok_v2,valid,gambar-74_jpg.rf.646bf2b9a18a39f7ad3eba4da414aef7,train
patok_v2,valid,gambar-78_jpg.rf.bfed8893c766aa61be71d8e0fb53d082,train
patok_v2,valid,image-103_jpg.rf.1275f3eedef8cf63e19b3b06d2098417,train
patok_v2,valid,image-134_jpg.rf.23f2190d39f8380e081c24c0b0324a5e,train
patok_v2,valid,image-137_jpg.rf.62d71c570f73d473e9171a4a26133372,train
patok_v2,valid,image-171_jpg.rf.f950b863bfd357be66635856e098620e,train
patok_v2,valid,image-303_jpg.rf.731c01239b7f01fd1c6f94275e5bd4da,train
patok_v2,valid,image-310_jpg.rf.a24037f53e6aaf66239be802bb39fa1d,train
patok_v2,valid,image-319_jpg.rf.8088ed226c694ad88f38d41e564d00a4,train
patok_v2,valid,image-353_jpg.rf.7e1217d40ba6ee0f16fa7dacf03fd41d,train
patok_v2,valid,image-434_jpg.rf.3f9ffa7307a5f0c59ab98451f35ba46b,train
patok_v2,valid,image-44_jpg.rf.e0baaaa21a04bf237b785659280c3f3a,valid
patok_v2,valid,image-450_jpg.rf.dc7c9fffafe4cdb7ba9cfd4af3508e57,train
patok_v2,valid,image-534_jpg.rf.afbf2bf83c7610d6cb91b83432023ca2,train
patok_v2,valid,image-54_jpg.rf.a73314bc873faba37cdaba744f97b644,train
patok_v2,valid,image-57_jpg.rf.5a975d4532416f12a57e98f05d37c754,train
patok_v2,valid,image-82_jpg.rf.783df7884512d37ca96379c450c8caaa,test
patok_v2,valid,image-87_jpg.rf.9f6deda7cad8ab0a478a9028dd00b76c,train
patok_v2,valid,image000000_jpg.rf.07dba7cd729297df3f11981a651d9ef8,train
patok_v2,valid,image000000_jpg.rf.3d9bf1f4e0c98c69f74cdc39b820d806,train
patok_v2,valid,image000000_jpg.rf.3e229626ba8093f3e3e8e26c7ad3492d,valid
patok_v2,valid,image000001_jpg.rf.1022549f62d003e3d2d7a2e7abb541c1,valid
patok_v2,valid,image000001_jpg.rf.10411f6b42c50467f046ef156f77cd2e,train
patok_v2,valid,image000001_jpg.rf.51333ee36fdcf22195984101c1096411,valid
patok_v2,valid,image000001_jpg.rf.bff0be3b1cc411b9a61bdeb66656c2b6,train
patok_v2,valid,image000001_jpg.rf.ed1b3e3326633af3d68d1010246c250d,train
patok_v2,valid,image000002_jpg.rf.165bd6637746a878c51a522d742d90ac,train
patok_v2,valid,image000002_jpg.rf.fb201f7989be79b5b3bcab4615b0ebe5,train
patok_v2,valid,image100_png_jpg.rf.0ee36cd76c7809e4457f1efa5e37cb21,train
patok_v2,valid,image1265_png_jpg.rf.9d769b68c7a15c776a299eb3780b90a8,train
patok_v2,valid,image1282_png_jpg.rf.4b45c9fe38ebf0707a0b41e6836a702e,valid
patok_v2,valid,image1282_png_jpg.rf.95264616bd533a2442069b5d8d291bca,train
patok_v2,valid,image1292_png_jpg.rf.93d2064df49e533448a85e2e493134ef,valid
patok_v2,valid,image1295_png_jpg.rf.d461ef27343c397809e9ec05f365e077,valid
patok_v2,valid,image1312_png_jpg.rf.878e6aee66067ac6c9f059580d85b403,train
patok_v2,valid,image131_png_jpg.rf.1db529ad36828fd53b95cffd8e79b633,train
patok_v2,valid,image131_png_jpg.rf.29a806161bb1d640648a98920c383893,test
patok_v2,valid,image1328_png_jpg.rf.7a59a224cd79a03e5005e458183fe90c,test
patok_v2,valid,image1328_png_jpg.rf.c3a88f68fa81f0ca346ad1db578976c4,train
patok_v2,valid,image1663_png_jpg.rf.27fb0991079f596ebefbe2a983800bea,train
patok_v2,valid,image1663_png_jpg.rf.64959b118378b04c9f272151a85f6534,train
patok_v2,valid,image1719_png_jpg.rf.22df995cca1bbfe2eca01c19720bbfee,test
patok_v2,valid,image1720_png_jpg.rf.801036f8e0df6955945f155fa70f33cc,train
patok_v2,valid,image1723_png_jpg.rf.864ea753ce86d7a2db0c139c85d5cecd,train
patok_v2,valid,image1724_png_jpg.rf.d4f925ead2b652c603202c4211977d37,train
patok_v2,valid,image1734_png_jpg.rf.235209ffa1007dffc8bf007852c107df,train
patok_v2,valid,image1734_png_jpg.rf.8a6fa499b5b26feb3eb40338ae5cfd90,train
patok_v2,valid,image179_png_jpg.rf.0254e6a180f5765b71b229267625293f,valid
patok_v2,valid,image179_png_jpg.rf.de3c7e3c7bf62e37e5cb39f9500b0c11,train
patok_v2,valid,image1840_png_jpg.rf.c6d4db56f87830507ab05a4f9aafdaaa,valid
patok_v2,valid,image2026_png_jpg.rf.ad036412e8fbab5f539ca63db56aeb32,train
patok_v2,valid,image2026_png_jpg.rf.d11dc57eebd814fb827c84c66a12b62a,test
patok_v2,valid,image2027_png_jpg.rf.b5b2f0ab0cda1a375b52b28a3b17bdfc,train
patok_v2,valid,image2029_png_jpg.rf.9914c558905e889a2b49bbdda5e10b3d,train
patok_v2,valid,image215_png_jpg.rf.38f67e776e3429ac327b83a6a64cafb3,train
patok_v2,valid,image215_png_jpg.rf.ed7ba0ade9951bf20a1e9e23d3bf534a,test
patok_v2,valid,image234_png_jpg.rf.01cb004e34e3e5420863f632e2e0d05c,train
patok_v2,valid,image240_png_jpg.rf.9f1425e3385dbc31c0af550698173944,test
patok_v2,valid,image2436_png_jpg.rf.35a529b033460ceafc7efe85598085b9,train
patok_v2,valid,image2436_png_jpg.rf.8339534b615a9d2df12993748d556dd4,valid
patok_v2,valid,image2436_png_jpg.rf.9d94eafa8f48d8ed677ca559e783152c,train
patok_v2,valid,image2623_png_jpg.rf.1107bbddc0ca4e0b91259a6ce8ca2fad,train
patok_v2,valid,image2626_png_jpg.rf.9125d59c39848671f77aa76df4ff59f5,valid
patok_v2,valid,image2642_png_jpg.rf.18b41b264e2569d27b485867fda6feb1,train
patok_v2,valid,image2648_png_jpg.rf.fd9357c779c7cf9f51304069216bf500,train
patok_v2,valid,image291_png_jpg.rf.23ae9c36d997014a77ea3254a2069df0,train
patok_v2,valid,image291_png_jpg.rf.994aa7ba771b3eaaf36519623694594a,train
patok_v2,valid,image314_png_jpg.rf.282ce2db19bb10e8314934e438dd60e2,train
patok_v2,valid,image350_png_jpg.rf.f832b3773b45c6e348741a4ba3f589c6,train
patok_v2,valid,image352_png_jpg.rf.8569c906e4c19d3284fc77ba1281afe1,train
patok_v2,valid,image352_png_jpg.rf.9d11372ea0633407fb8b6fc710c03075,test
patok_v2,valid,image353_png_jpg.rf.7dd0af17283d219d7d591c10299e8a1e,test
patok_v2,valid,image363_png_jpg.rf.78d8cec0bb0b92a68b7a2b6b7de1ffbb,train
patok_v2,valid,image363_png_jpg.rf.c20f8748117447b3a4383b4f800b8df9,train
patok_v2,valid,image365_png_jpg.rf.9e0ba7408f32c649f558bd7ee78c6e1f,train
patok_v2,valid,image366_png_jpg.rf.8b2c52cf2233920d453d4200f0ee5663,train
patok_v2,valid,image418_png_jpg.rf.33878fcd562d24e36d1a3edd78c059ba,train
patok_v2,valid,image419_png_jpg.rf.1607c7d215791695210db44afa3e24d2,train
patok_v2,valid,image419_png_jpg.rf.feebccc96175638aa71bc6bbc3ca19f1,train
patok_v2,valid,image431_png_jpg.rf.072172d0984af89695d585317a7a90d1,train
patok_v2,valid,image440_png_jpg.rf.449cd56b629cfba0b7b8992ae9efec55,valid
patok_v2,valid,image493_png_jpg.rf.9ed25df670bb2c80e02e3f1ee7e30c9a,train
patok_v2,valid,image505_png_jpg.rf.8d7fc269f636ddd2c58332e96974b5e5,train
patok_v2,valid,image522_png_jpg.rf.5af4b5bf100c70e55f9801d46d87357c,train
patok_v2,valid,image531_png_jpg.rf.5924851308a5df21480b013576b12d8c,test
patok_v2,valid,image541_png_jpg.rf.2e8e5ebcbac117a0a645a18c9c0fec80,train
patok_v2,valid,image549_png_jpg.rf.491de48199a0b3d3af60b38340893c0c,test
patok_v2,valid,image549_png_jpg.rf.77dee8b9140ec738a93d70a16dc0913f,train
patok_v2,valid,image593_png_jpg.rf.89c46f09e08636b301bce1c84afa818e,train
patok_v2,valid,image597_png_jpg.rf.377a6c2e2eab65f651bd33e11b27227d,train
patok_v2,valid,image65_png_jpg.rf.8d0ac5d65c834c74e918b24e9c54248e,train
patok_v2,valid,image92_png_jpg.rf.2329dc626ee8e0a5998f06648ec4a7d6,train
patok_v2,valid,image94_png_jpg.rf.a2533587a8d570da97a3f8cfbf382a39,train
patok_v2,valid,image99_png_jpg.rf.0cd18ca9da5e76924edb781b612a063a,train
patok_v2,valid,n100_PNG_jpg.rf.5915fb8b0d3faebd1533531cfb24cae8,train
patok_v2,valid,n102_PNG_jpg.rf.60a27de25ac82796486d65a74671e427,train
patok_v2,valid,n107_PNG_jpg.rf.216cb5357fd8e996ee151c84d34f05e9,train
patok_v2,valid,n108_PNG_jpg.rf.b4359d15f638a6a8d7411d143fdac8c8,train
patok_v2,valid,n111_PNG_jpg.rf.e1b7481a942abbee3f698a28462d42ac,train
patok_v2,valid,n112_PNG_jpg.rf.c5316e0f73c446ae41d4062f0f0e07bf,train
patok_v2,valid,n113_PNG_jpg.rf.6bc76f3070ef640a66106c606a3f74db,train
patok_v2,valid,n113_PNG_jpg.rf.c981b402ce638ba465fdc325f91f4a44,train
patok_v2,valid,n119_PNG_jpg.rf.fdfd8639cd45d04785b2c27ff5d43a9c,train
patok_v2,valid,n11_PNG_jpg.rf.323e525c980025e6913959924545d708,train
patok_v2,valid,n11_PNG_jpg.rf.a75ca77c0b6bf4918ba4072bf3b61897,train
patok_v2,valid,n121_PNG_jpg.rf.3a85a4d0a9f4399671bc4a17d8ebbce4,train
patok_v2,valid,n121_PNG_jpg.rf.e3a2ba842b5fb16662b5eb94a90af9ff,train
patok_v2,valid,n122_PNG_jpg.rf.d32473a2f9e9dc9f0dd9b384c4dafa4e,valid
patok_v2,valid,n124_PNG_jpg.rf.e8cd8f4fc233d79a82cb39ab1e68c89e,test
patok_v2,valid,n125_PNG_jpg.rf.d0bc754dd558156c2f9c932931c750a2,train
patok_v2,valid,n126_PNG_jpg.rf.3b355dd572d916c5f00ea88a48fc064c,train
patok_v2,valid,n12_PNG_jpg.rf.958ca40f7b69b06668c375c37afdb351,train
patok_v2,valid,n134_PNG_jpg.rf.b85ccc6dbb6c8990aa74460565c119a7,train
patok_v2,valid,n135_PNG_jpg.rf.14435edd344b78309526866479b79c4d,train
patok_v2,valid,n137_PNG_jpg.rf.9eb71fc27d56fbcb2347d682e1663c98,train
patok_v2,valid,n137_PNG_jpg.rf.b10486ccf791e0c22090ce3abd32a9dc,train
patok_v2,valid,n141_PNG_jpg.rf.79b38abb33f762c0d3d571c210188f7b,train
patok_v2,valid,n142_PNG_jpg.rf.4996dd8ee181f4fd718edb224c3be8a2,train
patok_v2,valid,n149_PNG_jpg.rf.2f45c93901e928835fcea2f8f56b469a,train
patok_v2,valid,n149_PNG_jpg.rf.5a6da92afad1e9741e25f5940b5867f8,test
patok_v2,valid,n150_PNG_jpg.rf.dcc83b138cb1c2900c5a6e5670f590d9,train
patok_v2,valid,n151_PNG_jpg.rf.7eb9ea4f836b99215cc4769381df2b86,train
patok_v2,valid,n153_PNG_jpg.rf.e151fec6e2a3c7f23f8285ada1d3d131,valid
patok_v2,valid,n16_PNG_jpg.rf.8ef526c953b11f6c642a7148a1ff31a4,train
patok_v2,valid,n1_PNG_jpg.rf.a919c1dba3534f523f1f7b342cbcd9bd,train
patok_v2,valid,n21_PNG_jpg.rf.4d2eb3bf7f443e72fc197a887c432af3,train
patok_v2,valid,n27_PNG_jpg.rf.c5388a4a6febfb1d105f6133c977d69b,train
patok_v2,valid,n27_PNG_jpg.rf.c6f7c7afd3859b3e2bb896b6f491951b,train
patok_v2,valid,n33_PNG_jpg.rf.4886e4d95df063d99819beb610a760f2,train
patok_v2,valid,n36_PNG_jpg.rf.506fc45c3013c6c0f07b81536769bfc7,train
patok_v2,valid,n37_PNG_jpg.rf.10b6cca67efa78a2a5896ffbf67c9f7a,train
patok_v2,valid,n38_PNG_jpg.rf.7a3720f93b858dbf3f88f0bedc8b8cbc,train
patok_v2,valid,n3_PNG_jpg.rf.a3d30c99eb60e7864bb02f979a52dfe1,train
patok_v2,valid,n46_PNG_jpg.rf.889db396db7490827c7138813b1c5a0f,train
patok_v2,valid,n51_PNG_jpg.rf.1a943e71783e7b151ecfbdb855b167bd,train
patok_v2,valid,n52_PNG_jpg.rf.98bb0f26039abf967110cd0e9abce9d9,train
patok_v2,valid,n54_PNG_jpg.rf.afa064e2d6ced9744e623d9d907e7367,test
patok_v2,valid,n55_PNG_jpg.rf.4a0d2bfe8ccdcac03e5cbe55e49064a1,train
patok_v2,valid,n56_PNG_jpg.rf.6f9a8416f9919b3c9956c467eeab397a,train
patok_v2,valid,n64_PNG_jpg.rf.091538b38d986773221f59201bc90634,train
patok_v2,valid,n65_PNG_jpg.rf.3f2232a0b0a8b45cc9ae294db532b70d,train
patok_v2,valid,n73_PNG_jpg.rf.86a234e78f5a8af7bdd1774a56bc9f9e,train
patok_v2,valid,n74_PNG_jpg.rf.2a5ed262a1849dfea3fefb00b97e42b3,train
patok_v2,valid,n79_PNG_jpg.rf.c5436e0ff4306e0221a741e1731a8c73,train
patok_v2,valid,n81_PNG_jpg.rf.d2f0767e2734d5145ce2618e037b9f95,train
patok_v2,valid,n83_PNG_jpg.rf.14fa9201b9cbc4277442c264a9436ee8,train
patok_v2,valid,n84_PNG_jpg.rf.ccda331e6afa9c0bb941258bdd7b4802,valid
patok_v2,valid,n86_PNG_jpg.rf.cfcd1c84dcb4dadb20a4a3440b49c5ec,train
patok_v2,valid,n92_PNG_jpg.rf.f8ca7e353cf7b6eac3b37455fef1c478,train
patok_v2,valid,n94_PNG_jpg.rf.734a8b5a86f90700b4c450c3fd6f9923,train
patok_v2,valid,n95_PNG_jpg.rf.48446baa21aa8dc261ee56f2be3c1c1a,train
patok_v2,valid,n98_PNG_jpg.rf.8e2c4059cae2cc74ff8376deb91351f2,train
patok_v2,valid,n99_PNG_jpg.rf.ca08e3d6a1ba25d5b0288a49bc7d454d,train
patok_v2,valid,noseatbelt100_jpeg_jpg.rf.9c54476ac089bdeb4fabc857eed0f093,valid
patok_v2,valid,noseatbelt100_jpeg_jpg.rf.a0f85a26e154075ffb5907b6891de1a4,train
patok_v2,valid,noseatbelt100_jpeg_jpg.rf.abd7cb1802a5042e86f611786dc96d30,train
patok_v2,valid,noseatbelt104_jpeg_jpg.rf.74bdbda9ff67a886bbc4133d45aeed6e,test
patok_v2,valid,noseatbelt108_jpeg_jpg.rf.28462756040e5ac7c0ecefec53767771,train
patok_v2,valid,noseatbelt108_jpeg_jpg.rf.b2a33c9bd6ec1ba271446d8399348281,valid
patok_v2,valid,noseatbelt10_jpeg_jpg.rf.ea5d4d2a34fc9c8314ef04d78fdc2be0,train
patok_v2,valid,noseatbelt117_jpeg_jpg.rf.c6fe830f7e197481385592f75ea0b943,train
patok_v2,valid,noseatbelt117_jpeg_jpg.rf.f55034c4bbe054855a29d8c68e600f58,train
patok_v2,valid,noseatbelt149_jpeg_jpg.rf.0da669a2495c6b4e6194f9d48d0aa48e,train
patok_v2,valid,noseatbelt149_jpeg_jpg.rf.f70523602696531320e72ddcc76ea5a2,train
patok_v2,valid,noseatbelt14_jpeg_jpg.rf.520e69fd22bd69239429ae7f4465919c,train
patok_v2,valid,noseatbelt14_jpeg_jpg.rf.7f91419ab907f9bf59ec6f37a9f207db,train
patok_v2,valid,noseatbelt14_jpeg_jpg.rf.84f4680ea71cb5abbc09c07d2df59546,train
patok_v2,valid,noseatbelt14_jpeg_jpg.rf.9d329d899a3ebce5c2adb510e42d1be1,valid
patok_v2,valid,noseatbelt14_jpeg_jpg.rf.ceb28ca80ab6e6747583e20b8ad807bb,valid
patok_v2,valid,noseatbelt14_jpeg_jpg.rf.f4c79ba36816f96d74e553d5091d4a37,train
patok_v2,valid,noseatbelt154_jpeg_jpg.rf.077b499ab4f2009b7df406b0e3b77eac,train
patok_v2,valid,noseatbelt154_jpeg_jpg.rf.4579d0db00ddf540173de70e2c27ac46,train
patok_v2,valid,noseatbelt154_jpeg_jpg.rf.6c2d29ca4e28feecb07a60092b6bac71,train
patok_v2,valid,noseatbelt154_jpeg_jpg.rf.6ed1601a7fed292abcd6e100ebcf5b89,train
patok_v2,valid,noseatbelt154_jpeg_jpg.rf.df89884dab4ef13bfcbdc5fbb712645c,train
patok_v2,valid,noseatbelt16_png_jpg.rf.0c88bfe261a6c48049161aa44b750e6d,train
patok_v2,valid,noseatbelt16_png_jpg.rf.34e43de42a99ee7aab8ab1fc3dd5a920,valid
patok_v2,valid,noseatbelt174_jpeg_jpg.rf.171b0be0c2083eab08f5da2780d2838c,train
patok_v2,valid,noseatbelt18_jpeg_jpg.rf.23241e3c517a666a084d7049e3802cb8,train
patok_v2,valid,noseatbelt18_jpeg_jpg.rf.3c10ad1a94859803f2f050cfa363a085,test
patok_v2,valid,noseatbelt190_jpeg_jpg.rf.1e10c0fa81a79cc0b36af630280226c2,train
patok_v2,valid,noseatbelt190_jpeg_jpg.rf.c40141ffe8d3fdec243d78ccf2ce696b,train
patok_v2,valid,noseatbelt190_jpeg_jpg.rf.d465c11563dd9b83cf4b0a90271a171b,train
patok_v2,valid,noseatbelt20_jpeg_jpg.rf.1619d3e915754f3c9778134b6284679d,train
patok_v2,valid,noseatbelt20_jpeg_jpg.rf.5b5d32ac3880b6552ecc99e03d664d25,train
patok_v2,valid,noseatbelt20_jpeg_jpg.rf.73e59e57f19e3a82177cce398f118763,train
patok_v2,valid,noseatbelt22_jpeg_jpg.rf.95d1874db4866af2ab76ddcdb003c463,train
patok_v2,valid,noseatbelt22_jpeg_jpg.rf.b5b632a9e5cd2043a84c67dad06ef889,train
patok_v2,valid,noseatbelt22_jpeg_jpg.rf.f7da59c0d1d627ca0158cdcc9ff0e597,train
patok_v2,valid,noseatbelt2_jpeg_jpg.rf.45ad5f9f2e14f3fd34b39fa88f9be4fb,train
patok_v2,valid,noseatbelt2_jpeg_jpg.rf.5e54396b8ec57821a1ea642193f8ba89,train
patok_v2,valid,noseatbelt2_jpeg_jpg.rf.88e9e641dedb4703f353cdd23b2a2b43,train
patok_v2,valid,noseatbelt2_jpeg_jpg.rf.8b36de987a691d4db20264dc7685c889,train
patok_v2,valid,noseatbelt30_jpeg_jpg.rf.010d33de04aa81d3a8b868040d2a7930,train
patok_v2,valid,noseatbelt30_jpeg_jpg.rf.76cdd52547eb7cf0fe8a35597c74aefe,train
patok_v2,valid,noseatbelt30_jpeg_jpg.rf.aab5f4a32b818498cc24683ebba2148d,valid
patok_v2,valid,noseatbelt3_jpeg_jpg.rf.d367cdd1684bbfeadefd9b687531b729,train
patok_v2,valid,noseatbelt3_jpeg_jpg.rf.dac35be9f457bc1203d4a8c8761b6275,train
patok_v2,valid,noseatbelt40_jpeg_jpg.rf.52fbcf3e94966f420b136a481928e428,train
patok_v2,valid,noseatbelt40_jpeg_jpg.rf.e026a9666728ea9d5c2549c2401393ab,train
patok_v2,valid,noseatbelt41_jpeg_jpg.rf.6d74d954fd09c9c6ee3217cece89edef,train
patok_v2,valid,noseatbelt41_jpeg_jpg.rf.b6102fa793792344a466f4c9657b324e,valid
patok_v2,valid,noseatbelt41_jpeg_jpg.rf.ebf7b61baea7bebe07f1221f091f5838,train
patok_v2,valid,noseatbelt45_jpeg_jpg.rf.12a0de786bd2732e4d1192e77aad0735,train
patok_v2,valid,noseatbelt45_jpeg_jpg.rf.8ac69731351baebe0135e4f960d4fd64,valid
patok_v2,valid,noseatbelt50_jpeg_jpg.rf.162104452eb22a3d7542a2d6318ef23d,train
patok_v2,valid,noseatbelt5_jpeg_jpg.rf.7b89459c89e1db65fb209e1650115278,train
patok_v2,valid,noseatbelt5_jpeg_jpg.rf.909a2b3c5db8f78bf765a07fd1880dae,train
patok_v2,valid,noseatbelt67_jpeg_jpg.rf.1297c05c500c63aaf01dd84daa1b214a,train
patok_v2,valid,noseatbelt67_jpeg_jpg.rf.472dbf09ec245e730d2c305480d326ae,train
patok_v2,valid,noseatbelt67_jpeg_jpg.rf.6bb6d9aef33477776196b7bd2ae4192c,train
patok_v2,valid,noseatbelt67_jpeg_jpg.rf.da71f869fda279a4560e138c712525cb,train
patok_v2,valid,noseatbelt6_jpeg_jpg.rf.5549a105b27ccae6b81994d0f3308cb5,train
patok_v2,valid,noseatbelt6_jpeg_jpg.rf.f890271ba78704613a80dc7597926e5d,train
patok_v2,valid,opencv_frame_100-10-_png.rf.e849a1233c3dd7837cb9534f10fb4baf,train
patok_v2,valid,opencv_frame_100-6-_png.rf.d47c08d928fdbbc4cfd1d1e4878d7f25,train
patok_v2,valid,opencv_frame_103-4-_png.rf.67748a700d66c033936b00e04a50bd31,train
patok_v2,valid,opencv_frame_103-7-_png.rf.127f3580a6b2d24d66e91184aeabd955,train
patok_v2,valid,opencv_frame_104-6-_png.rf.187c5f9434a1be8fdab3d696dc886369,train
patok_v2,valid,opencv_frame_105-2-_png.rf.7a6660b584d0a52b2cdf294d95a3d233,test
patok_v2,valid,opencv_frame_106-6-_png.rf.255c1d02715963f6e97d274d7dc24a5e,train
patok_v2,valid,opencv_frame_107-3-_png.rf.85f12f7d9bda975167e24e1f6d30139b,train
patok_v2,valid,opencv_frame_108-2-_png.rf.7036608acd818888bd273e22b52eb577,train
patok_v2,valid,opencv_frame_108-3-_png.rf.857779af6b653bc77e2ecd674a210109,train
patok_v2,valid,opencv_frame_110_png.rf.52e5652d4f0e411287662116ec298572,train
patok_v2,valid,opencv_frame_112-2-_png.rf.46fba3dc9e3a49cee9bdce86712a864e,train
patok_v2,valid,opencv_frame_112-3-_png.rf.91534fa730f24c5000ca5aeab64e213c,train
patok_v2,valid,opencv_frame_113-2-_png.rf.71d00846bac645b009778c8eefeba19e,valid
patok_v2,valid,opencv_frame_115-5-_png.rf.b29672eea7c27d62c2cc8dc73339741f,train
patok_v2,valid,opencv_frame_115-7-_png.rf.5e3cc3de9709f74d51be2ae98415daab,train
patok_v2,valid,opencv_frame_117-2-_png.rf.03e2d603e646d3696f64fbfd7d2681cf,test
patok_v2,valid,opencv_frame_118-3-_png.rf.e21b496e22b479e433e96b7bfb2bfebe,test
patok_v2,valid,opencv_frame_118-4-_png.rf.fcdaf87b009a8c01cbc12b6313994448,train
patok_v2,valid,opencv_frame_119-7-_png.rf.cb1a7a9392290c3762c0ee1475a5053b,train
patok_v2,valid,opencv_frame_120-2-_png.rf.dd4a9d3509ce1c1f336aaee4bc593871,train
patok_v2,valid,opencv_frame_123-4-_png.rf.9d890ee2bc36135edd803053da5c6158,train
patok_v2,valid,opencv_frame_126-4-_png.rf.d3051c66d723cd8a68dd98f5acc6a492,train
patok_v2,valid,opencv_frame_126-5-_png.rf.3d34cbed777eefe5f330b73f33e451f8,valid
patok_v2,valid,opencv_frame_127-3-_png.rf.699ebec00f9c32d58d6c9082fa456f49,train
patok_v2,valid,opencv_frame_132-4-_png.rf.3f2302e2e9cdd53fa61ee16ec730573f,train
patok_v2,valid,opencv_frame_133-4-_png.rf.21982341708a9921e186890e0f0abb1a,train
patok_v2,valid,opencv_frame_136-4-_png.rf.e4dc48a52453f35ce16f1db9dfee6ed7,test
patok_v2,valid,opencv_frame_139-3-_png.rf.58506a7930aca22a73226922e01678ae,train
patok_v2,valid,opencv_frame_140-5-_png.rf.74b06222499d35b2d1722a1c9c453c30,train
patok_v2,valid,opencv_frame_142-2-_png.rf.fd2532ca4f11ce07b03c9c282b28712d,train
patok_v2,valid,opencv_frame_142-3-_png.rf.2f4816668e08753eee11cbe82bbc4116,train
patok_v2,valid,opencv_frame_142-5-_png.rf.4bc83a7803f2bdd3381b7a8996d8c64a,train
patok_v2,valid,opencv_frame_143-5-_png.rf.9bc670dd7d165586a49a3b6780440b8b,test
patok_v2,valid,opencv_frame_144-2-_png.rf.406e8ff8dc09a7944967b479e76ba434,train
patok_v2,valid,opencv_frame_145-4-_png.rf.fffb95a6a4006d54477b3e4ee85fe89b,train
patok_v2,valid,opencv_frame_146-4-_png.rf.c62e1d6c8e8cb98c0e7d8e466b89b113,train
patok_v2,valid,opencv_frame_148-2-_png.rf.31aa413fc8a07840ab9fc7a179e12e68,valid
patok_v2,valid,opencv_frame_149-4-_png.rf.ccc03c592b7d36e5db6246a769dc5c38,valid
patok_v2,valid,opencv_frame_161-4-_png.rf.49d29d6c59dcd890d72d189e4bcd9539,train
patok_v2,valid,opencv_frame_163_png.rf.f78cc6ba5320869dbb365140fc483ed0,train
patok_v2,valid,opencv_frame_27-12-_png.rf.97be0fbd2a62f11a4e4459e187694488,train
patok_v2,valid,opencv_frame_27-4-_png.rf.4d3a42cf968165f01a729db40248fb92,train
patok_v2,valid,opencv_frame_28-11-_png.rf.03845086f8a76138a48fe6cc0328a037,train
patok_v2,valid,opencv_frame_29-7-_png.rf.6c22fa270517428ff29a2b9ed9ebb474,train
patok_v2,valid,opencv_frame_30-13-_png.rf.100e801696b8ac48e1690fb85f2f069f,train
patok_v2,valid,opencv_frame_31-5-_png.rf.9943c7bc80ec92bcf542bf135eed5721,test
patok_v2,valid,opencv_frame_31-7-_png.rf.702e549aec79c3121099ae7a64614129,train
patok_v2,valid,opencv_frame_32-13-_png.rf.7fb9fbd656be18f194f2d10a1d2b62f9,train
patok_v2,valid,opencv_frame_33-6-_png.rf.46aa75f5346f1fbdfd5784a3586fd0cd,train
patok_v2,valid,opencv_frame_36-8-_png.rf.8ac0d84f4c6cceff4ad8ea9eee0a5ca5,train
patok_v2,valid,opencv_frame_37-5-_png.rf.f9c05f3930a9a218a984a1a7d3e19de5,train
patok_v2,valid,opencv_frame_38-7-_png.rf.06ab628e70ff09e19dab25a7ddeb6b5d,train
patok_v2,valid,opencv_frame_40-13-_png.rf.18242087b44ff6dc44677a4f1eb20ad0,valid
patok_v2,valid,opencv_frame_41-12-_png.rf.13dc53e8c6c0fea8b027f023d1e96e2f,train
patok_v2,valid,opencv_frame_41-4-_png.rf.149c14e7ed606a583e9ffa22c047463d,train
patok_v2,valid,opencv_frame_41-7-_png.rf.0fc97e98c195173ff8afd9cb469842f3,train
patok_v2,valid,opencv_frame_44-12-_png.rf.74033fdf9ebb24cfcc372c730e5444c5,train
patok_v2,valid,opencv_frame_45-12-_png.rf.bb241f98fc7d86638ff788731a9ac8d0,test
patok_v2,valid,opencv_frame_45-3-_png.rf.3b4b1e340d045d03c5ce2bc2e2e8ca3d,train
patok_v2,valid,opencv_frame_46-12-_png.rf.234b2752ee15e44c5f2c32cfac1d762f,train
patok_v2,valid,opencv_frame_47-12-_png.rf.034b126485508055d26d7cc13725bcb1,train
patok_v2,valid,opencv_frame_47-5-_png.rf.1923658006d20debdeb07fabf87b8a0a,train
patok_v2,valid,opencv_frame_49-14-_png.rf.abc015ec5d0432f25ab838a00521fc8b,train
patok_v2,valid,opencv_frame_49-6-_png.rf.f419fe0f2c759ed8f8bff0de226b3348,train
patok_v2,valid,opencv_frame_51-6-_png.rf.ae901481be513a3d8c37b59f86927ffb,train
patok_v2,valid,opencv_frame_52-12-_png.rf.995c3c598b8a952211b61d3a5387aea8,train
patok_v2,valid,opencv_frame_53-12-_png.rf.61b4888eb9da053819c31738affa5b4e,train
patok_v2,valid,opencv_frame_53-9-_png.rf.bbd9c0e17b77e93f4c280b70e0d5f5b7,train
patok_v2,valid,opencv_frame_54-12-_png.rf.4ad08516f281153122614830f0882095,train
patok_v2,valid,opencv_frame_54-3-_png.rf.b9f1e1170f716ea45abf354caa224640,train
patok_v2,valid,opencv_frame_54-5-_png.rf.6fc8acdacbfdcfb09e36528b268f9787,train
patok_v2,valid,opencv_frame_57-6-_png.rf.7144ad9eb9eb097f483b93cda8aa3965,train
patok_v2,valid,opencv_frame_57-7-_png.rf.264fee3c9a67620fd62dbb13e08ab559,train
patok_v2,valid,opencv_frame_58-6-_png.rf.074fbaf51265cbc90fa1b73f8d01c7c0,train
patok_v2,valid,opencv_frame_59-12-_png.rf.06af120ff43d30d1b397923d14233f18,test
patok_v2,valid,opencv_frame_59-5-_png.rf.55729343737ebb3d05ef37f187fff72d,test
patok_v2,valid,opencv_frame_60-11-_png.rf.a470a072d24c9688a4c680c62ff550ef,valid
patok_v2,valid,opencv_frame_64-5-_png.rf.fcf8271bc58c4ec5ad17e14626e34a13,valid
patok_v2,valid,opencv_frame_64-6-_png.rf.1d161fba6b9489e59b4db7fe4a061d01,train
patok_v2,valid,opencv_frame_66-4-_png.rf.96fc900fd8954ec152d59fb7d66ee9c4,valid
patok_v2,valid,opencv_frame_68-10-_png.rf.2b8267a6d5b995a5f8c077cc8808e816,test
patok_v2,valid,opencv_frame_68-6-_png.rf.1a8a1eaf7a9bb13d0e3c350a5e42d9e7,train
patok_v2,valid,opencv_frame_70-7-_png.rf.d2c9f72591e70fefc44d71a06b7669e7,train
patok_v2,valid,opencv_frame_72-5-_png.rf.8594139b9492fe65ac890a4630d4ec78,train
patok_v2,valid,opencv_frame_73-3-_png.rf.8dd8c5f7a4bf06e2f5efc1dcb1ed022f,valid
patok_v2,valid,opencv_frame_73-8-_png.rf.bc7d2c96643e81931268b38e03fb9040,train
patok_v2,valid,opencv_frame_75-12-_png.rf.1ae4902fff3d73e7f49b6db649f7e421,train
patok_v2,valid,opencv_frame_75-2-_png.rf.c5a40165d558e89546a73e55be84dbbb,train
patok_v2,valid,opencv_frame_75-8-_png.rf.a7f482ed8c8d5277fa35ed55ab488425,train
patok_v2,valid,opencv_frame_77-3-_png.rf.77b0397f387b34d4f23801c9e07f5df8,train
patok_v2,valid,opencv_frame_78-5-_png.rf.82c4456eb02e574a3ca040e9891f6805,train
patok_v2,valid,opencv_frame_78-6-_png.rf.329a502479d0527accdc7302607329d4,train
patok_v2,valid,opencv_frame_79-12-_png.rf.835dc36dfc11adec46ded929d9560297,train
patok_v2,valid,opencv_frame_79-3-_png.rf.d36fff2dcc390338431381907c0baded,train
patok_v2,valid,opencv_frame_79-4-_png.rf.4cff34c573760e77155d54389f2924ee,train
patok_v2,valid,opencv_frame_80-14-_png.rf.963949307872859ebcf05b1bcf56df83,train
patok_v2,valid,opencv_frame_80-6-_png.rf.a76518e7aa0bcbdd3a69a1480ae289e4,train
patok_v2,valid,opencv_frame_81-12-_png.rf.9c1f315d834dc243b1a2edef8e0e1949,test
patok_v2,valid,opencv_frame_81-4-_png.rf.8fcbe016ac538dca602720823adf71b5,train
patok_v2,valid,opencv_frame_83-2-_png.rf.530d770998a3c82580a6b8003f15b4a5,test
patok_v2,valid,opencv_frame_84-3-_png.rf.702c90f8951b955346ef7119f87e5223,test
patok_v2,valid,opencv_frame_88-2-_png.rf.6ec56146ec22b1a4b24be83802fcfecb,train
patok_v2,valid,opencv_frame_90-10-_png.rf.6d61a26b1fa349cefbb662cf77868839,train
patok_v2,valid,opencv_frame_93-12-_png.rf.da1c7ac16d8be7ab3086ca93c7dbf8cd,train
patok_v2,valid,opencv_frame_93-6-_png.rf.2d52c04017df1624117b6fb3155139bb,train
patok_v2,valid,opencv_frame_95-9-_png.rf.a49dc07ab59cda841f56427e035bc1c7,train
patok_v2,valid,opencv_frame_98-3-_png.rf.4e8ac7c8008ab6fbe1ea7b1b7a750db2,train
patok_v2,valid,opencv_frame_99-6-_png.rf.74c15bf8280ecf3626b00e3f19f15555,valid
patok_v2,valid,opencv_frame_99-9-_png.rf.9e63b269e70c3cc0e88e7f40d48f07b5,train
patok_v2,valid,peopledriving0_jpeg_jpg.rf.58806c33f5d0202be4c10c4f1e0959f9,train
patok_v2,valid,peopledriving0_jpeg_jpg.rf.68c8d71a2c40b89037abba16d4e3c0a7,test
patok_v2,valid,peopledriving0_jpeg_jpg.rf.ca360ade55667142e84742f85123cab1,train
patok_v2,valid,peopledriving0_jpeg_jpg.rf.e25f4e9051f89a5bbe2b4a31e4dc7833,train
patok_v2,valid,peopledriving106_jpeg_jpg.rf.e6c28f9ad8d65a77faa28b0ec2bb6a12,train
patok_v2,valid,peopledriving109_jpeg_jpg.rf.1531728245216af22cd84e5eaba35344,train
patok_v2,valid,peopledriving109_jpeg_jpg.rf.3912aa4a02af1611cbdbd2ce9c885408,train
patok_v2,valid,peopledriving109_jpeg_jpg.rf.4dc02fdacf0b84347769f8e7937c8067,train
patok_v2,valid,peopledriving109_jpeg_jpg.rf.86c2b0615d7575f7dac976824d7c0074,train
patok_v2,valid,peopledriving109_jpeg_jpg.rf.d7a6d5c947ac5a25358d4f440a1cd0bb,train
patok_v2,valid,peopledriving109_jpeg_jpg.rf.f5f705e165ce01f33d8e4b0298f03b3a,train
patok_v2,valid,peopledriving115_jpeg_jpg.rf.bd00b10fce7e75b4bdab72b84f506d66,train
patok_v2,valid,peopledriving117_jpeg_jpg.rf.6789742175b7a4d9465576b2c6607c34,train
patok_v2,valid,peopledriving132_jpeg_jpg.rf.58573fd9b75212ef52da73d6ec5f1435,test
patok_v2,valid,peopledriving132_jpeg_jpg.rf.d1edc6a29bed1fc36efd37d901cc3e72,test
patok_v2,valid,peopledriving133_jpeg_jpg.rf.50dc192da74792008d444a5e71a31e28,train
patok_v2,valid,peopledriving133_jpeg_jpg.rf.9d231d155fa6ff1397da0a226e1bb169,train
patok_v2,valid,peopledriving133_jpeg_jpg.rf.bd1cb250084cce17fa5a5c08e2e5ee04,valid
patok_v2,valid,peopledriving133_jpeg_jpg.rf.d9af1079ac7d6fa0c3a1e2ca9dd377f3,train
patok_v2,valid,peopledriving136_jpeg_jpg.rf.1be373fc010c83ad30dd66e28147625d,train
patok_v2,valid,peopledriving138_jpeg_jpg.rf.2d1e7790d744023ec100342c4387cdf8,train
patok_v2,valid,peopledriving138_jpeg_jpg.rf.51fbfc1ca24712125569c5af146c5a08,train
patok_v2,valid,peopledriving13_jpeg_jpg.rf.f5e64ffc8d3289009f3a5a48c75d99f0,train
patok_v2,valid,peopledriving140_jpeg_jpg.rf.a833962797a52dedb11246e9505bc8d6,train
patok_v2,valid,peopledriving144_jpeg_jpg.rf.17e882b38ecef1b4b939303dacf1aa24,train
patok_v2,valid,peopledriving144_jpeg_jpg.rf.dcf040f54af4bd1674d19ca92dae635c,test
patok_v2,valid,peopledriving14_jpeg_jpg.rf.74f02361ea09f844ab556b6212a5f52c,train
patok_v2,valid,peopledriving14_jpeg_jpg.rf.e336f2539d92521fe665ce70128beb23,train
patok_v2,valid,peopledriving14_jpeg_jpg.rf.f0b24c9d50c451c2859b769c2ccd166b,train
patok_v2,valid,peopledriving152_jpeg_jpg.rf.b36eb68a937079009a3d4798b0058eb1,train
patok_v2,valid,peopledriving153_jpeg_jpg.rf.2b20d3976155f30f3748438570f2aa72,train
patok_v2,valid,peopledriving160_jpeg_jpg.rf.735640c4cd1bff075f01f525749a32a3,train
patok_v2,valid,peopledriving160_jpeg_jpg.rf.d531daa019da1a5a6196c36829e5d674,train
patok_v2,valid,peopledriving168_jpeg_jpg.rf.c6f1c49e5430ef1b5e8bac2a465daffe,train
patok_v2,valid,peopledriving171_jpeg_jpg.rf.6cacf261439647c99d14336072c26fc0,valid
patok_v2,valid,peopledriving171_jpeg_jpg.rf.9c98b4f2fcc65541e74c691401259596,test
patok_v2,valid,peopledriving17_png_jpg.rf.956a052775c57a111dca73c0bae831ee,train
patok_v2,valid,peopledriving17_png_jpg.rf.ad115c8a609a4bb2cd18115e130b485e,test
patok_v2,valid,peopledriving17_png_jpg.rf.b1a313ff58ad20fe9ded286fdc6983e5,train
patok_v2,valid,peopledriving183_jpeg_jpg.rf.339991585a42e525223fbe4720ba67de,train
patok_v2,valid,peopledriving183_jpeg_jpg.rf.720a0ed2418049531da60bc832b95582,test
patok_v2,valid,peopledriving183_jpeg_jpg.rf.fba7f60c6dc5598661b829ad5e4ebefd,train
patok_v2,valid,peopledriving191_jpeg_jpg.rf.36d4aed0c94b24caa42673755baca905,train
patok_v2,valid,peopledriving200_jpeg_jpg.rf.10024e5e4d69063e4adf3afe2c4b1140,train
patok_v2,valid,peopledriving200_jpeg_jpg.rf.3b59a4b4cf1b48c3f0bbb357f09c5f0c,train
patok_v2,valid,peopledriving200_jpeg_jpg.rf.e74c365bf0f9d6d8218fa7f9e5179aa3,train
patok_v2,valid,peopledriving28_jpeg_jpg.rf.a0cc9d7fb287deb49a2ad2ca5c03c24d,train
patok_v2,valid,peopledriving35_jpeg_jpg.rf.82c132688091b5419884c8570575dd85,train
patok_v2,valid,peopledriving35_jpeg_jpg.rf.c0fd29ba1139599efc3b5d8186215132,train
patok_v2,valid,peopledriving41_jpeg_jpg.rf.62727808cc6e8f42c4218c13484a8a9e,train
patok_v2,valid,peopledriving44_jpeg_jpg.rf.1d568bb5df22bb5e03cf87edc7297fe9,train
patok_v2,valid,peopledriving44_jpeg_jpg.rf.aeceb334f39b151efdf4947e76ac0023,train
patok_v2,valid,peopledriving44_jpeg_jpg.rf.ed9e7d0632fc249deec724d9f6446894,train
patok_v2,valid,peopledriving44_jpeg_jpg.rf.fb440e5c60d0c22dea36515b07e8de2e,valid
patok_v2,valid,peopledriving47_jpeg_jpg.rf.7e33050502e5021f2f9a3727c5a381d4,train
patok_v2,valid,peopledriving47_jpeg_jpg.rf.95bf760fcb870f071b9622ea9326764f,train
patok_v2,valid,peopledriving47_jpeg_jpg.rf.a81db31de161c4021db3d02b0091a9ec,train
patok_v2,valid,peopledriving4_jpeg_jpg.rf.6057fcd151ff40cc51b41fdc188ed15a,train
patok_v2,valid,peopledriving4_jpeg_jpg.rf.78f3b284cbfbde3973327770bf7c89ef,train
patok_v2,valid,peopledriving4_jpeg_jpg.rf.c6c8b1fdb24b07163bfa07e946a6d135,train
patok_v2,valid,peopledriving56_jpeg_jpg.rf.becb7d8a3f566febcd95ad4e43255188,train
patok_v2,valid,peopledriving62_jpeg_jpg.rf.7ae78a517b0f4f36c20afee48a7c2a0d,train
patok_v2,valid,peopledriving66_jpeg_jpg.rf.be7ee78250099c4e2d995f9618f054f8,train
patok_v2,valid,peopledriving70_jpeg_jpg.rf.a302524a3a6307c9326baa96e04e4fb2,valid
patok_v2,valid,peopledriving75_jpeg_jpg.rf.912474ed2c319dd3ad5a97b7e611c91d,test
patok_v2,valid,peopledriving75_jpeg_jpg.rf.ecc3002fc8eb3aef5b2c6f8d37ead742,train
patok_v2,valid,peopledriving76_jpeg_jpg.rf.6aee207663f46f331f89cd4703f05351,train
patok_v2,valid,peopledriving76_jpeg_jpg.rf.ff5737e916a2fa984c503f1d24e00871,train
patok_v2,valid,peopledriving86_jpeg_jpg.rf.6cd8250fe2f823c4133490397be6b5c5,train
patok_v2,valid,peopledriving86_jpeg_jpg.rf.9648bb6b916c4516915a507198582669,train
patok_v2,valid,peopledriving92_jpeg_jpg.rf.2a108ce9ed5ae53051103f431445b31c,train
patok_v2,valid,peopledriving92_jpeg_jpg.rf.6eb82dd79d16b47794b3c76665ea31bb,train
patok_v2,valid,peopledriving92_jpeg_jpg.rf.b3339b70085da416d9d3ed26e5e8abcf,train
patok_v2,valid,peopledriving92_jpeg_jpg.rf.bc08f19b8bfc187b233fdf3b0e0ba100,train
patok_v2,valid,peopledriving92_jpeg_jpg.rf.f2e3531349115ba933eebe064de6e6ed,valid
patok_v2,valid,peopleincars0_jpeg_jpg.rf.311cc1480b041fcdbdb39fdc03bd4a9c,valid
patok_v2,valid,peopleincars0_jpeg_jpg.rf.5fc41ac0c04362519b0e7267a6c6ee1d,test
patok_v2,valid,peopleincars0_jpeg_jpg.rf.74d6641bb2c91b25516feb9efe144b8a,train
patok_v2,valid,peopleincars0_jpeg_jpg.rf.7ca5248edace75a5e570304aa6e07780,test
patok_v2,valid,peopleincars118_jpeg_jpg.rf.99475afaf67b07831326d8999d4a3f5e,train
patok_v2,valid,peopleincars12_jpeg_jpg.rf.77445d1f90e930c2c4c7bb335ba9294b,train
patok_v2,valid,peopleincars140_jpeg_jpg.rf.a2d59d2da0e2b4c987a46e5a2690d855,train
patok_v2,valid,peopleincars16_jpeg_jpg.rf.555d882dcfc44d750e6853604c7ebb7b,train
patok_v2,valid,peopleincars16_jpeg_jpg.rf.5d6fff78b736b7e17fe84d458d93db07,train
patok_v2,valid,peopleincars1_jpeg_jpg.rf.957743b51d8ddfac27fe234bc0bce12e,train
patok_v2,valid,peopleincars26_jpeg_jpg.rf.16e0bc45fc3c8e7d1662012459b67580,train
patok_v2,valid,peopleincars28_jpeg_jpg.rf.2ab9a216c689e23a7a467c2220ace83d,train
patok_v2,valid,peopleincars33_jpeg_jpg.rf.1fbf500b0c3a9fbc38e47cc1f958e136,train
patok_v2,valid,peopleincars41_jpeg_jpg.rf.d486973d7f518128454122e9034db26b,train
patok_v2,valid,peopleincars59_jpeg_jpg.rf.5d2e81df959ddebb8c1d22a951d90211,valid
patok_v2,valid,peopleincars60_jpeg_jpg.rf.684ae5a009738c3f6a11f18014324cd5,train
patok_v2,valid,peopleincars79_jpeg_jpg.rf.717bb420c934ed240bcc968d92c5f7ed,train
patok_v2,valid,peopleincars8_jpeg_jpg.rf.08a294b7d2acb9c87c0067a316a89745,train
patok_v2,valid,s11_PNG_jpg.rf.4f615578d72764113848708b243e2585,train
patok_v2,valid,s11_PNG_jpg.rf.7475ae415ab9eb8a9557fa38f00b4e80,test
patok_v2,valid,s12_PNG_jpg.rf.02e13539de0906d46d3b951aa2a99ffe,test
patok_v2,valid,s15_PNG_jpg.rf.05a36d450b4eac097f76cb1e87992809,valid
patok_v2,valid,s16_PNG_jpg.rf.09f80868a225f32c33e58d0aa8255598,train
patok_v2,valid,s19_PNG_jpg.rf.0b6a50b7d43e60a88b7aed19ce60ff56,train
patok_v2,valid,s19_PNG_jpg.rf.347f901b1a37a5cecc43ea94fbdf4298,train
patok_v2,valid,s20_PNG_jpg.rf.8f2aba14cbae4a0edf464e9b1e299ba5,train
patok_v2,valid,s22_PNG_jpg.rf.6fd5a52eedef8e5a20755fb992dafb83,train
patok_v2,valid,s23_PNG_jpg.rf.3d5e7c8ddd002ad9302abad76f96a903,train
patok_v2,valid,s24_PNG_jpg.rf.ea6a7b5eecc78e39db71d4fda1d7dda3,train
patok_v2,valid,s27_PNG_jpg.rf.3d539d2fb368d6b2a39901cd6f97a24c,test
patok_v2,valid,s28_PNG_jpg.rf.a96e15bd78a4bc528c56dabf12c3b133,test
patok_v2,valid,s28_PNG_jpg.rf.d8babf91e9506400a9480fbe41df4823,train
patok_v2,valid,s2_PNG_jpg.rf.2f459c7532e10a1d8c318807fd183a91,train
patok_v2,valid,s2_PNG_jpg.rf.bc14b492be3581eb7a4c8e2a8983fdc5,train
patok_v2,valid,s33_PNG_jpg.rf.51fb1effbd2c27b9f313f4a7de8a9b88,valid
patok_v2,valid,s4_PNG_jpg.rf.468003fd0e0c84c13fa496a67cf8f4be,train
patok_v2,valid,s4_PNG_jpg.rf.8549493546139ba69bb308ae48ec4a12,train
patok_v2,valid,s7_PNG_jpg.rf.17879354ed9884abc1e3ecdbf7b75275,train
patok_v2,valid,s8_PNG_jpg.rf.ef48f766949d0ecfe3cbc48325647b80,train
patok_v2,valid,s9_PNG_jpg.rf.755fa93da1a21e3083ee7f3cb8f88975,test
patok_v2,valid,seatbelt119_jpeg_jpg.rf.8638aeeb9bf85ee85cb9f5ce2c97a741,train
patok_v2,valid,seatbelt11_jpeg_jpg.rf.9d1cc058ca5410a1e377ce700e8e8a81,train
patok_v2,valid,seatbelt11_jpeg_jpg.rf.cd82e5a4304882bfac145efda76bb6e3,train
patok_v2,valid,seatbelt121_jpeg_jpg.rf.5dd4f6c523c1162bef5a370f1974093a,train
patok_v2,valid,seatbelt12_jpeg_jpg.rf.02704f7318e1d9a2adc4ca54f8de44b0,train
patok_v2,valid,seatbelt140_jpeg_jpg.rf.01caa23868617040c338ecdca94e384b,train
patok_v2,valid,seatbelt143_jpeg_jpg.rf.3078cdab0be25b0e5b0c50db4d0807bf,train
patok_v2,valid,seatbelt145_jpeg_jpg.rf.422ee22ab11a1966b02e4b9fb2814da2,train
patok_v2,valid,seatbelt145_jpeg_jpg.rf.8a4d68e6e9654e8db89425df6c5c50fa,train
patok_v2,valid,seatbelt149_jpeg_jpg.rf.3cfbe3d33a1997a46d4225816a7b2c7e,test
patok_v2,valid,seatbelt149_jpeg_jpg.rf.8110b627fcfc06eaa56ecf1d3fb00cec,train
patok_v2,valid,seatbelt153_jpeg_jpg.rf.aafc1d7f0e8bd78f881a74752ec2313e,test
patok_v2,valid,seatbelt164_jpeg_jpg.rf.32bb97f7d3682bfa223158e5e4365c4c,train
patok_v2,valid,seatbelt165_jpeg_jpg.rf.a934a47687974b0637e2464cbf813e09,train
patok_v2,valid,seatbelt232_jpeg_jpg.rf.039d0d8760a7c0c93b7394af27c6c5d0,valid
patok_v2,valid,seatbelt232_jpeg_jpg.rf.5d68c090fa5fdf21ff034fd6707a5522,train
patok_v2,valid,seatbelt235_jpeg_jpg.rf.ce6b02f8bf8de2fb669440c7c3d549c8,test
patok_v2,valid,seatbelt236_jpeg_jpg.rf.8de11e1dfbac30991fa8e6638dd7fa4d,train
patok_v2,valid,seatbelt236_jpeg_jpg.rf.baa1ee177033f6fc8754c955e0e291ae,train
patok_v2,valid,seatbelt277_jpeg_jpg.rf.274fba15e2908ab5699b2a3087f360fe,train
patok_v2,valid,seatbelt285_jpeg_jpg.rf.807f0c1600d844a9f9f0e6e27cc77cc7,test
patok_v2,valid,seatbelt292_jpeg_jpg.rf.0fe236eb8c07a77bff32cef337aa3900,valid
patok_v2,valid,seatbelt295_jpeg_jpg.rf.5c513aaf707a98d5df4028b7ce846a8b,train
patok_v2,valid,seatbelt311_jpeg_jpg.rf.32b555ed1d763c9384d73292e2c7d6c8,test
patok_v2,valid,seatbelt328_jpeg_jpg.rf.df9b0ca8b486556c716fff351ffc71c7,train
patok_v2,valid,seatbelt33_jpeg_jpg.rf.d707771579d221c556f378066ce12c88,train
patok_v2,valid,seatbelt359_jpeg_jpg.rf.2db28dd3a37b11e1323a8967f05f1f77,train
patok_v2,valid,seatbelt38_jpeg_jpg.rf.ea12969523385c4c9de8d247a7ea0758,train
patok_v2,valid,seatbelt40_jpeg_jpg.rf.897e2c49685ac2c57ecb4931203ebaa7,train
patok_v2,valid,seatbelt46_jpeg_jpg.rf.510a2f5dc071ded9c8c93116c9541886,train
patok_v2,valid,seatbelt4_jpeg_jpg.rf.102532b4c578aef5b32082cf78532f55,train
patok_v2,valid,seatbelt4_jpeg_jpg.rf.8a03a7391805bebc5d9704af9208b6fa,valid
patok_v2,valid,seatbelt51_jpeg_jpg.rf.c80f88133bbe66f582a709771fec250c,train
patok_v2,valid,seatbelt58_jpeg_jpg.rf.c8e9bd244d64f0670564acc60753becc,train
patok_v2,valid,seatbelt58_jpeg_jpg.rf.ed03aaa7f9566ea9f7da03b37ae76dfc,test
patok_v2,valid,seatbelt61_jpeg_jpg.rf.4973ff0deb4b27d1d9325d5cf7e93549,train
patok_v2,valid,seatbelt76_jpeg_jpg.rf.1e7d1fb8b02b1f009832c1eb97c7d89f,valid
patok_v2,valid,seatbelt76_jpeg_jpg.rf.1e8672314fa1704cb04c95679b5e8d4b,train
patok_v2,valid,seatbelt81_jpeg_jpg.rf.7a756f32061867d64ca7f6300e62f153,train
patok_v2,valid,seatbelt81_jpeg_jpg.rf.c5a9b54269f66ead769b466ba28f6c93,train
patok_v2,valid,seatbelt97_jpeg_jpg.rf.8c9288cd74fd6f17adc7dab3ab36b688,train
patok_v2,valid,seatbelt9_jpeg_jpg.rf.2b3778725af537ad9936871401931b4d,train
patok_v2,valid,seatbeltselfie0_jpeg_jpg.rf.2a8a3f0dfa56fcd9bc65ca245ad0ed7c,train
patok_v2,valid,seatbeltselfie117_jpeg_jpg.rf.bea898f3e60eed7080632d8955bb43ae,train
patok_v2,valid,seatbeltselfie11_jpeg_jpg.rf.47a5724a9b3bcbff6b57a4690767133f,train
patok_v2,valid,seatbeltselfie11_jpeg_jpg.rf.6734cafb2b01484747b347ac09a42d9d,train
patok_v2,valid,seatbeltselfie120_jpeg_jpg.rf.fb0c945f2ef2f2f38cf12765e9933655,train
patok_v2,valid,seatbeltselfie122_jpeg_jpg.rf.602412793e54794c2ac1f9a3ad54d436,test
patok_v2,valid,seatbeltselfie130_jpeg_jpg.rf.10d323b5b912ba7540242d79abc166e8,train
patok_v2,valid,seatbeltselfie139_jpeg_jpg.rf.e223375bbff931d6c052f96a35135e25,train
patok_v2,valid,seatbeltselfie13_jpeg_jpg.rf.a82cc422b1f1b1ee9ae9ae7db4d27113,valid
patok_v2,valid,seatbeltselfie14_jpeg_jpg.rf.2603d3f051db5399d5718f335a8e4409,train
patok_v2,valid,seatbeltselfie150_jpeg_jpg.rf.d716017a95f16e084cf5814f6ce37057,train
patok_v2,valid,seatbeltselfie150_jpeg_jpg.rf.fb9630ea637f04d7a011e52777c0baa4,valid
patok_v2,valid,seatbeltselfie18_jpeg_jpg.rf.e04871f0b1b7c099f29c2cbd69a56922,train
patok_v2,valid,seatbeltselfie26_jpeg_jpg.rf.6eaf61459cdef5b1071516736f1288c9,test
patok_v2,valid,seatbeltselfie27_jpeg_jpg.rf.3c2687ba3210c315a16d0eb33dbe44f8,test
patok_v2,valid,seatbeltselfie27_jpeg_jpg.rf.d7bdc01c2ea7065ffc9f89f1f71594bd,valid
patok_v2,valid,seatbeltselfie28_jpeg_jpg.rf.133c37cbab9d45e0e0a0cad6c8eb8eee,train
patok_v2,valid,seatbeltselfie2_jpeg_jpg.rf.cd555a37bff8806a289388ce368803c2,train
patok_v2,valid,seatbeltselfie30_jpeg_jpg.rf.738478344fc5bb3daa9efcbb5f4f5673,train
patok_v2,valid,seatbeltselfie31_jpeg_jpg.rf.4731bbd22d8bbfb8be68a8f7c2ef6d1b,train
patok_v2,valid,seatbeltselfie32_jpeg_jpg.rf.bb9b1f525536273b52c7fae92dbf1001,train
patok_v2,valid,seatbeltselfie34_jpeg_jpg.rf.8154c1ab87de9cceda4813b0be5eecaa,train
patok_v2,valid,seatbeltselfie38_jpeg_jpg.rf.795a1e217dbcef821f1d7e1e2565f157,train
patok_v2,valid,seatbeltselfie40_jpeg_jpg.rf.f70264c0610f42e7ed7a4f7485fef9d5,train
patok_v2,valid,seatbeltselfie45_jpeg_jpg.rf.031a85f6e7acf92fbbbcfe13d54eae2e,train
patok_v2,valid,seatbeltselfie47_jpeg_jpg.rf.eb57b75ecd6fa1103924b80e9fe62db2,train
patok_v2,valid,seatbeltselfie4_jpeg_jpg.rf.0e647ed3db7981cffde521dc43c559cc,valid
patok_v2,valid,seatbeltselfie4_jpeg_jpg.rf.eccdd555984e39a571d427c3410207b5,train
patok_v2,valid,seatbeltselfie55_jpeg_jpg.rf.57705e91fe0441ba9c2a5883a46b40f8,train
patok_v2,valid,seatbeltselfie60_jpeg_jpg.rf.bb90dcc48447bbf99e5f42e63cc08837,train
patok_v2,valid,seatbeltselfie61_jpeg_jpg.rf.57fe8862c852b2c457c7a25c04ae324c,train
patok_v2,valid,seatbeltselfie61_jpeg_jpg.rf.eeeaf8a474f1dfecaf396ebffa7ebcc6,train
patok_v2,valid,seatbeltselfie63_jpeg_jpg.rf.f75935a69ac876d166390927e430624c,train
patok_v2,valid,seatbeltselfie64_jpeg_jpg.rf.b076928bb6208cb880055dc74963840b,train
patok_v2,valid,seatbeltselfie6_jpeg_jpg.rf.1390cc42da69d134a252f0b95561fd04,train
patok_v2,valid,seatbeltselfie6_jpeg_jpg.rf.b433995489be5d922f87a09a7f46bec7,train
patok_v2,valid,seatbeltselfie72_jpeg_jpg.rf.49712a32d6e3b23f65ac462e12901032,train
patok_v2,valid,seatbeltselfie72_jpeg_jpg.rf.fb2f26f2716b2257ad5e1823133c2650,train
patok_v2,valid,seatbeltselfie74_jpeg_jpg.rf.9a80b791bdb5fb0699deab44a0865003,train
patok_v2,valid,seatbeltselfie85_jpeg_jpg.rf.f6947a0f68f37dfb6c1d8395ad9fff92,valid
patok_v2,valid,selfieincar100_jpeg_jpg.rf.442f17046dce812faee32be9ea6d14b5,train
patok_v2,valid,selfieincar101_jpeg_jpg.rf.3bffaf4b7e2063491e9f84a35a9cc7c3,train
patok_v2,valid,selfieincar101_jpeg_jpg.rf.8048702dd7b7ecc9964cc2166a15d0a6,train
patok_v2,valid,selfieincar104_jpeg_jpg.rf.303b7de8d344820ad2f8d05b006f0db4,test
patok_v2,valid,selfieincar109_jpeg_jpg.rf.5f637240ebe462befa0e2855227f7bf1,train
patok_v2,valid,selfieincar10_jpeg_jpg.rf.27bac910f9cbc237746a26fa3454832d,train
patok_v2,valid,selfieincar112_jpeg_jpg.rf.4a5cba8dfb5f28da7f8dea38a5a3b5a3,train
patok_v2,valid,selfieincar112_jpeg_jpg.rf.a2efc402e259b166820e8019741753f8,valid
patok_v2,valid,selfieincar118_jpeg_jpg.rf.82e4d4ee8e8627629473fa3afd0266fb,train
patok_v2,valid,selfieincar11_jpeg_jpg.rf.73bb3d585946060a6f373260a1e4003d,train
patok_v2,valid,selfieincar120_jpeg_jpg.rf.2a0c70692e420300c5236c6304ca6dbc,train
patok_v2,valid,selfieincar126_jpeg_jpg.rf.ebd8db93bce752194ec6588347ad79b8,train
patok_v2,valid,selfieincar130_jpeg_jpg.rf.73ffa975685664d0007c9e9d04cf47f0,train
patok_v2,valid,selfieincar132_jpeg_jpg.rf.3307095e2ebde111c45ab9f6d93604a3,train
patok_v2,valid,selfieincar132_jpeg_jpg.rf.755fcbc3643c73a1f96933b6cffcce34,train
patok_v2,valid,selfieincar132_jpeg_jpg.rf.a48d678ff5b1d3ddc51fbafb6143186b,valid
patok_v2,valid,selfieincar142_jpeg_jpg.rf.41f408e3586c05d5aef943730785a158,train
patok_v2,valid,selfieincar142_jpeg_jpg.rf.ca81012c941c103eafb2142d158f1d4e,train
patok_v2,valid,selfieincar151_jpeg_jpg.rf.bdea04ab7bb03a6d9482d7c611e9c0e3,train
patok_v2,valid,selfieincar152_jpeg_jpg.rf.163af32c8df09081e2a3b32a3b2ac0a7,train
patok_v2,valid,selfieincar159_jpeg_jpg.rf.655ec558df254b6b88a58b72ad20706c,train
patok_v2,valid,selfieincar160_jpeg_jpg.rf.bf55b7e880c05c1fc13b854de9a64f05,train
patok_v2,valid,selfieincar161_jpeg_jpg.rf.1e462988319a9e9ec0c0dd86d6c87637,train
patok_v2,valid,selfieincar163_jpeg_jpg.rf.487b621b16b4754a2d4249b469d50301,train
patok_v2,valid,selfieincar167_jpeg_jpg.rf.0d99623b492232e92d943fdced8c582a,train
patok_v2,valid,selfieincar167_jpeg_jpg.rf.294df17d4a6ca3cc2b64e902479b28c1,train
patok_v2,valid,selfieincar176_jpeg_jpg.rf.69f53b12b8f6925665e161773730f8f5,train
patok_v2,valid,selfieincar176_jpeg_jpg.rf.fcb0d00ece59e7175e1ea16fd9498e30,test
patok_v2,valid,selfieincar179_jpeg_jpg.rf.a73d07e551fab57af113564bc5d1b494,train
patok_v2,valid,selfieincar187_jpeg_jpg.rf.e0a5a72b0b47bf2f2106c8e88a59e287,train
patok_v2,valid,selfieincar194_jpeg_jpg.rf.3c53f5c9ec89ecc798fb76008f618065,train
patok_v2,valid,selfieincar197_jpeg_jpg.rf.a4330cdec4e32c292580e2e9e75f8aa7,train
patok_v2,valid,selfieincar198_jpeg_jpg.rf.fafcd5933838cc85c06fce5ebbd3367a,train
patok_v2,valid,selfieincar20_jpeg_jpg.rf.f57550044fd5e0ef6e07fe5432da3a09,test
patok_v2,valid,selfieincar27_jpeg_jpg.rf.49c4616ff9c0bfe30983d677b54a0ee1,train
patok_v2,valid,selfieincar28_jpeg_jpg.rf.652a14a6ae416b5e8aec7f0be68d1a2f,train
patok_v2,valid,selfieincar29_jpeg_jpg.rf.2f795fff002aaa0a4299e595aea97965,train
patok_v2,valid,selfieincar2_jpeg_jpg.rf.4e2dbd333fcebcd175a94050341bb01f,train
patok_v2,valid,selfieincar32_jpeg_jpg.rf.8d423d48803dd563f4ab9049ea12157d,train
patok_v2,valid,selfieincar34_jpeg_jpg.rf.9e59286c470dfc8d715863addbc18c2f,train
patok_v2,valid,selfieincar35_jpeg_jpg.rf.3f379810805f1f9bd2bd59493d17978a,train
patok_v2,valid,selfieincar35_jpeg_jpg.rf.d76b8fbaaf152f5038c8c9b1fa8776d5,train
patok_v2,valid,selfieincar39_jpeg_jpg.rf.10afe00c7d4d6d646930c5ab5fa0c861,test
patok_v2,valid,selfieincar3_jpeg_jpg.rf.1f07aede8af80881aebb9df46867d5f0,valid
patok_v2,valid,selfieincar41_jpeg_jpg.rf.dadaa6973db161d4dea9bca439514983,train
patok_v2,valid,selfieincar44_jpeg_jpg.rf.5eb130c16f0587e510aac2cb5b9e6421,train
patok_v2,valid,selfieincar48_jpeg_jpg.rf.ae1cf2e2e61086f94713bbfed0f93b03,train
patok_v2,valid,selfieincar53_jpeg_jpg.rf.4d692109b3e409944f45f2bd99cf5b74,train
patok_v2,valid,selfieincar55_jpeg_jpg.rf.3d427b237bb63a03b1232477e27fbe40,train
patok_v2,valid,selfieincar59_jpeg_jpg.rf.bfb0a809e625f575b173b981812729df,train
patok_v2,valid,selfieincar61_jpeg_jpg.rf.2f29696eabfc17b2f534f3590101c45c,train
patok_v2,valid,selfieincar67_jpeg_jpg.rf.815428aa018d55594b2832d9d45dfcb1,train
patok_v2,valid,selfieincar72_jpeg_jpg.rf.b97e2684523d70afcd6a5158793b2704,train
patok_v2,valid,selfieincar76_jpeg_jpg.rf.f759511a9353e9cf5313df6795012654,train
patok_v2,valid,selfieincar7_jpeg_jpg.rf.87bcc5916f2915fb022be836e3c76172,train
patok_v2,valid,selfieincar83_jpeg_jpg.rf.0ddf3a6ca8653414bfa0cf63208f916e,train
patok_v2,valid,selfieincar85_jpeg_jpg.rf.b3c68f8c95307afa1e7e9ec16ae38fa9,train
patok_v2,valid,selfieincar9_jpeg_jpg.rf.77f72d06e9f666b2d5d057b3c1269525,train
patok_v2,valid,unsafedriver135_jpeg_jpg.rf.45f320864a0dcc513332beb26f587c65,train
patok_v2,valid,unsafedriver139_jpeg_jpg.rf.968588485b4f124a48ea5a306fe6085a,train
patok_v2,valid,unsafedriver188_jpeg_jpg.rf.557426cb1640d0b97e1f74ddb45bc552,valid
patok_v2,valid,unsafedriver190_jpeg_jpg.rf.ea2e11d3116b20812aa1f915c3cfabc2,train
patok_v2,valid,unsafedriver28_jpeg_jpg.rf.6824d722c80d41520e742f63d099b1a2,test
patok_v2,valid,unsafedriver3_jpeg_jpg.rf.15421c4843e034981718fb0151edf322,train
patok_v2,valid,unsafedriver40_jpeg_jpg.rf.912fc0e4257e8605cb4c15970b213f39,train
patok_v2,valid,unsafedriver40_jpeg_jpg.rf.95dd3a6dca79f886cf74c93eb4ce51e2,train
patok_v2,valid,unsafedriver44_jpeg_jpg.rf.060257dd3c2694f9afc1166dd5d7371d,test
patok_v2,valid,unsafedriver5_jpeg_jpg.rf.935ef5ababa4ae252c5871db91faf6e9,train
patok_v2,valid,unsafedriver6_jpeg_jpg.rf.3aae45e62f4445aef351905d4866c0da,train
patok_v2,valid,unsafedriver72_jpeg_jpg.rf.7a6f3c0e31dc2fd1960fa1d666dd7209,train
patok_v2,valid,unsafedriver92_jpeg_jpg.rf.1a0e333a5ee29db06fffb30a04f2b9a7,train
patok_v2,valid,unsafedriver92_jpeg_jpg.rf.ecd95e071360d648c8ffbbc6024ba528,train
